vendor,tool_name,query,result_index,api_name,title,score,table_markdown,retrieved_at
gildata,FinQuery,五粮液、新乳业、有友食品 近五年PE区间和历史分位数,1,股票价值分析,,,"|股票名称|股票代码|交易日|总市值（亿元）|流通市值（亿元）|市盈率PE(LYR)|市盈率PE(TTM)|市净率PB(MRQ)|市净率PB(LF)|市现率PCF(LYR)|市现率PCF(TTM)|市销率PS(LYR)|市销率PS(TTM)|股息率|滚动股息率|PEG|企业价值(含货币资金)EV1(亿元)|企业价值(剔除货币资金)EV2(亿元)|企业价值倍数EV2/EBITDA|
|----------|----------|----------|----------|----------|----------|----------|----------|----------|----------|----------|----------|----------|----------|----------|----------|----------|----------|----------|
|五粮液|000858.SZ|2026-08-14|2862.69|2862.62|31.97|22.72|2.24|2.43|9.64|25.28|7.06|6.19|11.29|6.99|-95.71|2866.08|1623.49|15.02|
|新乳业|002946.SZ|2026-08-14|136.07|134.5|18.61|17.35|3.56|3.89|9.01|8.32|1.21|1.19|1.8|2.85|62.62|158.97|155.69|11.13|
|有友食品|603697.SH|2026-08-14|41.19|41.19|22.2|20.49|2.24|2.35|10.27|10.18|2.59|2.37|4.57|4.36|-296.19|41.2|39.68|15.4|
|五粮液|000858.SZ|2026-08-13|2915.86|2915.79|32.56|23.14|2.28|2.48|9.82|25.75|7.19|6.3|11.08|6.86|-97.48|2919.25|1676.66|15.51|
|新乳业|002946.SZ|2026-08-13|141.93|140.28|19.41|18.1|3.71|4.06|9.4|8.68|1.26|1.24|1.73|2.73|65.31|164.82|161.55|11.54|
|有友食品|603697.SH|2026-08-13|43.03|43.03|23.19|21.4|2.34|2.45|10.73|10.64|2.71|2.47|4.37|4.17|-309.41|43.04|41.51|16.11|
|五粮液|000858.SZ|2026-08-12|2922.07|2922|32.63|23.19|2.28|2.48|9.84|25.81|7.21|6.31|11.06|6.85|-97.69|2925.46|1682.87|15.57|
|新乳业|002946.SZ|2026-08-12|145.03|143.35|19.84|18.49|3.79|4.15|9.6|8.87|1.29|1.27|1.69|2.67|66.73|167.92|164.65|11.77|
|有友食品|603697.SH|2026-08-12|43.11|43.11|23.23|21.45|2.35|2.45|10.75|10.66|2.71|2.48|4.37|4.17|-310.03|43.12|41.6|16.15|
|五粮液|000858.SZ|2026-08-11|2911.21|2911.14|32.51|23.1|2.27|2.47|9.8|25.71|7.18|6.29|11.1|6.87|-97.33|2914.6|1672.01|15.47|
|新乳业|002946.SZ|2026-08-11|145.89|144.2|19.95|18.6|3.82|4.17|9.66|8.92|1.3|1.27|1.68|2.65|67.13|168.78|165.51|11.83|
|有友食品|603697.SH|2026-08-11|42.85|42.85|23.1|21.32|2.33|2.44|10.69|10.6|2.7|2.46|4.39|4.19|-308.18|42.87|41.34|16.05|
|五粮液|000858.SZ|2026-08-10|2957.4|2957.33|33.03|23.47|2.31|2.51|9.96|26.12|7.3|6.39|10.92|6.77|-98.87|2960.79|1718.2|15.9|
|新乳业|002946.SZ|2026-08-10|146.06|144.37|19.98|18.62|3.82|4.18|9.67|8.93|1.3|1.28|1.68|2.65|67.21|168.95|165.68|11.84|
|有友食品|603697.SH|2026-08-10|43.28|43.28|23.33|21.53|2.36|2.46|10.79|10.7|2.72|2.49|4.35|4.15|-311.26|43.29|41.77|16.21|
|五粮液|000858.SZ|2026-08-07|2915.48|2915.4|32.56|23.14|2.28|2.48|9.81|25.75|7.19|6.3|11.08|6.86|-97.47|2918.86|1676.27|15.51|
|新乳业|002946.SZ|2026-08-07|143.13|141.47|19.58|18.25|3.74|4.09|9.48|8.76|1.27|1.25|1.71|2.71|65.86|166.03|162.75|11.63|
|有友食品|603697.SH|2026-08-07|41.74|41.74|22.5|20.77|2.27|2.38|10.41|10.32|2.63|2.4|4.51|4.3|-300.19|41.75|40.23|15.62|
|五粮液|000858.SZ|2026-08-06|2891.02|2890.95|32.29|22.94|2.26|2.45|9.73|25.53|7.13|6.25|11.17|6.92|-96.65|2894.41|1651.82|15.28|
|新乳业|002946.SZ|2026-08-06|144.59|142.92|19.78|18.44|3.78|4.14|9.58|8.85|1.29|1.26|1.7|2.68|66.54|167.49|164.22|11.73|
|有友食品|603697.SH|2026-08-06|41.61|41.61|22.43|20.7|2.26|2.37|10.38|10.29|2.62|2.39|4.52|4.32|-299.26|41.63|40.1|15.57|
|五粮液|000858.SZ|2026-08-05|2930.61|2930.54|32.73|23.26|2.29|2.49|9.87|25.88|7.23|6.33|11.02|6.83|-97.98|2934|1691.41|15.65|
|新乳业|002946.SZ|2026-08-05|148.9|147.17|20.36|18.98|3.89|4.26|9.86|9.11|1.33|1.3|1.65|2.6|68.52|171.79|168.52|12.04|
|有友食品|603697.SH|2026-08-05|41.7|41.7|22.47|20.75|2.27|2.37|10.4|10.31|2.62|2.4|4.51|4.31|-299.88|41.71|40.19|15.6|
|五粮液|000858.SZ|2026-08-04|2984.18|2984.11|33.33|23.68|2.33|2.53|10.05|26.36|7.36|6.45|10.83|6.71|-99.77|2987.57|1744.98|16.14|
|新乳业|002946.SZ|2026-08-04|148.55|146.83|20.32|18.94|3.89|4.25|9.84|9.09|1.32|1.3|1.65|2.61|68.36|171.45|168.17|12.02|
|有友食品|603697.SH|2026-08-04|41.4|41.4|22.31|20.6|2.25|2.36|10.33|10.24|2.61|2.38|4.55|4.34|-297.73|41.41|39.89|15.48|
|五粮液|000858.SZ|2026-08-03|3029.98|3029.91|33.84|24.05|2.37|2.57|10.2|26.76|7.48|6.55|10.66|6.61|-101.3|3033.37|1790.78|16.57|
|新乳业|002946.SZ|2026-08-03|152.6|150.83|20.87|19.46|3.99|4.36|10.11|9.33|1.36|1.33|1.61|2.54|70.22|175.5|172.22|12.31|
|有友食品|603697.SH|2026-08-03|42.38|42.38|22.84|21.09|2.31|2.41|10.57|10.48|2.67|2.43|4.44|4.24|-304.8|42.39|40.87|15.86|
|五粮液|000858.SZ|2026-07-31|3027.65|3027.58|33.81|24.03|2.37|2.57|10.19|26.74|7.47|6.54|10.67|6.61|-101.22|3031.04|1788.45|16.55|
|新乳业|002946.SZ|2026-07-31|156.99|155.17|21.47|20.02|4.11|4.49|10.4|9.6|1.4|1.37|1.56|2.47|72.24|179.89|176.61|12.62|
|有友食品|603697.SH|2026-07-31|42.56|42.56|22.93|21.17|2.32|2.42|10.61|10.52|2.68|2.44|4.42|4.22|-306.03|42.57|41.04|15.93|
|五粮液|000858.SZ|2026-07-30|3049.39|3049.32|34.06|24.2|2.38|2.59|10.27|26.93|7.52|6.59|10.59|6.56|-101.95|3052.78|1810.19|16.75|
|新乳业|002946.SZ|2026-07-30|153.2|151.43|20.95|19.53|4.01|4.38|10.15|9.37|1.36|1.34|1.6|2.53|70.5|176.1|172.82|12.35|
|有友食品|603697.SH|2026-07-30|41.79|41.79|22.52|20.79|2.27|2.38|10.42|10.33|2.63|2.4|4.5|4.3|-300.49|41.8|40.27|15.63|
|五粮液|000858.SZ|2026-07-29|2917.8|2917.73|32.59|23.16|2.28|2.48|9.82|25.77|7.2|6.3|11.07|6.86|-97.55|2921.19|1678.6|15.53|
|新乳业|002946.SZ|2026-07-29|145.8|144.11|19.94|18.59|3.81|4.17|9.65|8.92|1.3|1.27|1.68|2.66|67.09|168.7|165.42|11.82|
|有友食品|603697.SH|2026-07-29|42.43|42.43|22.86|21.11|2.31|2.42|10.58|10.49|2.67|2.44|4.44|4.23|-305.11|42.44|40.92|15.88|
|五粮液|000858.SZ|2026-07-28|2903.44|2903.37|32.43|23.04|2.27|2.46|9.77|25.64|7.16|6.27|11.13|6.89|-97.07|2906.83|1664.24|15.4|
|新乳业|002946.SZ|2026-07-28|139.77|138.16|19.12|17.82|3.66|4|9.26|8.55|1.24|1.22|1.75|2.77|64.32|162.67|159.4|11.39|
|有友食品|603697.SH|2026-07-28|40.59|40.59|21.87|20.19|2.21|2.31|10.12|10.04|2.55|2.33|4.64|4.43|-291.88|40.6|39.08|15.17|
|五粮液|000858.SZ|2026-07-27|2868.51|2868.44|32.04|22.76|2.24|2.44|9.66|25.34|7.08|6.2|11.26|6.98|-95.9|2871.9|1629.31|15.07|
|新乳业|002946.SZ|2026-07-27|131.86|130.33|18.03|16.81|3.45|3.77|8.73|8.07|1.17|1.15|1.86|2.94|60.67|154.75|151.48|10.82|
|有友食品|603697.SH|2026-07-27|39.3|39.3|21.18|19.55|2.14|2.24|9.8|9.72|2.47|2.26|4.79|4.57|-282.66|39.32|37.79|14.67|
|五粮液|000858.SZ|2026-07-24|2855.7|2855.63|31.89|22.66|2.23|2.42|9.61|25.22|7.05|6.17|11.31|7.01|-95.47|2859.09|1616.5|14.95|
|新乳业|002946.SZ|2026-07-24|132.8|131.27|18.16|16.93|3.47|3.8|8.79|8.12|1.18|1.16|1.85|2.92|61.11|155.7|152.42|10.89|
|有友食品|603697.SH|2026-07-24|38.41|38.41|20.7|19.11|2.09|2.19|9.58|9.5|2.42|2.21|4.9|4.68|-276.2|38.42|36.9|14.32|
|五粮液|000858.SZ|2026-07-23|2905|2904.92|32.44|23.05|2.27|2.47|9.78|25.66|7.17|6.28|11.12|6.89|-97.12|2908.38|1665.79|15.41|
|新乳业|002946.SZ|2026-07-23|135.64|134.07|18.55|17.29|3.55|3.88|8.98|8.3|1.21|1.18|1.81|2.86|62.42|158.54|155.26|11.09|
|有友食品|603697.SH|2026-07-23|39.69|39.69|21.39|19.75|2.16|2.26|9.9|9.81|2.5|2.28|4.74|4.53|-285.42|39.7|38.18|14.82|
|五粮液|000858.SZ|2026-07-22|2901.5|2901.43|32.4|23.03|2.27|2.46|9.77|25.63|7.16|6.27|11.13|6.9|-97|2904.89|1662.3|15.38|
|新乳业|002946.SZ|2026-07-22|134.96|133.39|18.46|17.21|3.53|3.86|8.94|8.26|1.2|1.18|1.82|2.87|62.1|157.85|154.58|11.05|
|有友食品|603697.SH|2026-07-22|39.56|39.56|21.32|19.68|2.15|2.25|9.87|9.78|2.49|2.27|4.76|4.54|-284.5|39.57|38.05|14.77|
|五粮液|000858.SZ|2026-07-21|2887.14|2887.07|32.24|22.91|2.26|2.45|9.72|25.5|7.12|6.24|11.19|6.93|-96.52|2890.53|1647.94|15.25|
|新乳业|002946.SZ|2026-07-21|136.42|134.84|18.66|17.39|3.57|3.9|9.03|8.35|1.21|1.19|1.8|2.84|62.77|159.31|156.04|11.15|
|有友食品|603697.SH|2026-07-21|40.12|40.12|21.62|19.96|2.18|2.28|10.01|9.92|2.52|2.3|4.69|4.48|-288.5|40.13|38.61|14.98|
|五粮液|000858.SZ|2026-07-20|2959.34|2959.27|33.05|23.49|2.31|2.51|9.96|26.14|7.3|6.39|10.92|6.76|-98.94|2962.73|1720.14|15.91|
|新乳业|002946.SZ|2026-07-20|137.88|136.28|18.86|17.58|3.61|3.94|9.13|8.43|1.23|1.2|1.78|2.81|63.45|160.78|157.5|11.25|
|有友食品|603697.SH|2026-07-20|42.21|42.21|22.75|21|2.3|2.4|10.53|10.44|2.66|2.43|4.46|4.26|-303.57|42.22|40.7|15.8|
|五粮液|000858.SZ|2026-07-17|2824.26|2824.19|31.54|22.41|2.21|2.4|9.51|24.94|6.97|6.1|11.44|7.09|-94.42|2827.65|1585.06|14.66|
|新乳业|002946.SZ|2026-07-17|135.56|133.99|18.54|17.28|3.55|3.88|8.98|8.29|1.21|1.18|1.81|2.86|62.38|158.45|155.18|11.09|
|有友食品|603697.SH|2026-07-17|42.64|42.64|22.98|21.21|2.32|2.43|10.63|10.54|2.68|2.45|4.41|4.21|-306.65|42.65|41.13|15.96|
|五粮液|000858.SZ|2026-07-16|2868.51|2868.44|32.04|22.76|2.24|2.44|9.66|25.34|7.08|6.2|11.26|6.98|-95.9|2871.9|1629.31|15.07|
|新乳业|002946.SZ|2026-07-16|136.42|134.84|18.66|17.39|3.57|3.9|9.03|8.35|1.21|1.19|1.8|2.84|62.77|159.31|156.04|11.15|
|有友食品|603697.SH|2026-07-16|44.86|44.86|24.18|22.32|2.44|2.55|11.19|11.09|2.82|2.58|4.19|4|-322.64|44.88|43.35|16.83|
|五粮液|000858.SZ|2026-07-15|2965.55|2965.48|33.12|23.53|2.32|2.32|9.98|26.19|7.32|6.41|10.89|7.52|-99.14|2968.94|1726.35|15.97|
|新乳业|002946.SZ|2026-07-15|132.55|131.01|18.13|16.9|3.47|3.79|8.78|8.11|1.18|1.16|1.85|2.92|60.99|155.44|152.17|10.87|
|有友食品|603697.SH|2026-07-15|45.21|45.21|24.36|22.49|2.46|2.57|11.27|11.18|2.85|2.6|4.16|3.97|-325.1|45.22|43.7|16.96|
|五粮液|000858.SZ|2026-07-14|2849.1|2849.03|31.82|22.61|2.23|2.23|9.59|25.16|7.03|6.16|11.34|7.83|-95.25|2852.49|1609.9|14.89|
|新乳业|002946.SZ|2026-07-14|126.52|125.06|17.3|16.13|3.31|3.62|8.38|7.74|1.13|1.1|1.94|3.06|58.22|149.42|146.14|10.44|
|有友食品|603697.SH|2026-07-14|43.45|43.45|23.42|21.62|2.36|2.47|10.84|10.74|2.73|2.5|4.33|4.13|-312.49|43.46|41.94|16.28|
|五粮液|000858.SZ|2026-07-13|2826.59|2826.52|31.57|22.43|2.21|2.21|9.52|24.97|6.97|6.11|11.43|7.89|-94.5|2829.98|1587.39|14.69|
|新乳业|002946.SZ|2026-07-13|121.18|119.78|16.57|15.45|3.17|3.47|8.02|7.41|1.08|1.06|2.02|3.2|55.76|144.08|140.8|10.06|
|有友食品|603697.SH|2026-07-13|43.62|43.62|23.51|21.7|2.37|2.48|10.88|10.79|2.75|2.51|4.31|4.12|-313.72|43.64|42.11|16.35|
|五粮液|000858.SZ|2026-07-10|2860.36|2860.29|31.94|22.7|2.23|2.24|9.63|25.26|7.06|6.18|11.29|7.8|-95.63|2863.75|1621.16|15|
|新乳业|002946.SZ|2026-07-10|119.81|118.42|16.39|15.28|3.13|3.43|7.93|7.33|1.07|1.05|2.05|3.23|55.13|142.7|139.43|9.96|
|有友食品|603697.SH|2026-07-10|44.05|44.05|23.74|21.92|2.4|2.51|10.99|10.89|2.77|2.53|4.27|4.08|-316.8|44.06|42.54|16.51|
|五粮液|000858.SZ|2026-07-09|2752.06|2751.99|30.73|21.84|2.15|2.15|9.26|24.31|6.79|5.95|11.74|8.11|-92.01|2755.45|1512.86|14|
|新乳业|002946.SZ|2026-07-09|120.75|119.36|16.52|15.4|3.16|3.45|8|7.39|1.07|1.05|2.03|3.21|55.57|143.65|140.37|10.03|
|有友食品|603697.SH|2026-07-09|41.96|41.96|22.61|20.87|2.28|2.39|10.46|10.37|2.64|2.41|4.49|4.28|-301.72|41.97|40.45|15.7|
|五粮液|000858.SZ|2026-07-08|2774.57|2774.51|30.99|22.02|2.17|2.17|9.34|24.51|6.85|6|11.64|8.04|-92.76|2777.96|1535.37|14.2|
|新乳业|002946.SZ|2026-07-08|125.32|123.86|17.14|15.98|3.28|3.58|8.3|7.67|1.12|1.09|1.96|3.09|57.66|148.21|144.94|10.36|
|有友食品|603697.SH|2026-07-08|43.28|43.28|23.33|21.53|2.36|2.46|10.79|10.7|2.72|2.49|4.35|4.15|-311.26|43.29|41.77|16.21|
|五粮液|000858.SZ|2026-07-07|2783.89|2783.82|31.09|22.09|2.17|2.18|9.37|24.59|6.87|6.02|11.6|8.01|-93.07|2787.28|1544.69|14.29|
|新乳业|002946.SZ|2026-07-07|125.23|123.78|17.13|15.97|3.28|3.58|8.29|7.66|1.11|1.09|1.96|3.09|57.62|148.13|144.85|10.35|
|有友食品|603697.SH|2026-07-07|43.11|43.11|23.23|21.45|2.35|2.45|10.75|10.66|2.71|2.48|4.37|4.17|-310.03|43.12|41.6|16.15|
|五粮液|000858.SZ|2026-07-06|2863.07|2863|31.97|22.72|2.24|2.24|9.64|25.29|7.06|6.19|11.28|7.79|-95.72|2866.46|1623.87|15.02|
|新乳业|002946.SZ|2026-07-06|126|124.54|17.23|16.07|3.3|3.6|8.34|7.71|1.12|1.1|1.95|3.07|57.98|148.9|145.62|10.41|
|有友食品|603697.SH|2026-07-06|45.04|45.04|24.27|22.4|2.45|2.56|11.23|11.14|2.83|2.59|4.18|3.99|-323.87|45.05|43.52|16.89|
|五粮液|000858.SZ|2026-07-03|2841.73|2841.66|31.74|22.55|2.22|2.22|9.57|25.1|7.01|6.14|11.37|7.85|-95|2845.11|1602.52|14.83|
|新乳业|002946.SZ|2026-07-03|126|124.54|17.23|16.07|3.3|3.6|8.34|7.71|1.12|1.1|1.95|3.07|57.98|148.9|145.62|10.41|
|有友食品|603697.SH|2026-07-03|43.75|43.75|23.58|21.77|2.38|2.49|10.91|10.82|2.75|2.51|4.3|4.11|-314.64|43.76|42.24|16.4|
|五粮液|000858.SZ|2026-07-02|2852.98|2852.91|31.86|22.64|2.23|2.23|9.6|25.2|7.04|6.16|11.32|7.82|-95.38|2856.37|1613.78|14.93|
|新乳业|002946.SZ|2026-07-02|124.54|123.1|17.03|15.88|3.26|3.56|8.25|7.62|1.11|1.09|1.97|3.11|57.31|147.44|144.16|10.3|
|有友食品|603697.SH|2026-07-02|43.33|43.33|23.35|21.55|2.36|2.47|10.81|10.71|2.73|2.49|4.34|4.15|-311.57|43.34|41.81|16.23|
|五粮液|000858.SZ|2026-07-01|2892.57|2892.5|32.3|22.96|2.26|2.26|9.74|25.55|7.14|6.25|11.17|7.71|-96.7|2895.96|1653.37|15.3|
|新乳业|002946.SZ|2026-07-01|120.93|119.52|16.54|15.42|3.16|3.46|8.01|7.4|1.08|1.06|2.03|3.2|55.64|143.82|140.55|10.04|
|有友食品|603697.SH|2026-07-01|42|42|22.63|20.89|2.29|2.39|10.47|10.38|2.64|2.41|4.48|4.28|-302.03|42.01|40.49|15.72|
|五粮液|000858.SZ|2026-06-30|2872.39|2872.32|32.08|22.8|2.24|2.25|9.67|25.37|7.09|6.21|11.25|7.77|-96.03|2875.78|1633.19|15.11|
|新乳业|002946.SZ|2026-06-30|121.18|119.78|16.57|15.45|3.17|3.47|8.02|7.41|1.08|1.06|2.02|3.2|55.76|144.08|140.8|10.06|
|有友食品|603697.SH|2026-06-30|41.02|41.02|22.1|20.4|2.23|2.34|10.23|10.14|2.58|2.36|4.59|4.38|-294.96|41.03|39.5|15.33|
|五粮液|000858.SZ|2026-06-29|2872.39|2872.32|32.08|22.8|2.24|2.25|9.67|25.37|7.09|6.21|11.25|7.77|-96.03|2875.78|1633.19|15.11|
|新乳业|002946.SZ|2026-06-29|124.63|123.18|17.05|15.89|3.26|3.56|8.25|7.62|1.11|1.09|1.97|3.11|57.35|147.52|144.25|10.31|
|有友食品|603697.SH|2026-06-29|44.18|44.18|23.81|21.98|2.4|2.52|11.02|10.92|2.78|2.54|4.26|4.07|-317.72|44.19|42.67|16.56|
|五粮液|000858.SZ|2026-06-26|2840.17|2840.1|31.72|22.54|2.22|2.22|9.56|25.09|7.01|6.14|11.37|7.85|-94.95|2843.56|1600.97|14.81|
|新乳业|002946.SZ|2026-06-26|119.03|117.65|16.28|15.18|3.11|3.4|7.88|7.28|1.06|1.04|2.06|3.25|54.77|141.93|138.65|9.91|
|有友食品|603697.SH|2026-06-26|43.07|43.07|23.21|21.43|2.34|2.45|10.74|10.65|2.71|2.47|4.37|4.17|-309.72|43.08|41.56|16.13|
|五粮液|000858.SZ|2026-06-25|2911.21|2911.14|32.51|23.1|2.27|2.28|9.8|25.71|7.18|6.29|11.1|7.66|-97.33|2914.6|1672.01|15.47|
|新乳业|002946.SZ|2026-06-25|119.29|117.91|16.32|15.21|3.12|3.41|7.9|7.3|1.06|1.04|2.06|3.25|54.89|142.19|138.91|9.93|
|有友食品|603697.SH|2026-06-25|44.48|44.48|23.97|22.13|2.42|2.53|11.09|11|2.8|2.56|4.23|4.04|-319.87|44.49|42.97|16.68|
|五粮液|000858.SZ|2026-06-24|2845.22|2845.15|31.77|22.58|2.22|2.22|9.58|25.13|7.02|6.15|11.35|7.84|-95.12|2848.61|1606.02|14.86|
|新乳业|002946.SZ|2026-06-24|132.54|131.01|18.13|16.9|3.47|3.79|8.78|8.11|1.18|1.16|1.85|2.92|60.99|155.44|152.16|10.87|
|有友食品|603697.SH|2026-06-24|45.98|45.98|24.78|22.87|2.5|2.62|11.47|11.37|2.89|2.64|4.09|3.91|-330.64|45.99|44.47|17.26|
|五粮液|000858.SZ|2026-06-23|2901.89|2901.82|32.41|23.03|2.27|2.27|9.77|25.63|7.16|6.27|11.13|7.69|-97.02|2905.28|1662.69|15.38|
|新乳业|002946.SZ|2026-06-23|134.61|133.05|18.41|17.16|3.52|3.85|8.91|8.23|1.2|1.18|1.82|2.88|61.94|157.51|154.23|11.02|
|有友食品|603697.SH|2026-06-23|47|47|25.33|23.38|2.56|2.68|11.72|11.62|2.96|2.7|4|3.82|-338.02|47.01|45.49|17.66|
|五粮液|000858.SZ|2026-06-22|2971.37|2971.3|33.18|23.58|2.32|2.32|10|26.24|7.33|6.42|10.87|7.51|-99.34|2974.76|1732.17|16.02|
|新乳业|002946.SZ|2026-06-22|134.18|132.63|18.35|17.11|3.51|3.84|8.89|8.21|1.19|1.17|1.83|2.89|61.74|157.08|153.8|10.99|
|有友食品|603697.SH|2026-06-22|47|47|25.33|23.38|2.56|2.68|11.72|11.62|2.96|2.7|4|3.82|-338.02|47.01|45.49|17.66|
|五粮液|000858.SZ|2026-06-18|2944.2|2944.13|32.88|23.37|2.3|2.3|9.91|26|7.26|6.36|10.97|7.58|-98.43|2947.59|1705|15.77|
|新乳业|002946.SZ|2026-06-18|129.36|127.86|17.69|16.49|3.38|3.7|8.57|7.91|1.15|1.13|1.9|2.99|59.53|152.26|148.98|10.65|
|有友食品|603697.SH|2026-06-18|46.11|46.11|24.85|22.94|2.51|2.63|11.5|11.4|2.9|2.65|4.08|3.9|-331.56|46.12|44.59|17.31|
|五粮液|000858.SZ|2026-06-17|3007.86|3007.78|33.59|23.87|2.35|2.35|10.13|26.57|7.42|6.5|10.74|7.42|-100.56|3011.25|1768.66|16.36|
|新乳业|002946.SZ|2026-06-17|132.46|130.92|18.12|16.89|3.46|3.79|8.77|8.1|1.18|1.16|1.85|2.92|60.95|155.35|152.08|10.87|
|有友食品|603697.SH|2026-06-17|47.13|47.13|25.4|23.45|2.56|2.68|11.75|11.65|2.97|2.71|3.99|3.81|-338.94|47.14|45.62|17.71|
|五粮液|000858.SZ|2026-06-16|3040.46|3040.39|33.96|24.13|2.38|2.38|10.24|26.85|7.5|6.57|10.63|7.34|-101.65|3043.85|1801.26|16.66|
|新乳业|002946.SZ|2026-06-16|139.09|137.47|19.02|17.73|3.64|3.98|9.21|8.51|1.24|1.21|1.76|2.78|64|161.98|158.71|11.34|
|有友食品|603697.SH|2026-06-16|47.13|47.13|25.4|23.45|2.56|2.68|11.75|11.65|2.97|2.71|3.99|3.81|-338.94|47.14|45.62|17.71|
|五粮液|000858.SZ|2026-06-15|3090.92|3090.85|34.52|24.53|2.41|2.42|10.4|27.3|7.63|6.68|10.45|7.22|-103.34|3094.31|1851.72|17.13|
|新乳业|002946.SZ|2026-06-15|145.02|143.34|19.84|18.49|3.79|4.15|9.6|8.87|1.29|1.27|1.69|2.67|66.73|167.92|164.64|11.77|
|有友食品|603697.SH|2026-06-15|49.74|49.74|26.81|24.75|2.71|2.83|12.4|12.3|3.13|2.86|3.78|3.61|-357.7|49.75|48.23|18.72|
|五粮液|000858.SZ|2026-06-12|3102.18|3102.11|34.64|24.62|2.42|2.43|10.44|27.4|7.65|6.7|10.41|7.19|-103.71|3105.57|1862.98|17.24|
|新乳业|002946.SZ|2026-06-12|142.87|141.22|19.54|18.22|3.74|4.09|9.46|8.74|1.27|1.25|1.72|2.71|65.74|165.77|162.49|11.61|
|有友食品|603697.SH|2026-06-12|48.97|48.97|26.39|24.36|2.67|2.79|12.21|12.11|3.08|2.81|3.84|3.67|-352.17|48.98|47.46|18.42|
|五粮液|000858.SZ|2026-06-11|3097.14|3097.06|34.59|24.58|2.42|2.42|10.43|27.35|7.64|6.69|10.43|7.2|-103.54|3100.52|1857.93|17.19|
|新乳业|002946.SZ|2026-06-11|138.48|136.88|18.94|17.66|3.62|3.96|9.17|8.47|1.23|1.21|1.77|2.8|63.72|161.38|158.1|11.3|
|有友食品|603697.SH|2026-06-11|47.77|47.77|25.75|23.77|2.6|2.72|11.91|11.81|3.01|2.74|3.94|3.76|-343.55|47.78|46.26|17.96|
|五粮液|000858.SZ|2026-06-10|3071.9|3071.83|34.31|24.38|2.4|2.4|10.34|27.13|7.58|6.64|10.52|7.26|-102.7|3075.29|1832.7|16.95|
|新乳业|002946.SZ|2026-06-10|140.63|139.01|19.23|17.93|3.68|4.02|9.31|8.6|1.25|1.23|1.74|2.75|64.71|163.53|160.26|11.45|
|有友食品|603697.SH|2026-06-10|44.74|44.74|24.11|22.26|2.43|2.55|11.16|11.06|2.82|2.57|4.21|4.02|-321.72|44.75|43.23|16.78|
|五粮液|000858.SZ|2026-06-09|3070.74|3070.67|34.29|24.37|2.4|2.4|10.34|27.12|7.58|6.63|10.52|7.26|-102.66|3074.13|1831.54|16.94|
|新乳业|002946.SZ|2026-06-09|139|137.39|19.01|17.72|3.64|3.98|9.2|8.5|1.24|1.21|1.76|2.79|63.96|161.9|158.62|11.33|
|有友食品|603697.SH|2026-06-09|43.8|43.8|23.6|21.79|2.38|2.49|10.92|10.83|2.76|2.52|4.3|4.1|-314.95|43.81|42.28|16.41|
|五粮液|000858.SZ|2026-06-08|3103.73|3103.66|34.66|24.63|2.42|2.43|10.45|27.41|7.66|6.71|10.41|7.19|-103.76|3107.12|1864.53|17.25|
|新乳业|002946.SZ|2026-06-08|142.7|141.05|19.52|18.19|3.73|3.73|9.45|8.73|1.27|1.25|1.72|1.93|65.66|165.6|162.32|11.6|
|有友食品|603697.SH|2026-06-08|44.18|44.18|23.81|21.98|2.4|2.52|11.02|10.92|2.78|2.54|4.26|4.07|-317.72|44.19|42.67|16.56|
|五粮液|000858.SZ|2026-06-05|3147.21|3147.13|35.15|24.98|2.46|2.46|10.59|27.8|7.77|6.8|10.27|7.09|-105.22|3150.6|1908.01|17.65|
|新乳业|002946.SZ|2026-06-05|145.2|143.51|19.86|18.51|3.8|3.8|9.62|8.88|1.29|1.27|1.69|1.9|66.81|168.09|164.82|11.78|
|有友食品|603697.SH|2026-06-05|45.68|45.68|24.62|22.72|2.49|2.6|11.39|11.29|2.87|2.62|4.12|3.93|-328.48|45.69|44.17|17.14|
|五粮液|000858.SZ|2026-06-04|3147.98|3147.91|35.16|24.98|2.46|2.46|10.6|27.8|7.77|6.8|10.26|7.09|-105.24|3151.37|1908.78|17.66|
|新乳业|002946.SZ|2026-06-04|145.97|144.28|19.96|18.61|3.82|3.82|9.67|8.93|1.3|1.27|1.68|1.89|67.17|168.87|165.59|11.83|
|有友食品|603697.SH|2026-06-04|44.78|44.78|24.13|22.28|2.44|2.55|11.17|11.07|2.82|2.57|4.2|4.01|-322.02|44.79|43.27|16.79|
|五粮液|000858.SZ|2026-06-03|3196.5|3196.43|35.7|25.37|2.5|2.5|10.76|28.23|7.89|6.91|10.11|6.98|-106.87|3199.89|1957.3|18.11|
|新乳业|002946.SZ|2026-06-03|150.88|149.13|20.64|19.24|3.95|3.95|9.99|9.23|1.34|1.32|1.63|1.83|69.43|173.77|170.5|12.18|
|有友食品|603697.SH|2026-06-03|46.79|46.79|25.22|23.28|2.55|2.66|11.67|11.57|2.94|2.69|4.02|3.84|-336.48|46.8|45.28|17.57|
|五粮液|000858.SZ|2026-06-02|3210.48|3210.4|35.85|25.48|2.51|2.51|10.81|28.36|7.92|6.94|10.06|6.95|-107.33|3213.87|1971.28|18.24|
|新乳业|002946.SZ|2026-06-02|155.18|153.38|21.22|19.79|4.06|4.06|10.28|9.49|1.38|1.36|1.58|1.77|71.41|178.08|174.8|12.49|
|有友食品|603697.SH|2026-06-02|48.54|48.54|26.16|24.15|2.64|2.76|12.11|12|3.06|2.79|3.88|3.7|-349.09|48.55|47.03|18.25|
|五粮液|000858.SZ|2026-06-01|3237.65|3237.57|36.16|25.69|2.53|2.53|10.9|28.6|7.99|7|9.98|6.89|-108.24|3241.04|1998.45|18.49|
|新乳业|002946.SZ|2026-06-01|160.69|158.83|21.98|20.49|4.2|4.2|10.64|9.83|1.43|1.4|1.53|1.71|73.94|183.58|180.31|12.88|
|有友食品|603697.SH|2026-06-01|47.9|47.9|25.82|23.83|2.61|2.73|11.95|11.84|3.01|2.75|3.93|3.75|-344.48|47.91|46.39|18.01|
|五粮液|000858.SZ|2026-05-29|3295.1|3295.02|36.8|26.15|2.57|2.57|11.09|29.1|8.13|7.12|9.8|6.77|-110.16|3298.49|2055.9|19.02|
|新乳业|002946.SZ|2026-05-29|161.2|159.34|22.05|20.55|4.22|4.22|10.68|9.86|1.44|1.41|1.52|1.71|74.18|184.1|180.83|12.92|
|有友食品|603697.SH|2026-05-29|47|47|25.33|23.38|2.56|2.68|11.72|11.62|2.96|2.7|4|3.82|-338.02|47.01|45.49|17.66|
|五粮液|000858.SZ|2026-05-28|3163.12|3163.05|35.33|25.1|2.47|2.47|10.65|27.94|7.8|6.83|10.21|7.05|-105.75|3166.51|1923.92|17.8|
|新乳业|002946.SZ|2026-05-28|151.39|149.64|20.71|19.3|3.96|3.96|10.03|9.26|1.35|1.32|1.62|1.82|69.66|174.29|171.01|12.22|
|有友食品|603697.SH|2026-05-28|45.55|45.55|24.55|22.66|2.48|2.59|11.36|11.26|2.87|2.62|4.13|3.94|-327.56|45.56|44.04|17.09|
|五粮液|000858.SZ|2026-05-27|3256.28|3256.2|36.37|25.84|2.54|2.54|10.96|28.76|8.03|7.04|9.92|6.85|-108.86|3259.67|2017.08|18.66|
|新乳业|002946.SZ|2026-05-27|154.92|153.13|21.19|19.75|4.05|4.05|10.26|9.48|1.38|1.35|1.58|1.78|71.29|177.82|174.54|12.47|
|有友食品|603697.SH|2026-05-27|44.69|44.69|24.09|22.23|2.43|2.54|11.15|11.05|2.81|2.57|4.21|4.02|-321.41|44.7|43.18|16.76|
|五粮液|000858.SZ|2026-05-26|3235.71|3235.63|36.14|25.68|2.53|2.53|10.89|28.58|7.98|6.99|9.98|6.89|-108.18|3239.1|1996.51|18.47|
|新乳业|002946.SZ|2026-05-26|151.13|149.38|20.67|19.27|3.95|3.95|10.01|9.25|1.35|1.32|1.62|1.82|69.55|174.03|170.76|12.2|
|有友食品|603697.SH|2026-05-26|44.95|44.95|24.22|22.36|2.45|2.56|11.21|11.11|2.83|2.58|4.19|4|-323.25|44.96|43.44|16.86|
|五粮液|000858.SZ|2026-05-25|3265.98|3265.91|36.47|25.92|2.55|2.55|10.99|28.85|8.06|7.06|9.89|6.83|-109.19|3269.37|2026.78|18.75|
|新乳业|002946.SZ|2026-05-25|145.28|143.6|19.87|18.52|3.8|3.8|9.62|8.89|1.29|1.27|1.69|1.9|66.85|168.18|164.9|11.78|
|有友食品|603697.SH|2026-05-25|45.98|45.98|24.78|22.87|2.5|2.62|11.47|11.37|2.89|2.64|4.09|3.91|-330.64|45.99|44.47|17.26|
|五粮液|000858.SZ|2026-05-22|3261.72|3261.64|36.43|25.89|2.55|2.55|10.98|28.81|8.05|7.05|9.9|6.84|-109.05|3265.1|2022.51|18.71|
|新乳业|002946.SZ|2026-05-22|143.82|142.15|19.67|18.34|3.76|3.76|9.52|8.8|1.28|1.26|1.71|1.92|66.18|166.72|163.44|11.68|
|有友食品|603697.SH|2026-05-22|47.39|47.39|25.54|23.58|2.58|2.7|11.82|11.72|2.98|2.72|3.97|3.79|-340.79|47.4|45.88|17.81|
|五粮液|000858.SZ|2026-05-21|3312.95|3312.87|37|26.29|2.59|2.59|11.15|29.26|8.17|7.16|9.75|6.73|-110.76|3316.34|2073.75|19.18|
|新乳业|002946.SZ|2026-05-21|148.04|146.32|20.25|18.88|3.87|3.87|9.8|9.06|1.32|1.29|1.66|1.86|68.12|170.93|167.66|11.98|
|有友食品|603697.SH|2026-05-21|47.64|47.64|25.68|23.7|2.59|2.71|11.88|11.78|3|2.74|3.95|3.77|-342.63|47.66|46.13|17.91|
|五粮液|000858.SZ|2026-05-20|3317.61|3317.53|37.05|26.33|2.59|2.59|11.17|29.3|8.19|7.17|9.74|6.72|-110.91|3321|2078.41|19.23|
|新乳业|002946.SZ|2026-05-20|150.62|148.87|20.6|19.2|3.94|3.94|9.97|9.21|1.34|1.32|1.63|1.83|69.31|173.51|170.24|12.16|
|有友食品|603697.SH|2026-05-20|48.76|48.76|26.28|24.26|2.65|2.78|12.16|12.06|3.07|2.8|3.86|3.68|-350.63|48.77|47.25|18.34|
|五粮液|000858.SZ|2026-05-19|3329.64|3329.56|37.19|26.42|2.6|2.6|11.21|29.41|8.22|7.19|9.7|6.7|-111.32|3333.03|2090.44|19.34|
|新乳业|002946.SZ|2026-05-19|151.39|149.64|20.71|19.3|3.96|3.96|10.03|9.26|1.35|1.32|1.62|1.82|69.66|174.29|171.01|12.22|
|有友食品|603697.SH|2026-05-19|49.53|49.53|26.69|24.64|2.7|2.82|12.35|12.25|3.12|2.85|3.8|3.63|-356.16|49.54|48.02|18.64|
|五粮液|000858.SZ|2026-05-18|3321.49|3321.41|37.09|26.36|2.6|2.6|11.18|29.34|8.2|7.18|9.73|6.72|-111.04|3324.88|2082.29|19.26|
|新乳业|002946.SZ|2026-05-18|151.39|149.64|20.71|19.3|3.96|3.96|10.03|9.26|1.35|1.32|1.62|1.82|69.66|174.29|171.01|12.22|
|有友食品|603697.SH|2026-05-18|49.95|49.95|26.92|24.85|2.72|2.84|12.46|12.35|3.14|2.87|3.77|3.6|-359.24|49.97|48.44|18.8|
|五粮液|000858.SZ|2026-05-15|3371.95|3371.87|37.66|26.76|2.63|2.63|11.35|29.78|8.32|7.29|9.58|6.62|-112.73|3375.34|2132.75|19.73|
|新乳业|002946.SZ|2026-05-15|153.8|152.02|21.04|19.61|4.02|4.02|10.18|9.41|1.37|1.34|1.59|1.79|70.77|176.7|173.42|12.39|
|有友食品|603697.SH|2026-05-15|48.5|48.5|26.14|24.13|2.64|2.76|12.1|11.99|3.05|2.79|3.88|3.7|-348.78|48.51|46.99|18.24|
|五粮液|000858.SZ|2026-05-14|3454.24|3454.16|38.58|27.41|2.7|2.7|11.63|30.51|8.52|7.46|9.35|6.46|-115.48|3457.63|2215.04|20.49|
|新乳业|002946.SZ|2026-05-14|155.78|153.98|21.31|19.86|4.07|4.07|10.32|9.53|1.39|1.36|1.57|1.77|71.68|178.68|175.4|12.53|
|有友食品|603697.SH|2026-05-14|44.91|44.91|24.2|22.34|2.44|2.44|11.2|11.1|2.83|2.58|4.19|2.19|-322.95|44.92|43.4|16.84|
|五粮液|000858.SZ|2026-05-13|3460.45|3460.37|38.65|27.46|2.7|2.7|11.65|30.56|8.54|7.48|9.34|6.45|-115.69|3463.84|2221.25|20.55|
|新乳业|002946.SZ|2026-05-13|156.82|155|21.45|19.99|4.1|4.1|10.38|9.59|1.4|1.37|1.56|1.76|72.16|179.71|176.44|12.61|
|有友食品|603697.SH|2026-05-13|45.38|45.38|24.46|22.58|2.47|2.47|11.32|11.22|2.86|2.61|4.15|2.17|-326.33|45.39|43.87|17.03|
|五粮液|000858.SZ|2026-05-12|3515.18|3515.1|39.26|27.9|2.75|2.75|11.83|31.05|8.67|7.6|9.19|6.35|-117.52|3518.57|2275.98|21.06|
|新乳业|002946.SZ|2026-05-12|155.78|153.98|21.31|19.86|4.07|4.07|10.32|9.53|1.39|1.36|1.57|1.77|71.68|178.68|175.4|12.53|
|有友食品|603697.SH|2026-05-12|45.76|45.76|24.66|22.77|2.49|2.49|11.41|11.32|2.88|2.63|4.11|2.15|-329.1|45.77|44.25|17.18|
|五粮液|000858.SZ|2026-05-11|3563.7|3563.62|39.8|28.28|2.78|2.78|12|31.48|8.79|7.7|9.07|6.26|-119.14|3567.09|2324.5|21.5|
|新乳业|002946.SZ|2026-05-11|160.77|158.91|21.99|20.5|4.21|4.21|10.65|9.83|1.43|1.4|1.53|1.71|73.98|183.67|180.4|12.89|
|有友食品|603697.SH|2026-05-11|45.85|45.85|24.71|22.81|2.5|2.5|11.43|11.34|2.89|2.63|4.1|2.15|-329.71|45.86|44.34|17.21|
|五粮液|000858.SZ|2026-05-08|3576.13|3576.04|39.94|28.38|2.79|2.79|12.04|31.59|8.82|7.73|9.03|6.24|-119.56|3579.51|2336.92|21.62|
|新乳业|002946.SZ|2026-05-08|161.81|159.93|22.13|20.63|4.23|4.23|10.71|9.9|1.44|1.41|1.52|1.7|74.46|184.7|181.43|12.96|
|有友食品|603697.SH|2026-05-08|45.29|45.29|24.41|22.53|2.46|2.46|11.3|11.2|2.85|2.6|4.15|2.17|-325.71|45.3|43.78|16.99|
|五粮液|000858.SZ|2026-05-07|3594.37|3594.28|40.14|28.53|2.81|2.81|12.1|31.75|8.87|7.77|8.99|6.21|-120.17|3597.76|2355.17|21.79|
|新乳业|002946.SZ|2026-05-07|164.99|163.08|22.57|21.04|4.32|4.32|10.93|10.09|1.47|1.44|1.49|1.67|75.92|187.89|184.61|13.19|
|有友食品|603697.SH|2026-05-07|44.31|44.31|23.88|22.04|2.41|2.41|11.05|10.96|2.79|2.55|4.25|2.22|-318.64|44.32|42.8|16.61|
|五粮液|000858.SZ|2026-05-06|3581.17|3581.08|39.99|28.42|2.8|2.8|12.06|31.63|8.84|7.74|9.02|6.23|-119.73|3584.56|2341.97|21.67|
|新乳业|002946.SZ|2026-05-06|167.4|165.46|22.9|21.34|4.38|4.38|11.09|10.24|1.49|1.46|1.47|1.65|77.03|190.3|187.02|13.36|
|有友食品|603697.SH|2026-05-06|44.65|44.65|24.06|22.21|2.43|2.43|11.14|11.04|2.81|2.57|4.21|2.2|-321.1|44.66|43.14|16.74|
|五粮液|000858.SZ|2026-04-30|3768.27|3768.17|42.08|29.91|2.94|2.94|12.69|33.28|9.3|8.14|8.57|5.92|-125.98|3771.65|2529.06|23.4|
|新乳业|002946.SZ|2026-04-30|171.36|169.38|23.44|21.85|4.48|4.48|11.35|10.48|1.53|1.5|1.43|1.61|78.85|194.26|190.98|13.65|
|有友食品|603697.SH|2026-04-30|45.16|45.16|24.34|22.47|2.46|2.46|11.26|11.17|2.84|2.59|4.17|2.18|-324.79|45.17|43.65|16.94|
|五粮液|000858.SZ|2026-04-29|3817.17|3817.01|11.98|13.42|2.68|2.88|11.25|11.78|4.28|4.64|8.46|5.84|451.09|3820.86|2457.8|5.78|
|新乳业|002946.SZ|2026-04-29|169.47|167.5|23.18|21.61|4.43|4.43|11.22|10.37|1.51|1.48|1.45|1.63|77.98|192.36|189.09|13.51|
|有友食品|603697.SH|2026-04-29|44.99|44.99|24.25|22.38|2.45|2.45|11.22|11.12|2.83|2.58|4.18|2.19|-323.56|45|43.48|16.88|
|五粮液|000858.SZ|2026-04-28|3889.37|3889.21|12.21|13.68|2.73|2.94|11.46|12.01|4.36|4.73|8.31|5.74|459.62|3893.06|2530|5.95|
|新乳业|002946.SZ|2026-04-28|165.85|163.93|22.68|21.15|4.34|4.34|10.98|10.15|1.48|1.45|1.48|1.66|76.32|188.75|185.47|13.25|
|有友食品|603697.SH|2026-04-28|44.82|44.82|24.16|22.3|2.44|2.44|11.18|11.08|2.82|2.58|4.2|2.19|-322.33|44.83|43.31|16.81|
|五粮液|000858.SZ|2026-04-27|3889.37|3889.21|12.21|13.68|2.73|2.94|11.46|12.01|4.36|4.73|8.31|5.74|459.62|3893.06|2530|5.95|
|新乳业|002946.SZ|2026-04-27|160|158.15|21.88|21.88|4.21|4.21|10.6|10.6|1.42|1.42|1.53|1.72|81.8|183.76|180.21|12.88|
|有友食品|603697.SH|2026-04-27|46.45|46.45|25.03|25.03|2.62|2.62|11.58|11.58|2.92|2.92|4.05|2.12|-558.43|46.46|44.12|17.12|
|五粮液|000858.SZ|2026-04-24|3930.9|3930.74|12.34|13.82|2.76|2.97|11.58|12.13|4.41|4.78|8.22|5.67|464.53|3934.59|2571.53|6.04|
|新乳业|002946.SZ|2026-04-24|157.59|155.76|21.55|21.55|4.15|4.15|10.44|10.44|1.4|1.4|1.56|1.75|80.57|181.35|177.8|12.71|
|有友食品|603697.SH|2026-04-24|45.85|45.85|24.71|24.71|2.59|2.59|11.43|11.43|2.89|2.89|4.1|2.15|-551.23|45.86|43.52|16.89|
|五粮液|000858.SZ|2026-04-23|3927.41|3927.25|12.33|13.81|2.76|2.96|11.57|12.12|4.4|4.78|8.23|5.68|464.12|3931.1|2568.04|6.04|
|新乳业|002946.SZ|2026-04-23|157.68|155.85|21.57|21.57|4.15|4.15|10.44|10.44|1.4|1.4|1.56|1.75|80.61|181.43|177.88|12.71|
|有友食品|603697.SH|2026-04-23|44.57|44.57|24.02|24.02|2.52|2.52|11.11|11.11|2.8|2.8|4.22|4.22|-535.8|44.58|42.24|16.39|
|五粮液|000858.SZ|2026-04-22|3906.45|3906.29|12.26|13.74|2.74|2.95|11.51|12.06|4.38|4.75|8.27|5.71|461.64|3910.14|2547.08|5.99|
|新乳业|002946.SZ|2026-04-22|155.44|153.64|21.26|21.26|4.09|4.09|10.29|10.29|1.38|1.38|1.58|1.77|79.47|179.19|175.65|12.55|
|有友食品|603697.SH|2026-04-22|43.71|43.71|23.56|23.56|2.47|2.47|10.9|10.9|2.75|2.75|4.31|4.31|-525.52|43.72|41.38|16.06|
|五粮液|000858.SZ|2026-04-21|3927.41|3927.25|12.33|13.81|2.76|2.96|11.57|12.12|4.4|4.78|8.23|5.68|464.12|3931.1|2568.04|6.04|
|新乳业|002946.SZ|2026-04-21|155.27|153.47|21.24|21.24|4.09|4.09|10.28|10.28|1.38|1.38|1.58|1.77|79.38|179.02|175.47|12.54|
|有友食品|603697.SH|2026-04-21|43.58|43.58|23.49|23.49|2.46|2.46|10.87|10.87|2.74|2.74|4.32|4.32|-523.97|43.59|41.25|16.01|
|五粮液|000858.SZ|2026-04-20|3934.01|3933.84|12.35|13.84|2.76|2.97|11.59|12.14|4.41|4.79|8.21|5.67|464.9|3937.7|2574.64|6.05|
|新乳业|002946.SZ|2026-04-20|156.64|154.83|21.42|21.42|4.12|4.12|10.37|10.37|1.39|1.39|1.57|1.76|80.09|180.4|176.85|12.64|
|有友食品|603697.SH|2026-04-20|42.56|42.56|22.93|22.93|2.4|2.4|10.61|10.61|2.68|2.68|4.42|4.42|-511.63|42.57|40.23|15.61|
|五粮液|000858.SZ|2026-04-17|3953.81|3953.64|12.41|13.91|2.77|2.98|11.65|12.21|4.43|4.81|8.17|5.64|467.24|3957.5|2594.44|6.1|
|新乳业|002946.SZ|2026-04-17|155.61|153.81|21.28|21.28|4.1|4.1|10.3|10.3|1.39|1.39|1.58|1.77|79.56|179.37|175.82|12.56|
|有友食品|603697.SH|2026-04-17|42|42|22.63|22.63|2.37|2.37|10.47|10.47|2.64|2.64|4.48|4.48|-504.95|42.01|39.67|15.4|
|五粮液|000858.SZ|2026-04-16|4015.14|4014.97|12.61|14.12|2.82|3.03|11.83|12.39|4.5|4.88|8.05|5.56|474.49|4018.83|2655.77|6.24|
|新乳业|002946.SZ|2026-04-16|157.5|155.68|21.54|21.54|4.15|4.15|10.43|10.43|1.4|1.4|1.56|1.75|80.53|181.26|177.71|12.7|
|有友食品|603697.SH|2026-04-16|42.56|42.56|22.93|22.93|2.4|2.4|10.61|10.61|2.68|2.68|4.42|4.42|-511.63|42.57|40.23|15.61|
|五粮液|000858.SZ|2026-04-15|4019.41|4019.24|12.62|14.14|2.82|3.03|11.84|12.41|4.51|4.89|8.04|5.55|474.99|4023.09|2660.04|6.25|
|新乳业|002946.SZ|2026-04-15|156.13|154.32|21.35|21.35|4.11|4.11|10.34|10.34|1.39|1.39|1.57|1.76|79.82|179.88|176.33|12.6|
|有友食品|603697.SH|2026-04-15|42.21|42.21|22.75|22.75|2.38|2.38|10.53|10.53|2.66|2.66|4.46|4.46|-507.52|42.22|39.88|15.48|
|五粮液|000858.SZ|2026-04-14|4001.94|4001.77|12.56|14.07|2.81|3.02|11.79|12.35|4.49|4.87|8.07|5.57|472.93|4005.63|2642.57|6.21|
|新乳业|002946.SZ|2026-04-14|155.78|153.98|21.31|21.31|4.1|4.1|10.32|10.32|1.39|1.39|1.57|1.77|79.65|179.54|175.99|12.58|
|有友食品|603697.SH|2026-04-14|42.26|42.26|22.77|22.77|2.38|2.38|10.54|10.54|2.66|2.66|4.45|4.45|-508.03|42.27|39.93|15.5|
|五粮液|000858.SZ|2026-04-13|3975.54|3975.38|12.48|13.98|2.79|3|11.71|12.27|4.46|4.84|8.13|5.61|469.81|3979.23|2616.17|6.15|
|新乳业|002946.SZ|2026-04-13|154.41|152.62|21.12|21.12|4.06|4.06|10.22|10.22|1.37|1.37|1.59|1.78|78.94|178.16|174.61|12.48|
|有友食品|603697.SH|2026-04-13|42.56|42.56|22.93|22.93|2.4|2.4|10.61|10.61|2.68|2.68|4.42|4.42|-511.63|42.57|40.23|15.61|
|五粮液|000858.SZ|2026-04-10|3961.96|3961.79|12.44|13.93|2.78|2.99|11.67|12.23|4.44|4.82|8.15|5.63|468.2|3965.65|2602.59|6.12|
|新乳业|002946.SZ|2026-04-10|156.9|155.08|21.46|21.46|4.13|4.13|10.39|10.39|1.4|1.4|1.56|1.76|80.22|180.66|177.11|12.66|
|有友食品|603697.SH|2026-04-10|42.77|42.77|23.05|23.05|2.41|2.41|10.67|10.67|2.69|2.69|4.4|4.4|-514.2|42.78|40.44|15.7|
|五粮液|000858.SZ|2026-04-09|3982.53|3982.36|12.5|14.01|2.79|3.01|11.73|12.29|4.47|4.84|8.11|5.6|470.63|3986.22|2623.16|6.17|
|新乳业|002946.SZ|2026-04-09|159.14|157.3|21.77|21.77|4.19|4.19|10.54|10.54|1.42|1.42|1.54|1.73|81.36|182.9|179.35|12.82|
|有友食品|603697.SH|2026-04-09|41.91|41.91|22.59|22.59|2.37|2.37|10.45|10.45|2.64|2.64|4.49|4.49|-503.92|41.92|39.58|15.36|
|五粮液|000858.SZ|2026-04-08|4044.25|4044.08|12.7|14.22|2.84|3.05|11.92|12.48|4.54|4.92|7.99|5.52|477.93|4047.94|2684.88|6.31|
|新乳业|002946.SZ|2026-04-08|161.72|159.85|22.12|22.12|4.26|4.26|10.71|10.71|1.44|1.44|1.52|1.7|82.68|185.48|181.93|13|
|有友食品|603697.SH|2026-04-08|42.85|42.85|23.1|23.1|2.42|2.42|10.69|10.69|2.7|2.7|4.39|4.39|-515.23|42.87|40.52|15.73|
|五粮液|000858.SZ|2026-04-07|4002.33|4002.16|12.56|14.08|2.81|3.02|11.79|12.36|4.49|4.87|8.07|5.57|472.97|4006.02|2642.96|6.21|
|新乳业|002946.SZ|2026-04-07|155.35|153.55|21.25|21.25|4.09|4.09|10.29|10.29|1.38|1.38|1.58|1.77|79.43|179.11|175.56|12.55|
|有友食品|603697.SH|2026-04-07|41.83|41.83|22.54|22.54|2.36|2.36|10.43|10.43|2.63|2.63|4.5|4.5|-502.89|41.84|39.5|15.33|
|五粮液|000858.SZ|2026-04-03|4017.08|4016.91|12.61|14.13|2.82|3.03|11.84|12.4|4.5|4.89|8.04|5.55|474.71|4020.77|2657.71|6.25|
|新乳业|002946.SZ|2026-04-03|153.2|151.43|20.95|20.95|4.03|4.03|10.14|10.14|1.36|1.36|1.6|1.8|78.33|176.96|173.41|12.39|
|有友食品|603697.SH|2026-04-03|42.13|42.13|22.7|22.7|2.38|2.38|10.51|10.51|2.65|2.65|4.47|4.47|-506.49|42.14|39.8|15.45|
|五粮液|000858.SZ|2026-04-02|4075.69|4075.52|12.8|14.33|2.86|3.08|12.01|12.58|4.57|4.96|7.93|5.47|481.64|4079.38|2716.32|6.38|
|新乳业|002946.SZ|2026-04-02|155.7|153.89|21.29|21.29|4.1|4.1|10.31|10.31|1.39|1.39|1.58|1.77|79.6|179.45|175.9|12.57|
|有友食品|603697.SH|2026-04-02|43.2|43.2|23.28|23.28|2.44|2.44|10.77|10.77|2.72|2.72|4.36|4.36|-519.35|43.21|40.87|15.86|
|五粮液|000858.SZ|2026-04-01|4052.01|4051.84|12.72|14.25|2.84|3.06|11.94|12.51|4.54|4.93|7.97|5.51|478.84|4055.7|2692.64|6.33|
|新乳业|002946.SZ|2026-04-01|156.64|154.83|21.42|21.42|4.12|4.12|10.37|10.37|1.39|1.39|1.57|1.76|80.09|180.4|176.85|12.64|
|有友食品|603697.SH|2026-04-01|43.28|43.28|23.33|23.33|2.44|2.44|10.79|10.79|2.72|2.72|4.35|4.35|-520.37|43.29|40.95|15.9|
|五粮液|000858.SZ|2026-03-31|4008.54|4008.37|12.58|14.1|2.81|3.03|11.81|12.37|4.5|4.88|8.06|5.57|473.71|4012.23|2649.17|6.23|
|新乳业|002946.SZ|2026-03-31|154.75|152.96|21.17|21.17|4.07|4.07|10.25|10.25|1.38|1.38|1.59|1.78|79.12|178.51|174.96|12.5|
|有友食品|603697.SH|2026-03-31|42.08|42.08|22.68|22.68|2.38|2.38|10.5|10.5|2.65|2.65|4.47|4.47|-505.98|42.1|39.76|15.43|
|五粮液|000858.SZ|2026-03-30|4015.91|4015.74|12.61|14.12|2.82|3.03|11.83|12.4|4.5|4.89|8.04|5.55|474.58|4019.6|2656.54|6.24|
|新乳业|002946.SZ|2026-03-30|155.78|153.98|21.31|21.31|4.1|4.1|10.32|10.32|1.39|1.39|1.57|1.77|79.65|179.54|175.99|12.58|
|有友食品|603697.SH|2026-03-30|43.58|43.58|23.49|23.49|2.46|2.46|10.87|10.87|2.74|2.74|4.32|4.32|-523.97|43.59|41.25|16.01|
|五粮液|000858.SZ|2026-03-27|3984.47|3984.3|12.51|14.01|2.8|3.01|11.74|12.3|4.47|4.85|8.11|5.6|470.86|3988.16|2625.1|6.17|
|新乳业|002946.SZ|2026-03-27|155.27|153.47|21.24|21.24|4.09|4.09|10.28|10.28|1.38|1.38|1.58|1.77|79.38|179.02|175.47|12.54|
|有友食品|603697.SH|2026-03-27|46.83|46.83|29.77|22.31|2.66|2.66|20.49|12.38|3.96|3.04|4.02|4.02|1052.39|46.84|45.18|20.77|
|五粮液|000858.SZ|2026-03-26|3931.29|3931.13|12.34|13.83|2.76|2.97|11.58|12.14|4.41|4.78|8.22|5.67|464.58|3934.98|2571.92|6.04|
|新乳业|002946.SZ|2026-03-26|155.44|153.64|21.26|21.26|4.09|4.09|10.29|10.29|1.38|1.38|1.58|1.77|79.47|179.19|175.65|12.55|
|有友食品|603697.SH|2026-03-26|46.45|46.45|29.52|22.13|2.64|2.64|20.33|12.28|3.93|3.02|4.05|4.05|1043.74|46.46|44.79|20.6|
|五粮液|000858.SZ|2026-03-25|3976.71|3976.54|12.48|13.99|2.79|3|11.72|12.28|4.46|4.84|8.12|5.61|469.94|3980.4|2617.34|6.15|
|新乳业|002946.SZ|2026-03-25|156.13|154.32|21.35|21.35|4.11|4.11|10.34|10.34|1.39|1.39|1.57|1.76|79.82|179.88|176.33|12.6|
|有友食品|603697.SH|2026-03-25|46.28|46.28|29.41|22.05|2.63|2.63|20.25|12.23|3.91|3|4.07|4.07|1039.9|46.29|44.62|20.52|
|五粮液|000858.SZ|2026-03-24|3933.62|3933.46|12.35|13.83|2.76|2.97|11.59|12.14|4.41|4.79|8.21|5.67|464.85|3937.31|2574.25|6.05|
|新乳业|002946.SZ|2026-03-24|154.84|153.04|21.18|21.18|4.08|4.08|10.25|10.25|1.38|1.38|1.58|1.78|79.16|178.59|175.04|12.51|
|有友食品|603697.SH|2026-03-24|45.46|45.46|28.9|21.66|2.58|2.58|19.9|12.02|3.85|2.95|4.14|4.14|1021.63|45.47|43.81|20.14|
|五粮液|000858.SZ|2026-03-23|3890.54|3890.37|12.21|13.68|2.73|2.94|11.46|12.01|4.36|4.73|8.3|5.73|459.76|3894.23|2531.17|5.95|
|新乳业|002946.SZ|2026-03-23|153.63|151.85|21.01|21.01|4.04|4.04|10.17|10.17|1.37|1.37|1.6|1.79|78.55|177.39|173.84|12.42|
|有友食品|603697.SH|2026-03-23|43.75|43.75|27.81|20.85|2.49|2.49|19.15|11.56|3.7|2.84|4.3|4.3|983.19|43.76|42.1|19.36|
|五粮液|000858.SZ|2026-03-20|3974.77|3974.6|12.48|13.98|2.79|3|11.71|12.27|4.46|4.84|8.13|5.61|469.71|3978.46|2615.4|6.15|
|新乳业|002946.SZ|2026-03-20|161.03|159.17|29.95|23.45|4.49|4.57|10.8|10.31|1.51|1.47|1.52|1.71|99.4|189.98|184.23|15.17|
|有友食品|603697.SH|2026-03-20|45.89|45.89|29.17|21.87|2.61|2.61|20.08|12.13|3.88|2.98|4.1|4.1|1031.25|45.9|44.23|20.34|
|五粮液|000858.SZ|2026-03-19|3979.81|3979.65|12.49|14|2.79|3|11.73|12.29|4.46|4.84|8.12|5.61|470.31|3983.5|2620.44|6.16|
|新乳业|002946.SZ|2026-03-19|154.32|152.53|28.7|22.47|4.31|4.38|10.35|9.88|1.45|1.41|1.59|1.78|95.26|183.27|177.51|14.61|
|有友食品|603697.SH|2026-03-19|45.89|45.89|29.17|21.87|2.61|2.61|20.08|12.13|3.88|2.98|4.1|4.1|1031.25|45.9|44.23|20.34|
|五粮液|000858.SZ|2026-03-18|4026|4025.83|12.64|14.16|2.83|3.04|11.86|12.43|4.51|4.9|8.02|5.54|475.77|4029.69|2666.63|6.27|
|新乳业|002946.SZ|2026-03-18|156.47|154.66|29.1|22.78|4.37|4.44|10.49|10.02|1.47|1.43|1.57|1.76|96.59|185.42|179.66|14.79|
|有友食品|603697.SH|2026-03-18|47.05|47.05|29.9|22.42|2.67|2.67|20.59|12.44|3.98|3.05|4|4|1057.2|47.06|45.39|20.87|
|五粮液|000858.SZ|2026-03-17|4067.54|4067.37|12.77|14.31|2.85|3.07|11.98|12.56|4.56|4.95|7.94|5.48|480.68|4071.23|2708.17|6.37|
|新乳业|002946.SZ|2026-03-17|155.44|153.64|28.91|22.63|4.34|4.41|10.42|9.95|1.46|1.42|1.58|1.77|95.95|184.39|178.63|14.71|
|有友食品|603697.SH|2026-03-17|48.03|48.03|30.53|22.89|2.73|2.73|21.02|12.7|4.06|3.12|3.92|3.92|1079.3|48.04|46.37|21.32|
|五粮液|000858.SZ|2026-03-16|4057.83|4057.66|12.74|14.27|2.85|3.06|11.96|12.53|4.55|4.94|7.96|5.5|479.53|4061.52|2698.46|6.34|
|新乳业|002946.SZ|2026-03-16|154.15|152.36|28.67|22.44|4.3|4.38|10.34|9.87|1.45|1.41|1.59|1.79|95.15|183.1|177.34|14.6|
|有友食品|603697.SH|2026-03-16|47.77|47.77|30.37|22.76|2.71|2.71|20.91|12.63|4.04|3.1|3.94|3.94|1073.53|47.78|46.12|21.21|
|五粮液|000858.SZ|2026-03-13|3996.12|3995.95|12.55|14.05|2.8|3.02|11.77|12.34|4.48|4.86|8.08|5.58|472.24|3999.81|2636.75|6.2|
|新乳业|002946.SZ|2026-03-13|154.15|152.36|28.67|22.44|4.3|4.38|10.34|9.87|1.45|1.41|1.59|1.79|95.15|183.1|177.34|14.6|
|有友食品|603697.SH|2026-03-13|48.16|48.16|30.61|22.95|2.74|2.74|21.07|12.73|4.07|3.13|3.91|3.91|1082.18|48.17|46.5|21.38|
|五粮液|000858.SZ|2026-03-12|3969.72|3969.55|12.46|13.96|2.79|3|11.7|12.25|4.45|4.83|8.14|5.62|469.12|3973.41|2610.35|6.14|
|新乳业|002946.SZ|2026-03-12|155.35|153.55|28.89|22.62|4.34|4.41|10.42|9.95|1.46|1.42|1.58|1.77|95.9|184.3|178.55|14.7|
|有友食品|603697.SH|2026-03-12|48.2|48.2|30.64|22.97|2.74|2.74|21.09|12.74|4.08|3.13|3.9|3.9|1083.14|48.21|46.54|21.4|
|五粮液|000858.SZ|2026-03-11|3966.23|3966.06|12.45|13.95|2.78|2.99|11.69|12.24|4.45|4.82|8.15|5.62|468.71|3969.92|2606.86|6.13|
|新乳业|002946.SZ|2026-03-11|171.1|169.12|31.82|24.91|4.78|4.86|11.47|10.96|1.6|1.56|1.43|1.61|105.62|200.05|194.3|16|
|有友食品|603697.SH|2026-03-11|48.37|48.37|30.75|23.05|2.75|2.75|21.17|12.79|4.09|3.14|3.89|3.89|1086.99|48.38|46.71|21.48|
|五粮液|000858.SZ|2026-03-10|3961.18|3961.01|12.44|13.93|2.78|2.99|11.67|12.23|4.44|4.82|8.16|5.63|468.11|3964.87|2601.81|6.12|
|新乳业|002946.SZ|2026-03-10|171.79|169.8|31.95|25.01|4.79|4.88|11.52|11|1.61|1.57|1.43|1.6|106.04|200.74|194.98|16.05|
|有友食品|603697.SH|2026-03-10|48.8|48.8|31.02|23.25|2.77|2.77|21.36|12.9|4.13|3.17|3.86|3.86|1096.6|48.81|47.14|21.68|
|五粮液|000858.SZ|2026-03-09|3940.61|3940.44|12.37|13.86|2.77|2.97|11.61|12.16|4.42|4.79|8.2|5.66|465.68|3944.3|2581.24|6.07|
|新乳业|002946.SZ|2026-03-09|168.86|166.91|31.41|24.59|4.71|4.79|11.32|10.81|1.58|1.54|1.45|1.63|104.24|197.82|192.06|15.81|
|有友食品|603697.SH|2026-03-09|48.24|48.24|30.66|22.99|2.74|2.74|21.11|12.75|4.08|3.13|3.9|3.9|1084.11|48.25|46.59|21.42|
|五粮液|000858.SZ|2026-03-06|3974.77|3974.6|12.48|13.98|2.79|3|11.71|12.27|4.46|4.84|8.13|5.61|469.71|3978.46|2615.4|6.15|
|新乳业|002946.SZ|2026-03-06|171.27|169.29|31.85|24.94|4.78|4.86|11.49|10.97|1.61|1.56|1.43|1.61|105.73|200.23|194.47|16.01|
|有友食品|603697.SH|2026-03-06|48.67|48.67|30.94|23.19|2.77|2.77|21.3|12.86|4.12|3.16|3.87|3.87|1093.72|48.68|47.01|21.62|
|五粮液|000858.SZ|2026-03-05|3937.89|3937.73|12.36|13.85|2.76|2.97|11.6|12.16|4.42|4.79|8.2|5.66|465.36|3941.58|2578.52|6.06|
|新乳业|002946.SZ|2026-03-05|161.72|159.85|30.08|23.55|4.51|4.59|10.84|10.36|1.52|1.48|1.52|1.7|99.83|190.67|184.91|15.22|
|有友食品|603697.SH|2026-03-05|48.07|48.07|30.56|22.91|2.73|2.73|21.04|12.71|4.07|3.12|3.91|3.91|1080.26|48.08|46.42|21.34|
|五粮液|000858.SZ|2026-03-04|3921.2|3921.04|12.31|13.79|2.75|2.96|11.55|12.11|4.4|4.77|8.24|5.69|463.38|3924.89|2561.83|6.02|
|新乳业|002946.SZ|2026-03-04|161.72|159.85|30.08|23.55|4.51|4.59|10.84|10.36|1.52|1.48|1.52|1.7|99.83|190.67|184.91|15.22|
|有友食品|603697.SH|2026-03-04|47.99|47.99|30.5|22.86|2.73|2.73|21|12.68|4.06|3.12|3.92|3.92|1078.34|48|46.33|21.3|
|五粮液|000858.SZ|2026-03-03|3980.59|3980.42|12.5|14|2.79|3|11.73|12.29|4.46|4.84|8.12|5.6|470.4|3984.28|2621.22|6.16|
|新乳业|002946.SZ|2026-03-03|163.36|161.46|30.38|23.78|4.56|4.64|10.95|10.46|1.53|1.49|1.5|1.69|100.84|192.31|186.55|15.36|
|有友食品|603697.SH|2026-03-03|48.29|48.29|30.69|23.01|2.74|2.74|21.13|12.76|4.08|3.13|3.9|3.9|1085.07|48.3|46.63|21.44|
|五粮液|000858.SZ|2026-03-02|4006.6|4006.43|12.58|14.09|2.81|3.02|11.8|12.37|4.49|4.87|8.06|5.57|473.48|4010.29|2647.23|6.22|
|新乳业|002946.SZ|2026-03-02|164.82|162.91|30.65|24|4.6|4.68|11.05|10.56|1.55|1.51|1.49|1.67|101.74|193.77|188.01|15.48|
|有友食品|603697.SH|2026-03-02|49.23|49.23|31.29|23.46|2.8|2.8|21.54|13.01|4.16|3.2|3.82|3.82|1106.21|49.24|47.57|21.87|
|五粮液|000858.SZ|2026-02-27|4038.81|4038.64|12.68|14.2|2.83|3.05|11.9|12.47|4.53|4.91|8|5.52|477.28|4042.5|2679.44|6.3|
|新乳业|002946.SZ|2026-02-27|163.96|162.06|30.49|23.87|4.58|4.65|10.99|10.5|1.54|1.5|1.5|1.68|101.21|192.91|187.15|15.41|
|有友食品|603697.SH|2026-02-27|52.48|52.48|33.36|25|2.98|2.98|22.97|13.87|4.44|3.41|3.59|3.59|1179.25|52.49|50.82|23.37|
|五粮液|000858.SZ|2026-02-26|4032.21|4032.04|12.66|14.18|2.83|3.04|11.88|12.45|4.52|4.91|8.01|5.53|476.5|4035.9|2672.84|6.28|
|新乳业|002946.SZ|2026-02-26|159.23|157.38|29.61|23.18|4.44|4.52|10.68|10.2|1.49|1.45|1.54|1.73|98.29|188.18|182.42|15.02|
|有友食品|603697.SH|2026-02-26|52.82|52.82|33.57|25.17|3|3|23.11|13.96|4.47|3.43|3.56|3.56|1186.94|52.83|51.16|23.53|
|五粮液|000858.SZ|2026-02-25|4082.29|4082.12|12.82|14.36|2.86|3.08|12.03|12.6|4.58|4.97|7.91|5.46|482.42|4085.98|2722.92|6.4|
|新乳业|002946.SZ|2026-02-25|159.23|157.38|29.61|23.18|4.44|4.52|10.68|10.2|1.49|1.45|1.54|1.73|98.29|188.18|182.42|15.02|
|有友食品|603697.SH|2026-02-25|53.16|53.16|33.79|25.33|3.02|3.02|23.26|14.05|4.5|3.45|3.54|3.54|1194.63|53.17|51.51|23.68|
|五粮液|000858.SZ|2026-02-24|4081.9|4081.73|12.81|14.36|2.86|3.08|12.03|12.6|4.58|4.97|7.91|5.46|482.38|4085.59|2722.53|6.4|
|新乳业|002946.SZ|2026-02-24|157.59|155.76|29.31|22.94|4.4|4.47|10.57|10.09|1.48|1.44|1.56|1.75|97.28|186.54|180.78|14.88|
|有友食品|603697.SH|2026-02-24|53.46|53.46|33.98|25.47|3.04|3.04|23.4|14.13|4.52|3.47|3.52|3.52|1201.36|53.47|51.8|23.82|
|五粮液|000858.SZ|2026-02-13|4116.83|4116.66|12.92|14.48|2.89|3.11|12.13|12.71|4.62|5.01|7.85|5.42|486.5|4120.52|2757.46|6.48|
|新乳业|002946.SZ|2026-02-13|159.23|157.38|29.61|23.18|4.44|4.52|10.68|10.2|1.49|1.45|1.54|1.73|98.29|188.18|182.42|15.02|
|有友食品|603697.SH|2026-02-13|52.35|52.35|33.27|24.94|2.97|2.97|22.91|13.84|4.43|3.4|3.59|3.59|1176.37|52.36|50.69|23.31|
|五粮液|000858.SZ|2026-02-12|4060.94|4060.77|12.75|14.28|2.85|3.07|11.97|12.54|4.55|4.94|7.96|5.49|479.9|4064.63|2701.57|6.35|
|新乳业|002946.SZ|2026-02-12|160.6|158.74|29.87|23.38|4.48|4.56|10.77|10.29|1.51|1.47|1.53|1.71|99.14|189.55|183.8|15.13|
|有友食品|603697.SH|2026-02-12|52.78|52.78|33.55|25.15|3|3|23.1|13.95|4.46|3.43|3.57|3.57|1185.98|52.79|51.12|23.51|
|五粮液|000858.SZ|2026-02-11|4116.06|4115.88|12.92|14.48|2.89|3.11|12.13|12.71|4.62|5.01|7.85|5.42|486.41|4119.75|2756.69|6.48|
|新乳业|002946.SZ|2026-02-11|164.13|162.23|30.53|23.9|4.58|4.66|11.01|10.51|1.54|1.5|1.49|1.68|101.32|193.08|187.32|15.42|
|有友食品|603697.SH|2026-02-11|54.06|54.06|34.36|25.76|3.07|3.07|23.66|14.29|4.57|3.51|3.48|3.48|1214.81|54.07|52.4|24.1|
|五粮液|000858.SZ|2026-02-10|4133.91|4133.74|12.98|14.54|2.9|3.12|12.18|12.76|4.64|5.03|7.82|5.4|488.52|4137.6|2774.54|6.52|
|新乳业|002946.SZ|2026-02-10|164.3|162.4|30.56|23.92|4.59|4.66|11.02|10.52|1.54|1.5|1.49|1.68|101.42|193.25|187.5|15.44|
|有友食品|603697.SH|2026-02-10|56.67|56.67|36.02|27|3.22|3.22|24.8|14.98|4.79|3.68|3.32|3.32|1273.44|56.68|55.01|25.3|
|五粮液|000858.SZ|2026-02-09|4167.29|4167.12|13.08|14.66|2.92|3.15|12.28|12.86|4.67|5.07|7.75|5.35|492.47|4170.98|2807.92|6.6|
|新乳业|002946.SZ|2026-02-09|167.23|165.29|31.1|24.35|4.67|4.75|11.21|10.71|1.57|1.53|1.47|1.65|103.23|196.18|190.42|15.68|
|有友食品|603697.SH|2026-02-09|58.17|58.17|36.97|27.71|3.31|3.31|25.45|15.37|4.92|3.78|3.24|3.24|1307.08|58.18|56.51|25.98|
|五粮液|000858.SZ|2026-02-06|4153.32|4153.15|13.04|14.61|2.91|3.13|12.24|12.82|4.66|5.05|7.78|5.37|490.82|4157.01|2793.95|6.57|
|新乳业|002946.SZ|2026-02-06|167.83|165.89|31.21|24.44|4.68|4.76|11.25|10.75|1.57|1.53|1.46|1.64|103.6|196.78|191.03|15.73|
|有友食品|603697.SH|2026-02-06|58|58|36.86|27.63|3.3|3.3|25.38|15.33|4.91|3.76|3.24|3.24|1303.23|58.01|56.34|25.91|
|五粮液|000858.SZ|2026-02-05|4226.68|4226.5|13.27|14.87|2.97|3.19|12.45|13.05|4.74|5.14|7.64|5.28|499.49|4230.37|2867.31|6.74|
|新乳业|002946.SZ|2026-02-05|169.98|168.02|31.61|24.75|4.74|4.83|11.4|10.89|1.59|1.55|1.44|1.62|104.93|198.93|193.18|15.9|
|有友食品|603697.SH|2026-02-05|59.41|59.41|37.76|28.31|3.38|3.38|26|15.7|5.02|3.86|3.17|3.17|1334.95|59.42|57.75|26.56|
|五粮液|000858.SZ|2026-02-04|4212.32|4212.14|13.22|14.81|2.96|3.18|12.41|13|4.72|5.12|7.67|5.3|497.79|4216.01|2852.95|6.71|
|新乳业|002946.SZ|2026-02-04|163.7|161.8|30.45|23.83|4.57|4.65|10.98|10.48|1.53|1.5|1.5|1.68|101.05|192.65|186.89|15.39|
|有友食品|603697.SH|2026-02-04|58.94|58.94|37.46|28.08|3.35|3.35|25.79|15.58|4.98|3.83|3.19|3.19|1324.38|58.95|57.28|26.34|
|五粮液|000858.SZ|2026-02-03|4164.19|4164.01|13.07|14.65|2.92|3.14|12.27|12.86|4.67|5.07|7.76|5.36|492.1|4167.88|2804.82|6.59|
|新乳业|002946.SZ|2026-02-03|153.2|151.43|28.49|22.31|4.28|4.35|10.27|9.81|1.44|1.4|1.6|1.8|94.57|182.15|176.39|14.52|
|有友食品|603697.SH|2026-02-03|57.74|57.74|36.7|27.51|3.28|3.28|25.27|15.26|4.88|3.75|3.26|3.26|1297.47|57.75|56.08|25.79|
|五粮液|000858.SZ|2026-02-02|4164.58|4164.4|13.07|14.65|2.92|3.14|12.27|12.86|4.67|5.07|7.76|5.36|492.15|4168.27|2805.21|6.59|
|新乳业|002946.SZ|2026-02-02|154.06|152.28|28.65|22.43|4.3|4.37|10.33|9.87|1.44|1.41|1.59|1.79|95.1|183.01|177.25|14.59|
|有友食品|603697.SH|2026-02-02|57.91|57.91|36.81|27.59|3.29|3.29|25.34|15.31|4.9|3.76|3.25|3.25|1301.31|57.92|56.25|25.87|
|五粮液|000858.SZ|2026-01-30|4075.69|4075.52|12.8|14.33|2.86|3.08|12.01|12.58|4.57|4.96|7.93|5.47|481.64|4079.38|2716.32|6.38|
|新乳业|002946.SZ|2026-01-30|156.56|154.74|29.12|22.79|4.37|4.44|10.5|10.03|1.47|1.43|1.57|1.76|96.64|185.51|179.75|14.8|
|有友食品|603697.SH|2026-01-30|52.65|52.65|33.46|25.09|2.99|2.99|23.04|13.92|4.45|3.42|3.57|3.57|1183.1|52.66|50.99|23.45|
|五粮液|000858.SZ|2026-01-29|4299.66|4299.48|13.5|15.12|3.02|3.25|12.67|13.27|4.82|5.23|7.51|5.19|508.11|4303.35|2940.29|6.91|
|新乳业|002946.SZ|2026-01-29|159.74|157.89|29.71|23.26|4.46|4.53|10.71|10.23|1.5|1.46|1.54|1.72|98.61|188.69|182.93|15.06|
|有友食品|603697.SH|2026-01-29|52.99|52.99|33.68|25.25|3.01|3.01|23.19|14.01|4.48|3.44|3.55|3.55|1190.79|53|51.33|23.61|
|五粮液|000858.SZ|2026-01-28|3908.78|3908.61|12.27|13.75|2.74|2.95|11.52|12.07|4.38|4.75|8.27|5.71|461.92|3912.47|2549.41|5.99|
|新乳业|002946.SZ|2026-01-28|159.14|157.3|29.6|23.17|4.44|4.52|10.67|10.19|1.49|1.45|1.54|1.73|98.23|188.09|182.33|15.01|
|有友食品|603697.SH|2026-01-28|52.99|52.99|33.68|25.25|3.01|3.01|23.19|14.01|4.48|3.44|3.55|3.55|1190.79|53|51.33|23.61|
|五粮液|000858.SZ|2026-01-27|3921.2|3921.04|12.31|13.79|2.75|2.96|11.55|12.11|4.4|4.77|8.24|5.69|463.38|3924.89|2561.83|6.02|
|新乳业|002946.SZ|2026-01-27|159.31|157.47|29.63|23.2|4.45|4.52|10.68|10.2|1.49|1.45|1.54|1.73|98.34|188.26|182.5|15.02|
|有友食品|603697.SH|2026-01-27|54.06|54.06|34.36|25.76|3.07|3.07|23.66|14.29|4.57|3.51|3.48|3.48|1214.81|54.07|52.4|24.1|
|五粮液|000858.SZ|2026-01-26|3972.44|3972.27|12.47|13.97|2.79|3|11.7|12.26|4.45|4.83|8.13|5.62|469.44|3976.13|2613.07|6.14|
|新乳业|002946.SZ|2026-01-26|164.05|162.15|30.51|23.88|4.58|4.66|11|10.51|1.54|1.5|1.5|1.68|101.26|193|187.24|15.41|
|有友食品|603697.SH|2026-01-26|56.28|56.28|35.78|26.82|3.2|3.2|24.63|14.88|4.76|3.65|3.34|3.34|1264.79|56.29|54.63|25.12|
|五粮液|000858.SZ|2026-01-23|3997.67|3997.5|12.55|14.06|2.81|3.02|11.78|12.34|4.48|4.86|8.08|5.58|472.42|4001.36|2638.3|6.2|
|新乳业|002946.SZ|2026-01-23|165.16|163.25|30.72|24.05|4.61|4.69|11.08|10.58|1.55|1.51|1.49|1.67|101.95|194.11|188.36|15.51|
|有友食品|603697.SH|2026-01-23|57.31|57.31|36.43|27.31|3.26|3.26|25.08|15.15|4.85|3.72|3.28|3.28|1287.86|57.32|55.65|25.59|
|五粮液|000858.SZ|2026-01-22|3988.74|3988.57|12.52|14.03|2.8|3.01|11.75|12.31|4.47|4.85|8.1|5.59|471.37|3992.43|2629.37|6.18|
|新乳业|002946.SZ|2026-01-22|167.4|165.46|31.13|24.37|4.67|4.75|11.23|10.72|1.57|1.53|1.47|1.65|103.33|196.35|190.59|15.69|
|有友食品|603697.SH|2026-01-22|57.82|57.82|36.75|27.55|3.29|3.29|25.3|15.28|4.89|3.75|3.25|3.25|1299.39|57.83|56.17|25.83|
|五粮液|000858.SZ|2026-01-21|4000|3999.83|12.56|14.07|2.81|3.02|11.79|12.35|4.49|4.87|8.08|5.58|472.7|4003.69|2640.63|6.21|
|新乳业|002946.SZ|2026-01-21|164.22|162.32|30.54|23.91|4.58|4.66|11.01|10.52|1.54|1.5|1.49|1.68|101.37|193.17|187.41|15.43|
|有友食品|603697.SH|2026-01-21|56.93|56.93|36.18|27.12|3.23|3.23|24.91|15.05|4.81|3.7|3.31|3.31|1279.21|56.94|55.27|25.41|
|五粮液|000858.SZ|2026-01-20|4072.19|4072.02|12.78|14.32|2.86|3.07|12|12.57|4.57|4.95|7.93|5.48|481.23|4075.88|2712.82|6.38|
|新乳业|002946.SZ|2026-01-20|166.37|164.44|30.94|24.22|4.64|4.72|11.16|10.65|1.56|1.52|1.47|1.66|102.7|195.32|189.56|15.61|
|有友食品|603697.SH|2026-01-20|58|58|36.86|27.63|3.3|3.3|25.38|15.33|4.91|3.76|3.24|3.24|1303.23|58.01|56.34|25.91|
|五粮液|000858.SZ|2026-01-19|4058.22|4058.05|12.74|14.27|2.85|3.06|11.96|12.53|4.55|4.94|7.96|5.5|479.58|4061.91|2698.85|6.34|
|新乳业|002946.SZ|2026-01-19|164.91|163|30.67|24.01|4.6|4.68|11.06|10.56|1.55|1.51|1.49|1.67|101.79|193.86|188.1|15.48|
|有友食品|603697.SH|2026-01-19|58|58|36.86|27.63|3.3|3.3|25.38|15.33|4.91|3.76|3.24|3.24|1303.23|58.01|56.34|25.91|
|五粮液|000858.SZ|2026-01-16|4081.9|4081.73|12.81|14.36|2.86|3.08|12.03|12.6|4.58|4.97|7.91|5.46|482.38|4085.59|2722.53|6.4|
|新乳业|002946.SZ|2026-01-16|163.61|161.72|30.43|23.82|4.57|4.64|10.97|10.48|1.53|1.49|1.5|1.68|101|192.57|186.81|15.38|
|有友食品|603697.SH|2026-01-16|55.86|55.86|35.5|26.61|3.17|3.17|24.44|14.76|4.72|3.63|3.37|3.37|1255.18|55.87|54.2|24.92|
|五粮液|000858.SZ|2026-01-15|4118|4117.82|12.93|14.48|2.89|3.11|12.13|12.71|4.62|5.01|7.85|5.42|486.64|4121.69|2758.63|6.48|
|新乳业|002946.SZ|2026-01-15|156.21|154.4|29.05|22.74|4.36|4.36|10.48|10|1.46|1.43|1.57|1.57|96.43|185.16|179.41|14.77|
|有友食品|603697.SH|2026-01-15|55.39|55.39|35.2|26.39|3.15|3.15|24.24|14.64|4.68|3.6|3.4|3.4|1244.61|55.4|53.73|24.71|
|五粮液|000858.SZ|2026-01-14|4154.87|4154.7|13.04|14.61|2.92|3.14|12.24|12.83|4.66|5.05|7.78|5.37|491|4158.56|2795.5|6.57|
|新乳业|002946.SZ|2026-01-14|155.01|153.21|28.83|22.57|4.33|4.33|10.39|9.93|1.45|1.42|1.58|1.58|95.68|183.96|178.2|14.67|
|有友食品|603697.SH|2026-01-14|54.96|54.96|34.93|26.19|3.12|3.12|24.05|14.53|4.65|3.57|3.42|3.42|1235|54.97|53.3|24.51|
|五粮液|000858.SZ|2026-01-13|4192.14|4191.96|13.16|14.74|2.94|3.16|12.35|12.94|4.7|5.1|7.71|5.32|495.4|4195.83|2832.77|6.66|
|新乳业|002946.SZ|2026-01-13|158.36|156.53|29.45|23.06|4.42|4.42|10.62|10.14|1.48|1.45|1.55|1.55|97.76|187.32|181.56|14.95|
|有友食品|603697.SH|2026-01-13|55.34|55.34|35.18|26.37|3.14|3.14|24.22|14.63|4.68|3.59|3.4|3.4|1243.65|55.35|53.69|24.69|
|五粮液|000858.SZ|2026-01-12|4213.49|4213.31|13.23|14.82|2.96|3.18|12.41|13.01|4.72|5.13|7.67|5.29|497.93|4217.18|2854.12|6.71|
|新乳业|002946.SZ|2026-01-12|160.69|158.83|29.88|23.4|4.48|4.48|10.78|10.29|1.51|1.47|1.53|1.53|99.19|189.64|183.88|15.14|
|有友食品|603697.SH|2026-01-12|56.5|56.5|35.91|26.92|3.21|3.21|24.72|14.93|4.78|3.67|3.33|3.33|1269.6|56.51|54.84|25.22|
|五粮液|000858.SZ|2026-01-09|4158.75|4158.58|13.06|14.63|2.92|3.14|12.25|12.84|4.66|5.06|7.77|5.36|491.46|4162.44|2799.38|6.58|
|新乳业|002946.SZ|2026-01-09|160.95|159.08|29.93|23.43|4.49|4.49|10.79|10.31|1.51|1.47|1.52|1.52|99.35|189.9|184.14|15.16|
|有友食品|603697.SH|2026-01-09|55.64|55.64|35.37|26.51|3.16|3.16|24.35|14.71|4.71|3.61|3.38|3.38|1250.37|55.65|53.99|24.82|
|五粮液|000858.SZ|2026-01-08|4149.44|4149.26|13.03|14.59|2.91|3.13|12.23|12.81|4.65|5.05|7.79|5.38|490.36|4153.13|2790.07|6.56|
|新乳业|002946.SZ|2026-01-08|160.17|158.32|29.79|23.32|4.47|4.47|10.74|10.26|1.5|1.46|1.53|1.53|98.87|189.12|183.37|15.1|
|有友食品|603697.SH|2026-01-08|55.3|55.3|35.15|26.35|3.14|3.14|24.2|14.62|4.68|3.59|3.4|3.4|1242.68|55.31|53.64|24.67|
|五粮液|000858.SZ|2026-01-07|4173.5|4173.33|13.1|14.68|2.93|3.15|12.3|12.88|4.68|5.08|7.74|5.35|493.2|4177.19|2814.13|6.61|
|新乳业|002946.SZ|2026-01-07|161.81|159.93|30.09|23.56|4.52|4.52|10.85|10.36|1.52|1.48|1.52|1.52|99.88|190.76|185|15.23|
|有友食品|603697.SH|2026-01-07|55.17|55.17|35.07|26.29|3.13|3.13|24.14|14.58|4.67|3.58|3.41|3.41|1239.8|55.18|53.52|24.61|
|五粮液|000858.SZ|2026-01-06|4198.74|4198.56|13.18|14.77|2.95|3.17|12.37|12.96|4.71|5.11|7.69|5.31|496.18|4202.43|2839.37|6.67|
|新乳业|002946.SZ|2026-01-06|162.84|160.95|30.29|23.71|4.54|4.54|10.92|10.43|1.53|1.49|1.51|1.51|100.52|191.79|186.03|15.31|
|有友食品|603697.SH|2026-01-06|55.09|55.09|35.01|26.25|3.13|3.13|24.11|14.56|4.66|3.58|3.42|3.42|1237.88|55.1|53.43|24.57|
|五粮液|000858.SZ|2026-01-05|4188.26|4188.08|13.15|14.73|2.94|3.16|12.34|12.93|4.7|5.09|7.71|5.33|494.94|4191.94|2828.89|6.65|
|新乳业|002946.SZ|2026-01-05|161.81|159.93|30.09|23.56|4.52|4.52|10.85|10.36|1.52|1.48|1.52|1.52|99.88|190.76|185|15.23|
|有友食品|603697.SH|2026-01-05|52.86|52.86|33.6|25.19|3|3|23.13|13.97|4.47|3.43|3.56|3.56|1187.9|52.87|51.21|23.55|
|五粮液|000858.SZ|2025-12-31|4112.18|4112|12.91|14.46|2.89|3.1|12.12|12.69|4.61|5|4.41|5.42|485.95|4115.87|2752.81|6.47|
|新乳业|002946.SZ|2025-12-31|159.48|157.64|29.66|23.22|4.45|4.45|10.69|10.21|1.5|1.46|0.81|1.54|98.45|188.43|182.68|15.04|
|有友食品|603697.SH|2025-12-31|52.39|52.39|33.3|24.96|2.98|2.98|22.93|13.85|4.43|3.4|4.16|3.59|1177.33|52.4|50.74|23.33|
|五粮液|000858.SZ|2025-12-30|4167.29|4167.12|13.08|14.66|2.92|3.15|12.28|12.86|4.67|5.07|4.35|5.35|492.47|4170.98|2807.92|6.6|
|新乳业|002946.SZ|2025-12-30|161.46|159.59|30.03|23.51|4.51|4.51|10.83|10.34|1.51|1.47|0.8|1.52|99.67|190.41|184.66|15.2|
|有友食品|603697.SH|2025-12-30|52.18|52.18|33.17|24.86|2.96|2.96|22.83|13.79|4.41|3.39|4.18|3.61|1172.53|52.19|50.52|23.23|
|五粮液|000858.SZ|2025-12-29|4194.47|4194.29|13.17|14.75|2.94|3.17|12.36|12.95|4.7|5.1|4.32|5.32|495.68|4198.16|2835.1|6.66|
|新乳业|002946.SZ|2025-12-29|160.09|158.23|29.77|23.31|4.47|4.47|10.73|10.25|1.5|1.46|0.81|1.53|98.82|189.04|183.28|15.09|
|有友食品|603697.SH|2025-12-29|52.48|52.48|33.36|25|2.98|2.98|22.97|13.87|4.44|3.41|4.16|3.59|1179.25|52.49|50.82|23.37|
|五粮液|000858.SZ|2025-12-26|4261.23|4261.05|13.38|14.99|2.99|3.22|12.56|13.15|4.78|5.18|4.25|5.24|503.57|4264.92|2901.86|6.82|
|新乳业|002946.SZ|2025-12-26|162.15|160.27|30.16|23.61|4.53|4.53|10.87|10.38|1.52|1.48|0.8|1.51|100.09|191.1|185.34|15.26|
|有友食品|603697.SH|2025-12-26|54.45|54.45|34.61|25.94|3.09|3.09|23.83|14.39|4.6|3.53|4.01|3.46|1223.46|54.46|52.79|24.27|
|五粮液|000858.SZ|2025-12-25|4293.06|4292.88|13.48|15.1|3.01|3.24|12.65|13.25|4.81|5.22|4.22|5.2|507.33|4296.75|2933.69|6.9|
|新乳业|002946.SZ|2025-12-25|160.09|158.23|29.77|23.31|4.47|4.47|10.73|10.25|1.5|1.46|0.81|1.53|98.82|189.04|183.28|15.09|
|有友食品|603697.SH|2025-12-25|54.32|54.32|34.52|25.88|3.09|3.09|23.77|14.36|4.59|3.53|4.02|4.25|1220.58|54.33|52.66|24.21|
|五粮液|000858.SZ|2025-12-24|4241.82|4241.64|13.32|14.92|2.98|3.2|12.5|13.09|4.76|5.16|4.27|5.26|501.27|4245.51|2882.45|6.77|
|新乳业|002946.SZ|2025-12-24|160.26|158.4|29.8|23.33|4.47|4.47|10.75|10.26|1.5|1.46|0.81|1.53|98.93|189.21|183.45|15.1|
|有友食品|603697.SH|2025-12-24|54.53|54.53|34.66|25.98|3.1|3.1|23.86|14.41|4.61|3.54|4|4.24|1225.39|54.54|52.87|24.31|
|五粮液|000858.SZ|2025-12-23|4258.9|4258.72|13.37|14.98|2.99|3.21|12.55|13.15|4.78|5.18|4.26|5.24|503.29|4262.59|2899.53|6.81|
|新乳业|002946.SZ|2025-12-23|160.95|159.08|29.93|23.43|4.49|4.49|10.79|10.31|1.51|1.47|0.8|1.52|99.35|189.9|184.14|15.16|
|有友食品|603697.SH|2025-12-23|55.22|55.22|35.1|26.31|3.14|3.14|24.16|14.59|4.67|3.58|3.95|4.18|1240.76|55.23|53.56|24.63|
|五粮液|000858.SZ|2025-12-22|4282.58|4282.4|13.44|15.06|3.01|3.23|12.62|13.22|4.8|5.21|4.23|5.21|506.09|4286.27|2923.21|6.87|
|新乳业|002946.SZ|2025-12-22|162.5|160.61|30.22|23.66|4.54|4.54|10.9|10.41|1.52|1.48|0.79|1.51|100.31|191.45|185.69|15.29|
|有友食品|603697.SH|2025-12-22|55.51|55.51|35.29|26.45|3.15|3.15|24.29|14.67|4.7|3.6|3.93|4.16|1247.49|55.52|53.86|24.77|
|五粮液|000858.SZ|2025-12-19|4290.34|4290.16|13.47|15.09|3.01|3.24|12.64|13.24|4.81|5.22|4.23|5.2|507.01|4294.03|2930.97|6.89|
|新乳业|002946.SZ|2025-12-19|163.27|161.38|30.37|23.77|4.56|4.56|10.95|10.46|1.53|1.49|0.79|1.5|100.78|192.22|186.46|15.35|
|有友食品|603697.SH|2025-12-19|55.9|55.9|35.53|26.63|3.18|3.18|24.46|14.78|4.73|3.63|3.9|4.13|1256.14|55.91|54.24|24.94|
|五粮液|000858.SZ|2025-12-18|4286.46|4286.28|13.46|15.08|3.01|3.24|12.63|13.23|4.81|5.21|4.23|5.2|506.55|4290.15|2927.09|6.88|
|新乳业|002946.SZ|2025-12-18|156.47|154.66|29.1|22.78|4.37|4.37|10.49|10.02|1.47|1.43|0.83|1.57|96.59|185.42|179.66|14.79|
|有友食品|603697.SH|2025-12-18|53.8|53.8|34.2|25.64|3.06|3.06|23.55|14.22|4.55|3.49|4.05|4.29|1209.05|53.81|52.15|23.98|
|五粮液|000858.SZ|2025-12-17|4401.74|4401.56|13.82|15.48|3.09|3.09|12.97|13.59|4.94|5.35|4.12|5.07|520.17|4405.43|3042.37|7.15|
|新乳业|002946.SZ|2025-12-17|155.78|153.98|28.97|22.68|4.35|4.35|10.45|9.98|1.46|1.42|0.83|1.57|96.16|184.73|178.98|14.73|
|有友食品|603697.SH|2025-12-17|53.72|53.72|34.14|25.6|3.05|3.05|23.51|14.2|4.54|3.49|4.06|4.3|1207.12|53.73|52.06|23.94|
|五粮液|000858.SZ|2025-12-16|4386.22|4386.03|13.77|15.43|3.08|3.08|12.92|13.54|4.92|5.34|4.13|5.08|518.34|4389.91|3026.85|7.11|
|新乳业|002946.SZ|2025-12-16|153.29|151.51|28.51|22.32|4.28|4.28|10.28|9.82|1.44|1.4|0.84|1.6|94.62|182.24|176.48|14.53|
|有友食品|603697.SH|2025-12-16|54.45|54.45|34.61|25.94|3.09|3.09|23.83|14.39|4.6|3.53|4.01|4.24|1223.46|54.46|52.79|24.27|
|五粮液|000858.SZ|2025-12-15|4364.87|4364.68|13.7|15.35|3.06|3.06|12.86|13.47|4.89|5.31|4.15|5.11|515.81|4368.56|3005.5|7.06|
|新乳业|002946.SZ|2025-12-15|153.03|151.26|28.46|22.28|4.27|4.27|10.26|9.8|1.43|1.4|0.84|1.6|94.46|181.98|176.22|14.51|
|有友食品|603697.SH|2025-12-15|53.85|53.85|34.23|25.66|3.06|3.06|23.56|14.23|4.55|3.5|4.05|4.29|1210.01|53.86|52.19|24|
|五粮液|000858.SZ|2025-12-12|4331.87|4331.69|13.6|15.23|3.04|3.04|12.76|13.37|4.86|5.27|4.18|5.15|511.92|4335.56|2972.5|6.99|
|新乳业|002946.SZ|2025-12-12|148.9|147.17|27.69|21.68|4.16|4.16|9.98|9.54|1.4|1.36|0.87|1.65|91.91|177.85|172.09|14.17|
|有友食品|603697.SH|2025-12-12|52.26|52.26|33.22|24.9|2.97|2.97|22.87|13.81|4.42|3.39|4.17|4.42|1174.45|52.27|50.61|23.27|
|五粮液|000858.SZ|2025-12-11|4343.52|4343.34|13.64|15.28|3.05|3.05|12.8|13.41|4.87|5.28|4.17|5.13|513.29|4347.21|2984.15|7.01|
|新乳业|002946.SZ|2025-12-11|141.67|140.03|26.35|20.63|3.95|3.95|9.5|9.07|1.33|1.29|0.91|1.73|87.45|170.62|164.86|13.57|
|有友食品|603697.SH|2025-12-11|52.01|52.01|33.06|24.78|2.96|2.96|22.76|13.75|4.4|3.38|4.19|4.44|1168.68|52.02|50.35|23.15|
|五粮液|000858.SZ|2025-12-10|4332.65|4332.47|13.6|15.24|3.04|3.04|12.77|13.38|4.86|5.27|4.18|5.15|512.01|4336.34|2973.28|6.99|
|新乳业|002946.SZ|2025-12-10|143.82|142.15|26.75|20.94|4.01|4.01|9.64|9.21|1.35|1.31|0.9|1.71|88.78|172.77|167.01|13.75|
|有友食品|603697.SH|2025-12-10|53.55|53.55|34.04|25.51|3.04|3.04|23.43|14.15|4.53|3.48|4.07|4.31|1203.28|53.56|51.89|23.86|
|五粮液|000858.SZ|2025-12-09|4303.93|4303.75|13.51|15.14|3.02|3.02|12.68|13.29|4.83|5.24|4.21|5.18|508.61|4307.62|2944.56|6.92|
|新乳业|002946.SZ|2025-12-09|143.56|141.9|26.7|20.9|4.01|4.01|9.63|9.19|1.35|1.31|0.9|1.71|88.62|172.51|166.75|13.73|
|有友食品|603697.SH|2025-12-09|54.02|54.02|34.33|25.74|3.07|3.07|23.64|14.28|4.57|3.51|4.04|4.28|1213.85|54.03|52.36|24.08|
|五粮液|000858.SZ|2025-12-08|4396.7|4396.51|13.8|15.46|3.09|3.09|12.95|13.57|4.93|5.35|4.12|5.07|519.58|4400.39|3037.33|7.14|
|新乳业|002946.SZ|2025-12-08|142.87|141.22|26.57|20.8|3.99|3.99|9.58|9.15|1.34|1.3|0.9|1.72|88.19|171.82|166.07|13.67|
|有友食品|603697.SH|2025-12-08|53.5|53.5|34.01|25.49|3.04|3.04|23.41|14.14|4.53|3.47|4.08|4.32|1202.32|53.51|51.85|23.84|
|五粮液|000858.SZ|2025-12-05|4462.3|4462.11|14.01|15.69|3.13|3.13|13.15|13.78|5|5.43|4.06|5|527.33|4465.99|3102.93|7.29|
|新乳业|002946.SZ|2025-12-05|144.25|142.58|26.83|21|4.03|4.03|9.67|9.24|1.35|1.32|0.9|1.7|89.04|173.2|167.44|13.78|
|有友食品|603697.SH|2025-12-05|54.53|54.53|34.66|25.98|3.1|3.1|23.86|14.41|4.61|3.54|4|4.24|1225.39|54.54|52.87|24.31|
|五粮液|000858.SZ|2025-12-04|4442.5|4442.31|13.95|15.62|3.12|3.12|13.09|13.71|4.98|5.4|4.08|5.02|524.99|4446.19|3083.13|7.25|
|新乳业|002946.SZ|2025-12-04|143.82|142.15|26.75|20.94|4.01|4.01|9.64|9.21|1.35|1.31|0.9|1.71|88.78|172.77|167.01|13.75|
|有友食品|603697.SH|2025-12-04|54.45|54.45|34.61|25.94|3.09|3.09|23.83|14.39|4.6|3.53|4.01|4.24|1223.46|54.46|52.79|24.27|
|五粮液|000858.SZ|2025-12-03|4487.14|4486.95|14.09|15.78|3.15|3.15|13.22|13.85|5.03|5.46|4.04|4.97|530.26|4490.83|3127.77|7.35|
|新乳业|002946.SZ|2025-12-03|147.52|145.81|27.44|21.48|4.12|4.12|9.89|9.45|1.38|1.35|0.88|1.66|91.06|176.47|170.71|14.05|
|有友食品|603697.SH|2025-12-03|55.43|55.43|35.23|26.41|3.15|3.15|24.26|14.65|4.69|3.6|3.94|4.17|1245.57|55.44|53.77|24.73|
|五粮液|000858.SZ|2025-12-02|4524.79|4524.6|14.21|15.91|3.18|3.18|13.33|13.97|5.07|5.5|4.01|4.93|534.71|4528.48|3165.42|7.44|
|新乳业|002946.SZ|2025-12-02|148.64|146.92|27.64|21.64|4.15|4.15|9.97|9.52|1.39|1.36|0.87|1.65|91.75|177.59|171.83|14.15|
|有友食品|603697.SH|2025-12-02|56.8|56.8|36.1|27.06|3.23|3.23|24.86|15.01|4.8|3.69|3.84|4.07|1276.32|56.81|55.14|25.36|
|五粮液|000858.SZ|2025-12-01|4566.71|4566.52|14.34|16.06|3.2|3.2|13.46|14.1|5.12|5.56|3.97|4.88|539.67|4570.4|3207.34|7.54|
|新乳业|002946.SZ|2025-12-01|150.02|148.28|27.9|21.84|4.19|4.19|10.06|9.61|1.41|1.37|0.86|1.64|92.6|178.97|173.21|14.26|
|有友食品|603697.SH|2025-12-01|56.97|56.97|36.21|27.14|3.24|3.24|24.93|15.06|4.82|3.7|3.83|4.05|1280.17|56.98|55.31|25.43|
|五粮液|000858.SZ|2025-11-28|4574.48|4574.28|14.36|16.09|3.21|3.21|13.48|14.12|5.13|5.56|3.96|4.87|540.59|4578.16|3215.11|7.56|
|新乳业|002946.SZ|2025-11-28|149.41|147.68|27.79|21.75|4.17|4.17|10.02|9.57|1.4|1.36|0.86|1.64|92.23|178.36|172.61|14.21|
|有友食品|603697.SH|2025-11-28|55.81|55.81|35.48|26.59|3.17|3.17|24.43|14.75|4.72|3.62|3.91|4.14|1254.22|55.82|54.16|24.9|
|五粮液|000858.SZ|2025-11-27|4577.97|4577.78|14.37|16.1|3.21|3.21|13.49|14.13|5.13|5.57|3.96|4.87|541|4581.66|3218.6|7.56|
|新乳业|002946.SZ|2025-11-27|145.28|143.6|27.02|21.15|4.05|4.05|9.74|9.3|1.36|1.33|0.89|1.69|89.68|174.23|168.48|13.87|
|有友食品|603697.SH|2025-11-27|53.42|53.42|33.95|25.45|3.04|3.04|23.38|14.12|4.52|3.47|4.08|4.32|1200.4|53.43|51.76|23.8|
|五粮液|000858.SZ|2025-11-26|4590.39|4590.2|14.41|16.14|3.22|3.22|13.53|14.17|5.15|5.58|3.95|4.86|542.47|4594.08|3231.02|7.59|
|新乳业|002946.SZ|2025-11-26|144.68|143|26.91|21.07|4.04|4.04|9.7|9.27|1.36|1.32|0.89|1.7|89.31|173.63|167.87|13.82|
|有友食品|603697.SH|2025-11-26|54.27|54.27|34.5|25.86|3.08|3.08|23.75|14.35|4.59|3.52|4.02|4.26|1219.62|54.28|52.62|24.2|
|五粮液|000858.SZ|2025-11-25|4600.09|4599.9|14.44|16.18|3.23|3.23|13.55|14.2|5.16|5.6|3.94|4.85|543.61|4603.78|3240.72|7.62|
|新乳业|002946.SZ|2025-11-25|146.49|144.79|27.24|21.33|4.09|4.09|9.82|9.38|1.37|1.34|0.88|1.67|90.42|175.44|169.68|13.97|
|有友食品|603697.SH|2025-11-25|51.88|51.88|32.98|24.72|2.95|2.95|22.7|13.71|4.39|3.37|4.2|4.45|1165.8|51.89|50.22|23.09|
|五粮液|000858.SZ|2025-11-24|4600.48|4600.29|14.44|16.18|3.23|3.23|13.55|14.2|5.16|5.6|3.94|4.85|543.66|4604.17|3241.11|7.62|
|新乳业|002946.SZ|2025-11-24|145.54|143.85|27.07|21.19|4.06|4.06|9.76|9.32|1.36|1.33|0.89|1.69|89.84|174.49|168.73|13.89|
|有友食品|603697.SH|2025-11-24|51.45|51.45|32.7|24.52|2.92|2.92|22.52|13.6|4.35|3.34|4.24|4.49|1156.19|51.46|49.79|22.9|
|五粮液|000858.SZ|2025-11-21|4645.51|4645.31|14.58|16.34|3.26|3.26|13.69|14.34|5.21|5.65|3.9|4.8|548.98|4649.2|3286.14|7.72|
|新乳业|002946.SZ|2025-11-21|148.9|147.17|27.69|21.68|4.16|4.16|9.98|9.54|1.4|1.36|0.87|1.65|91.91|177.85|172.09|14.17|
|有友食品|603697.SH|2025-11-21|51.75|51.75|32.89|24.66|2.94|2.94|22.65|13.68|4.38|3.36|4.21|4.46|1162.91|51.76|50.09|23.03|
|五粮液|000858.SZ|2025-11-20|4667.63|4667.44|14.65|16.42|3.28|3.28|13.75|14.41|5.23|5.68|3.88|4.78|551.59|4671.32|3308.26|7.78|
|新乳业|002946.SZ|2025-11-20|149.5|147.77|27.8|21.77|4.17|4.17|10.03|9.57|1.4|1.37|0.86|1.64|92.28|178.45|172.69|14.22|
|有友食品|603697.SH|2025-11-20|53.89|53.89|34.25|25.68|3.06|3.06|23.58|14.24|4.56|3.5|4.05|4.29|1210.97|53.9|52.23|24.02|
|五粮液|000858.SZ|2025-11-19|4653.66|4653.46|14.61|16.37|3.27|3.27|13.71|14.37|5.22|5.66|3.9|4.79|549.94|4657.35|3294.29|7.74|
|新乳业|002946.SZ|2025-11-19|153.46|151.68|28.54|22.34|4.28|4.28|10.29|9.83|1.44|1.4|0.84|1.6|94.73|182.41|176.65|14.54|
|有友食品|603697.SH|2025-11-19|55.09|55.09|35.01|26.25|3.13|3.13|24.11|14.56|4.66|3.58|3.96|4.19|1237.88|55.1|53.43|24.57|
|五粮液|000858.SZ|2025-11-18|4671.9|4671.71|14.67|16.43|3.28|3.28|13.77|14.42|5.24|5.68|3.88|4.77|552.1|4675.59|3312.53|7.79|
|新乳业|002946.SZ|2025-11-18|150.88|149.13|28.06|21.97|4.21|4.21|10.12|9.66|1.41|1.38|0.86|1.63|93.13|179.83|174.07|14.33|
|有友食品|603697.SH|2025-11-18|55.81|55.81|35.48|26.59|3.17|3.17|24.43|14.75|4.72|3.62|3.91|4.14|1254.22|55.82|54.16|24.9|
|五粮液|000858.SZ|2025-11-17|4663.75|4663.56|14.64|16.4|3.27|3.27|13.74|14.4|5.23|5.67|3.89|4.78|551.14|4667.44|3304.38|7.77|
|新乳业|002946.SZ|2025-11-17|151.65|149.89|28.2|22.08|4.23|4.23|10.17|9.71|1.42|1.39|0.85|1.62|93.61|180.6|174.84|14.39|
|有友食品|603697.SH|2025-11-17|56.5|56.5|35.91|26.92|3.21|3.21|24.72|14.93|4.78|3.67|3.86|4.09|1269.6|56.51|54.84|25.22|
|五粮液|000858.SZ|2025-11-14|4666.08|4665.88|14.65|16.41|3.27|3.27|13.75|14.4|5.23|5.68|3.88|4.78|551.41|4669.77|3306.71|7.77|
|新乳业|002946.SZ|2025-11-14|152.68|150.92|28.4|22.23|4.26|4.26|10.24|9.78|1.43|1.39|0.85|1.61|94.25|181.63|175.88|14.48|
|有友食品|603697.SH|2025-11-14|57.14|57.14|36.32|27.23|3.25|3.25|25.01|15.1|4.83|3.71|3.82|4.04|1284.01|57.15|55.48|25.51|
|五粮液|000858.SZ|2025-11-13|4704.51|4704.31|14.77|16.55|3.3|3.3|13.86|14.52|5.28|5.72|3.85|4.74|555.95|4708.2|3345.14|7.86|
|新乳业|002946.SZ|2025-11-13|156.04|154.23|29.02|22.72|4.35|4.35|10.46|9.99|1.46|1.43|0.83|1.57|96.32|184.99|179.23|14.76|
|有友食品|603697.SH|2025-11-13|57.82|57.82|36.75|27.55|3.29|3.29|25.3|15.28|4.89|3.75|3.77|3.99|1299.39|57.83|56.17|25.83|
|五粮液|000858.SZ|2025-11-12|4672.68|4672.48|14.67|16.43|3.28|3.28|13.77|14.42|5.24|5.68|3.88|4.77|552.19|4676.37|3313.31|7.79|
|新乳业|002946.SZ|2025-11-12|155.35|153.55|28.89|22.62|4.34|4.34|10.42|9.95|1.46|1.42|0.83|1.58|95.9|184.3|178.55|14.7|
|有友食品|603697.SH|2025-11-12|57.65|57.65|36.65|27.47|3.28|3.28|25.23|15.24|4.88|3.74|3.78|4.01|1295.54|57.66|56|25.75|
|五粮液|000858.SZ|2025-11-11|4688.21|4688.01|14.72|16.49|3.29|3.29|13.81|14.47|5.26|5.7|3.87|4.76|554.03|4691.9|3328.84|7.82|
|新乳业|002946.SZ|2025-11-11|157.59|155.76|29.31|22.94|4.4|4.4|10.57|10.09|1.48|1.44|0.82|1.56|97.28|186.54|180.78|14.88|
|有友食品|603697.SH|2025-11-11|58.89|58.89|37.43|28.06|3.35|3.35|25.77|15.57|4.98|3.82|3.7|3.92|1323.42|58.9|57.24|26.32|
|五粮液|000858.SZ|2025-11-10|4688.98|4688.78|14.72|16.49|3.29|3.29|13.82|14.48|5.26|5.7|3.87|4.76|554.12|4692.67|3329.61|7.83|
|新乳业|002946.SZ|2025-11-10|154.32|152.53|28.7|22.47|4.31|4.31|10.35|9.88|1.45|1.41|0.84|1.59|95.26|183.27|177.51|14.61|
|有友食品|603697.SH|2025-11-10|58.94|58.94|37.46|28.08|3.35|3.35|25.79|15.58|4.98|3.83|3.7|3.92|1324.38|58.95|57.28|26.34|
|五粮液|000858.SZ|2025-11-07|4531.78|4531.59|14.23|15.94|3.18|3.18|13.35|13.99|5.08|5.51|4|4.92|535.54|4535.47|3172.41|7.46|
|新乳业|002946.SZ|2025-11-07|143.65|141.98|26.72|20.91|4.01|4.01|9.63|9.2|1.35|1.31|0.9|1.71|88.67|172.6|166.84|13.73|
|有友食品|603697.SH|2025-11-07|56.11|56.11|35.67|26.74|3.19|3.19|24.56|14.83|4.75|3.64|3.89|4.12|1260.95|56.12|54.46|25.04|
|五粮液|000858.SZ|2025-11-06|4509.26|4509.07|14.16|15.86|3.16|3.16|13.29|13.92|5.06|5.49|4.02|4.95|532.88|4512.95|3149.89|7.4|
|新乳业|002946.SZ|2025-11-06|145.8|144.11|27.12|21.23|4.07|4.07|9.78|9.34|1.37|1.33|0.89|1.68|90|174.75|168.99|13.91|
|有友食品|603697.SH|2025-11-06|56.41|56.41|35.86|26.88|3.21|3.21|24.69|14.91|4.77|3.66|3.87|4.09|1267.67|56.42|54.76|25.18|
|五粮液|000858.SZ|2025-11-05|4509.65|4509.46|14.16|15.86|3.16|3.16|13.29|13.92|5.06|5.49|4.02|4.94|532.92|4513.34|3150.28|7.4|
|新乳业|002946.SZ|2025-11-05|148.72|147|27.66|21.65|4.15|4.15|9.97|9.52|1.39|1.36|0.87|1.65|91.81|177.68|171.92|14.15|
|有友食品|603697.SH|2025-11-05|56.33|56.33|35.8|26.84|3.2|3.2|24.65|14.89|4.76|3.66|3.87|4.1|1265.75|56.34|54.67|25.14|
|五粮液|000858.SZ|2025-11-04|4547.69|4547.5|14.28|15.99|3.19|3.19|13.4|14.04|5.1|5.53|3.99|4.9|537.42|4551.38|3188.32|7.49|
|新乳业|002946.SZ|2025-11-04|149.07|147.34|27.72|21.7|4.16|4.16|10|9.55|1.4|1.36|0.87|1.65|92.02|178.02|172.26|14.18|
|有友食品|603697.SH|2025-11-04|56.24|56.24|35.75|26.8|3.2|3.2|24.61|14.87|4.76|3.65|3.88|4.11|1263.83|56.25|54.58|25.1|
|五粮液|000858.SZ|2025-11-03|4618.34|4618.14|14.5|16.24|3.24|3.24|13.61|14.26|5.18|5.62|3.92|4.83|545.77|4622.03|3258.97|7.66|
|新乳业|002946.SZ|2025-11-03|150.02|148.28|27.9|21.84|4.19|4.19|10.06|9.61|1.41|1.37|0.86|1.64|92.6|178.97|173.21|14.26|
|有友食品|603697.SH|2025-11-03|55.56|55.56|35.31|26.47|3.16|3.16|24.31|14.68|4.7|3.61|3.93|4.16|1248.45|55.57|53.9|24.79|
|五粮液|000858.SZ|2025-10-31|4618.73|4618.53|14.5|16.24|3.24|3.24|13.61|14.26|5.18|5.62|3.92|4.83|545.81|4622.42|3259.36|7.66|
|新乳业|002946.SZ|2025-10-31|149.93|148.19|27.88|21.83|4.18|4.18|10.05|9.6|1.41|1.37|0.86|1.64|92.55|178.88|173.12|14.25|
|有友食品|603697.SH|2025-10-31|55.51|55.51|35.29|26.45|3.15|3.15|24.29|14.67|4.7|3.6|3.93|4.16|1247.49|55.52|53.86|24.77|
|五粮液|000858.SZ|2025-10-30|4598.54|4598.35|14.44|14.24|3.27|3.27|13.55|8.9|5.16|5.04|3.94|4.85|167.47|4602.4|3119.2|7.33|
|新乳业|002946.SZ|2025-10-30|146.4|144.71|27.23|21.32|4.09|4.09|9.82|9.38|1.37|1.34|0.88|1.68|90.37|175.35|169.59|13.96|
|有友食品|603697.SH|2025-10-30|50.47|50.47|32.08|26.61|2.81|2.98|22.09|20.45|4.27|3.54|4.32|4.58|-835.64|50.48|49.12|22.59|
|五粮液|000858.SZ|2025-10-29|4612.51|4612.32|14.48|14.29|3.28|3.28|13.59|8.93|5.17|5.05|3.93|4.83|167.98|4616.37|3133.18|7.36|
|新乳业|002946.SZ|2025-10-29|142.87|141.22|26.57|22.4|4.5|4.5|9.58|9.82|1.34|1.32|0.9|1.72|102.54|172.45|168.34|13.86|
|有友食品|603697.SH|2025-10-29|51.58|51.58|32.78|27.2|2.88|3.04|22.57|20.9|4.36|3.62|4.23|4.48|-854.06|51.59|50.23|23.1|
|五粮液|000858.SZ|2025-10-28|4661.81|4661.61|14.64|14.44|3.32|3.32|13.74|9.03|5.23|5.11|3.89|4.78|169.77|4665.67|3182.47|7.48|
|新乳业|002946.SZ|2025-10-28|142.87|141.22|26.57|22.4|4.5|4.5|9.58|9.82|1.34|1.32|0.9|1.72|102.54|172.45|168.34|13.86|
|有友食品|603697.SH|2025-10-28|50.81|50.81|32.3|26.79|2.83|3|22.24|20.59|4.3|3.57|4.29|4.55|-841.31|50.82|49.46|22.74|
|五粮液|000858.SZ|2025-10-27|4669.19|4668.99|14.66|14.46|3.32|3.32|13.76|9.04|5.24|5.11|3.88|4.78|170.04|4673.05|3189.85|7.5|
|新乳业|002946.SZ|2025-10-27|144.77|143.09|26.92|22.7|4.56|4.56|9.71|9.95|1.36|1.34|0.89|1.69|103.9|174.34|170.23|14.01|
|有友食品|603697.SH|2025-10-27|50.72|50.72|32.24|26.74|2.83|2.99|22.2|20.55|4.29|3.56|4.3|4.55|-839.89|50.73|49.37|22.7|
|五粮液|000858.SZ|2025-10-24|4669.19|4668.99|14.66|14.46|3.32|3.32|13.76|9.04|5.24|5.11|3.88|4.78|170.04|4673.05|3189.85|7.5|
|新乳业|002946.SZ|2025-10-24|143.91|142.24|26.76|22.56|4.53|4.53|9.65|9.89|1.35|1.33|0.9|1.7|103.28|173.48|169.37|13.94|
|有友食品|603697.SH|2025-10-24|50.25|50.25|31.94|26.5|2.8|2.97|21.99|20.36|4.25|3.53|4.34|4.6|-832.1|50.26|48.9|22.49|
|五粮液|000858.SZ|2025-10-23|4709.55|4709.36|14.79|14.59|3.35|3.35|13.88|9.12|5.28|5.16|3.85|4.74|171.51|4713.42|3230.22|7.59|
|新乳业|002946.SZ|2025-10-23|148.21|146.49|27.56|23.24|4.66|4.66|9.94|10.18|1.39|1.37|0.87|1.66|106.37|177.78|173.68|14.3|
|有友食品|603697.SH|2025-10-23|51.28|51.28|32.59|27.04|2.86|3.03|22.44|20.78|4.34|3.6|4.25|4.5|-849.1|51.29|49.93|22.96|
|五粮液|000858.SZ|2025-10-22|4661.81|4661.61|14.64|14.44|3.32|3.32|13.74|9.03|5.23|5.11|3.89|4.78|169.77|4665.67|3182.47|7.48|
|新乳业|002946.SZ|2025-10-22|147.26|145.56|27.39|23.09|4.63|4.63|9.88|10.12|1.38|1.36|0.88|1.67|105.69|176.84|172.73|14.22|
|有友食品|603697.SH|2025-10-22|50.85|50.85|32.32|26.81|2.84|3|22.25|20.6|4.3|3.57|4.29|4.54|-842.02|50.86|49.5|22.76|
|五粮液|000858.SZ|2025-10-21|4678.11|4677.92|14.69|14.49|3.33|3.33|13.78|9.06|5.25|5.12|3.87|4.77|170.36|4681.97|3198.77|7.52|
|新乳业|002946.SZ|2025-10-21|150.79|149.04|28.04|23.64|4.75|4.75|10.11|10.36|1.41|1.39|0.86|1.63|108.22|180.36|176.26|14.51|
|有友食品|603697.SH|2025-10-21|50.98|50.98|32.4|26.88|2.84|3.01|22.31|20.65|4.31|3.58|4.28|4.53|-844.14|50.99|49.63|22.82|
|五粮液|000858.SZ|2025-10-20|4675.79|4675.59|14.68|14.48|3.33|3.33|13.78|9.05|5.24|5.12|3.88|4.77|170.28|4679.65|3196.45|7.51|
|新乳业|002946.SZ|2025-10-20|147.18|145.47|27.37|23.08|4.63|4.63|9.87|10.11|1.38|1.36|0.88|1.67|105.63|176.75|172.64|14.21|
|有友食品|603697.SH|2025-10-20|50.47|50.47|32.08|26.61|2.81|2.98|22.09|20.45|4.27|3.54|4.32|4.58|-835.64|50.48|49.12|22.59|
|五粮液|000858.SZ|2025-10-17|4699.46|4699.26|14.75|14.55|3.35|3.35|13.85|9.1|5.27|5.15|3.86|4.75|171.14|4703.32|3220.12|7.57|
|新乳业|002946.SZ|2025-10-17|153.89|152.11|28.62|24.13|4.84|4.84|10.32|10.58|1.44|1.42|0.84|1.59|110.45|183.46|179.36|14.77|
|有友食品|603697.SH|2025-10-17|51.24|51.24|32.57|27.01|2.86|3.02|22.42|20.76|4.33|3.6|4.26|4.51|-848.39|51.25|49.89|22.94|
|五粮液|000858.SZ|2025-10-16|4764.29|4764.08|14.96|14.76|3.39|3.39|14.04|9.22|5.34|5.22|3.8|4.68|173.5|4768.15|3284.95|7.72|
|新乳业|002946.SZ|2025-10-16|153.03|151.26|28.46|23.99|4.82|4.82|10.26|10.52|1.43|1.41|0.84|1.6|109.83|182.6|178.5|14.69|
|有友食品|603697.SH|2025-10-16|50.98|50.98|32.4|26.88|2.84|3.01|22.31|20.65|4.31|3.58|4.28|4.53|-844.14|50.99|49.63|22.82|
|五粮液|000858.SZ|2025-10-15|4738.28|4738.08|14.88|14.67|3.37|3.37|13.96|9.17|5.31|5.19|3.83|4.71|172.56|4742.14|3258.94|7.66|
|新乳业|002946.SZ|2025-10-15|155.78|153.98|28.97|24.43|4.9|4.9|10.45|10.71|1.46|1.44|0.83|1.57|111.81|185.36|181.25|14.92|
|有友食品|603697.SH|2025-10-15|51.88|51.88|32.98|27.35|2.89|3.06|22.7|21.02|4.39|3.64|4.2|4.45|-859.01|51.89|50.53|23.24|
|五粮液|000858.SZ|2025-10-14|4738.28|4738.08|14.88|14.67|3.37|3.37|13.96|9.17|5.31|5.19|3.83|4.71|172.56|4742.14|3258.94|7.66|
|新乳业|002946.SZ|2025-10-14|151.91|150.15|28.25|23.82|4.78|4.78|10.19|10.44|1.42|1.4|0.85|1.61|109.03|181.48|177.38|14.6|
|有友食品|603697.SH|2025-10-14|51.32|51.32|32.62|27.06|2.86|3.03|22.46|20.79|4.34|3.6|4.25|4.5|-849.81|51.33|49.97|22.98|
|五粮液|000858.SZ|2025-10-13|4652.11|4651.91|14.6|14.41|3.31|3.31|13.71|9.01|5.22|5.1|3.9|4.79|169.42|4655.97|3172.77|7.46|
|新乳业|002946.SZ|2025-10-13|151.48|149.72|28.17|23.75|4.77|4.77|10.16|10.41|1.42|1.4|0.85|1.62|108.72|181.05|176.95|14.57|
|有友食品|603697.SH|2025-10-13|51.11|51.11|32.49|26.95|2.85|3.02|22.37|20.71|4.32|3.59|4.27|4.52|-846.27|51.12|49.76|22.88|
|五粮液|000858.SZ|2025-10-10|4686.27|4686.07|14.71|14.51|3.34|3.34|13.81|9.07|5.26|5.13|3.87|4.76|170.66|4690.13|3206.93|7.54|
|新乳业|002946.SZ|2025-10-10|152|150.24|28.27|23.83|4.78|4.78|10.19|10.44|1.43|1.4|0.85|1.61|109.09|181.57|177.46|14.61|
|有友食品|603697.SH|2025-10-10|51.24|51.24|32.57|27.01|2.86|3.02|22.42|20.76|4.33|3.6|4.26|4.51|-848.39|51.25|49.89|22.94|
|五粮液|000858.SZ|2025-10-09|4702.96|4702.76|14.76|14.57|3.35|3.35|13.86|9.11|5.27|5.15|3.85|4.74|171.27|4706.82|3223.62|7.58|
|新乳业|002946.SZ|2025-10-09|147|145.3|27.34|23.05|4.63|4.63|9.86|10.1|1.38|1.36|0.88|1.67|105.51|176.58|172.47|14.2|
|有友食品|603697.SH|2025-10-09|49.23|49.23|31.29|25.95|2.75|2.9|21.54|19.94|4.16|3.46|4.43|4.69|-815.11|49.24|47.88|22.02|
|五粮液|000858.SZ|2025-09-30|4715.38|4715.18|14.8|14.6|3.36|3.36|13.89|9.13|5.29|5.16|3.84|4.73|171.72|4719.24|3236.04|7.61|
|新乳业|002946.SZ|2025-09-30|146.92|145.22|27.32|23.04|4.62|4.62|9.85|10.1|1.38|1.36|0.88|1.67|105.44|176.49|172.38|14.19|
|有友食品|603697.SH|2025-09-30|48.67|48.67|30.94|25.66|2.71|2.87|21.3|19.72|4.12|3.42|4.48|4.75|-805.9|48.68|47.32|21.76|
|五粮液|000858.SZ|2025-09-29|4732.46|4732.26|14.86|14.66|3.37|3.37|13.94|9.16|5.31|5.18|3.83|4.71|172.34|4736.32|3253.12|7.65|
|新乳业|002946.SZ|2025-09-29|146.14|144.45|27.18|22.91|4.6|4.6|9.8|10.04|1.37|1.35|0.88|1.68|104.89|175.72|171.61|14.13|
|有友食品|603697.SH|2025-09-29|48.89|48.89|31.07|25.77|2.73|2.88|21.39|19.81|4.13|3.43|4.46|4.72|-809.44|48.9|47.54|21.86|
|五粮液|000858.SZ|2025-09-26|4664.53|4664.33|14.64|14.45|3.32|3.32|13.74|9.03|5.23|5.11|3.89|4.78|169.87|4668.39|3185.19|7.49|
|新乳业|002946.SZ|2025-09-26|145.28|143.6|27.02|22.78|4.57|4.57|9.74|9.98|1.36|1.34|0.89|1.69|104.27|174.86|170.75|14.06|
|有友食品|603697.SH|2025-09-26|49.01|49.01|31.15|25.84|2.73|2.89|21.45|19.86|4.15|3.44|4.45|4.71|-811.57|49.02|47.66|21.92|
|五粮液|000858.SZ|2025-09-25|4716.93|4716.73|14.81|14.61|3.36|3.36|13.9|9.13|5.29|5.17|3.84|4.73|171.78|4720.79|3237.59|7.61|
|新乳业|002946.SZ|2025-09-25|145.97|144.28|27.15|22.89|4.59|4.59|9.79|10.03|1.37|1.35|0.88|1.68|104.76|175.54|171.44|14.11|
|有友食品|603697.SH|2025-09-25|48.33|48.33|30.72|25.48|2.7|2.85|21.15|19.58|4.09|3.39|4.51|4.78|-800.24|48.34|46.98|21.6|
|五粮液|000858.SZ|2025-09-24|4749.92|4749.72|14.91|14.71|3.38|3.38|14|9.2|5.33|5.2|3.82|4.69|172.98|4753.78|3270.58|7.69|
|新乳业|002946.SZ|2025-09-24|146.23|144.54|27.2|22.93|4.6|4.6|9.81|10.05|1.37|1.35|0.88|1.68|104.95|175.8|171.7|14.13|
|有友食品|603697.SH|2025-09-24|48.97|48.97|31.13|25.82|2.73|2.89|21.43|19.84|4.14|3.44|4.45|4.72|-810.86|48.98|47.62|21.9|
|五粮液|000858.SZ|2025-09-23|4742.94|4742.74|14.89|14.69|3.38|3.38|13.97|9.18|5.32|5.2|3.82|4.7|172.73|4746.8|3263.6|7.67|
|新乳业|002946.SZ|2025-09-23|143.65|141.98|26.72|22.52|4.52|4.52|9.63|9.87|1.35|1.33|0.9|1.71|103.1|173.22|169.11|13.92|
|有友食品|603697.SH|2025-09-23|49.7|49.7|31.59|26.2|2.77|2.77|21.75|20.14|4.2|3.49|4.39|2.67|-822.9|49.71|48.35|22.23|
|五粮液|000858.SZ|2025-09-22|4754.97|4754.77|14.93|14.73|3.38|3.38|14.01|9.21|5.33|5.21|3.81|4.69|173.16|4758.83|3275.63|7.7|
|新乳业|002946.SZ|2025-09-22|145.54|143.85|27.07|22.82|4.58|4.58|9.76|10|1.36|1.34|0.89|1.69|104.46|175.11|171.01|14.08|
|有友食品|603697.SH|2025-09-22|49.95|49.95|31.75|26.34|2.79|2.79|21.86|20.24|4.23|3.51|4.37|2.65|-827.15|49.96|48.61|22.35|
|五粮液|000858.SZ|2025-09-19|4816.3|4816.1|15.12|14.92|3.43|3.43|14.19|9.33|5.4|5.28|3.76|4.63|175.4|4820.16|3336.96|7.84|
|新乳业|002946.SZ|2025-09-19|148.47|146.75|27.61|23.28|4.67|4.67|9.96|10.2|1.39|1.37|0.87|1.65|106.56|178.04|173.93|14.32|
|有友食品|603697.SH|2025-09-19|50.85|50.85|32.32|26.81|2.84|2.84|22.25|20.6|4.3|3.57|4.29|2.61|-842.02|50.86|49.5|22.76|
|五粮液|000858.SZ|2025-09-18|4810.86|4810.66|15.1|14.9|3.42|3.42|14.17|9.31|5.39|5.27|3.77|4.64|175.2|4814.73|3331.53|7.83|
|新乳业|002946.SZ|2025-09-18|148.12|146.41|27.55|23.23|4.66|4.66|9.93|10.18|1.39|1.37|0.87|1.66|106.31|177.7|173.59|14.29|
|有友食品|603697.SH|2025-09-18|50.6|50.6|32.16|26.68|2.82|2.82|22.14|20.5|4.28|3.55|4.31|2.62|-837.77|50.61|49.25|22.65|
|五粮液|000858.SZ|2025-09-17|4889.27|4889.07|15.35|15.14|3.48|3.48|14.41|9.47|5.48|5.36|3.71|4.56|178.05|4893.13|3409.93|8.01|
|新乳业|002946.SZ|2025-09-17|152.86|151.09|28.43|23.97|4.81|4.81|10.25|10.5|1.43|1.41|0.84|1.6|109.71|182.43|178.32|14.68|
|有友食品|603697.SH|2025-09-17|51.92|51.92|33|27.38|2.9|2.9|22.72|21.04|4.39|3.65|4.2|2.55|-859.72|51.93|50.57|23.25|
|五粮液|000858.SZ|2025-09-16|4883.06|4882.86|15.33|15.12|3.48|3.48|14.39|9.45|5.48|5.35|3.71|4.57|177.83|4886.92|3403.72|8|
|新乳业|002946.SZ|2025-09-16|151.31|149.55|28.14|23.72|4.76|4.76|10.15|10.4|1.42|1.4|0.85|1.62|108.59|180.88|176.77|14.55|
|有友食品|603697.SH|2025-09-16|52.44|52.44|33.33|27.65|2.92|2.92|22.95|21.24|4.43|3.68|4.16|2.53|-868.22|52.45|51.09|23.49|
|五粮液|000858.SZ|2025-09-15|4916.06|4915.85|15.43|15.23|3.5|3.5|14.48|9.52|5.51|5.38|3.69|4.54|179.03|4919.92|3436.72|8.08|
|新乳业|002946.SZ|2025-09-15|151.22|149.47|28.12|23.71|4.76|4.76|10.14|10.39|1.42|1.4|0.85|1.62|108.53|180.79|176.69|14.55|
|有友食品|603697.SH|2025-09-15|51.96|51.96|33.03|27.4|2.9|2.9|22.74|21.05|4.4|3.65|4.2|2.55|-860.43|51.97|50.62|23.27|
|五粮液|000858.SZ|2025-09-12|4937.02|4936.81|15.5|15.29|3.51|3.51|14.55|9.56|5.54|5.41|3.67|4.52|179.79|4940.88|3457.68|8.13|
|新乳业|002946.SZ|2025-09-12|154.15|152.36|28.67|24.17|4.85|4.85|10.34|10.59|1.45|1.42|0.84|1.59|110.63|183.72|179.61|14.79|
|有友食品|603697.SH|2025-09-12|52.61|52.61|33.44|27.74|2.93|2.93|23.02|21.31|4.45|3.69|4.15|2.52|-871.05|52.62|51.26|23.57|
|五粮液|000858.SZ|2025-09-11|4988.64|4988.43|15.66|15.45|3.55|3.55|14.7|9.66|5.59|5.46|3.63|4.47|181.67|4992.5|3509.3|8.25|
|新乳业|002946.SZ|2025-09-11|157.68|155.85|29.32|24.72|4.96|4.96|10.57|10.84|1.48|1.46|0.82|1.56|113.17|187.25|183.14|15.08|
|有友食品|603697.SH|2025-09-11|53.76|53.76|34.17|28.35|3|3|23.53|21.78|4.55|3.78|4.06|2.47|-890.17|53.77|52.41|24.1|
|五粮液|000858.SZ|2025-09-10|4970.79|4970.58|15.61|15.39|3.54|3.54|14.65|9.62|5.57|5.44|3.65|4.49|181.02|4974.65|3491.45|8.21|
|新乳业|002946.SZ|2025-09-10|159.66|157.81|29.69|25.03|5.02|5.02|10.71|10.97|1.5|1.47|0.81|1.54|114.59|189.23|185.12|15.24|
|有友食品|603697.SH|2025-09-10|53.68|53.68|34.12|28.3|2.99|2.99|23.49|21.75|4.54|3.77|4.06|2.47|-888.76|53.69|52.33|24.06|
|五粮液|000858.SZ|2025-09-09|4999.51|4999.3|15.7|15.48|3.56|3.56|14.73|9.68|5.61|5.48|3.63|4.46|182.07|5003.37|3520.17|8.27|
|新乳业|002946.SZ|2025-09-09|162.67|160.78|30.25|25.51|5.12|5.12|10.91|11.18|1.53|1.5|0.79|1.51|116.75|192.24|188.14|15.49|
|有友食品|603697.SH|2025-09-09|53.46|53.46|33.98|28.19|2.98|2.98|23.4|21.66|4.52|3.75|4.08|2.48|-885.22|53.47|52.11|23.96|
|五粮液|000858.SZ|2025-09-08|5010.77|5010.56|15.73|15.52|3.57|3.57|14.76|9.7|5.62|5.49|3.62|4.45|182.48|5014.63|3531.43|8.3|
|新乳业|002946.SZ|2025-09-08|162.84|160.95|30.29|25.53|5.12|5.12|10.92|11.19|1.53|1.5|0.79|1.51|116.87|192.41|188.31|15.5|
|有友食品|603697.SH|2025-09-08|53.89|53.89|34.25|28.41|3.01|3.01|23.58|21.83|4.56|3.79|4.05|2.46|-892.3|53.9|52.54|24.16|
|五粮液|000858.SZ|2025-09-05|4922.27|4922.06|15.45|15.24|3.5|3.5|14.5|9.53|5.52|5.39|3.68|4.53|179.26|4926.13|3442.93|8.09|
|新乳业|002946.SZ|2025-09-05|156.47|154.66|29.1|24.53|4.92|4.92|10.49|10.75|1.47|1.45|0.83|1.57|112.3|186.04|181.94|14.98|
|有友食品|603697.SH|2025-09-05|53.8|53.8|34.2|28.37|3|3|23.55|21.8|4.55|3.78|4.05|3.74|-890.88|53.81|52.45|24.12|
|五粮液|000858.SZ|2025-09-04|4871.81|4871.6|15.29|15.09|3.47|3.47|14.35|9.43|5.46|5.34|3.72|4.58|177.42|4875.67|3392.47|7.97|
|新乳业|002946.SZ|2025-09-04|156.47|154.66|29.1|24.53|4.92|4.92|10.49|10.75|1.47|1.45|0.83|1.57|112.3|186.04|181.94|14.98|
|有友食品|603697.SH|2025-09-04|54.32|54.32|34.52|28.64|3.03|3.03|23.77|22.01|4.59|3.82|4.02|3.7|-899.38|54.33|52.97|24.36|
|五粮液|000858.SZ|2025-09-03|4914.89|4914.69|15.43|15.22|3.5|3.5|14.48|9.52|5.51|5.38|3.69|4.54|178.99|4918.75|3435.55|8.07|
|新乳业|002946.SZ|2025-09-03|153.37|151.6|28.52|24.05|4.83|4.83|10.28|10.54|1.44|1.42|0.84|1.6|110.08|182.95|178.84|14.72|
|有友食品|603697.SH|2025-09-03|52.91|52.91|33.63|27.89|2.95|2.95|23.15|21.43|4.47|3.72|4.12|3.8|-876.01|52.92|51.56|23.71|
|五粮液|000858.SZ|2025-09-02|4990.2|4989.99|15.67|15.46|3.55|3.55|14.7|9.66|5.6|5.47|3.63|4.47|181.73|4994.06|3510.86|8.25|
|新乳业|002946.SZ|2025-09-02|158.54|156.7|29.48|24.86|4.99|4.99|10.63|10.89|1.49|1.46|0.81|1.55|113.78|188.11|184|15.15|
|有友食品|603697.SH|2025-09-02|58.64|58.64|37.27|30.92|3.27|3.27|25.66|23.76|4.96|4.12|3.72|3.43|-970.91|58.65|57.29|26.34|
|五粮液|000858.SZ|2025-09-01|5002.23|5002.02|15.7|15.49|3.56|3.56|14.74|9.69|5.61|5.48|3.62|4.46|182.17|5006.09|3522.89|8.28|
|新乳业|002946.SZ|2025-09-01|166.37|164.44|30.94|26.09|5.24|5.24|11.16|11.43|1.56|1.54|0.78|1.47|119.4|195.94|191.84|15.79|
|有友食品|603697.SH|2025-09-01|59.11|59.11|37.57|31.16|3.3|3.3|25.87|23.95|5|4.15|3.69|3.4|-978.7|59.12|57.76|26.56|
|五粮液|000858.SZ|2025-08-29|5027.85|5027.64|15.78|15.57|3.58|3.58|14.81|9.73|5.64|5.51|3.61|4.44|183.1|5031.71|3548.51|8.34|
|新乳业|002946.SZ|2025-08-29|170.16|168.19|31.65|26.68|5.35|5.35|11.41|11.69|1.6|1.57|0.76|1.44|122.12|199.73|195.62|16.1|
|有友食品|603697.SH|2025-08-29|60.39|60.39|38.38|31.84|3.37|3.37|26.43|24.47|5.11|4.24|3.61|3.33|-999.94|60.4|59.04|27.15|
|五粮液|000858.SZ|2025-08-28|4870.25|4870.05|15.29|15.08|3.47|3.47|14.35|9.43|5.46|5.33|3.72|4.58|177.36|4874.11|3390.91|7.97|
|新乳业|002946.SZ|2025-08-28|159.4|157.55|29.64|24.99|5.02|5.02|10.69|10.95|1.49|1.47|0.81|1.54|114.4|188.97|184.86|15.22|
|有友食品|603697.SH|2025-08-28|62.4|62.4|39.66|32.9|3.48|3.48|27.31|25.28|5.28|4.38|3.5|3.22|-1033.22|62.41|61.05|28.07|
|五粮液|000858.SZ|2025-08-27|4914.89|4914.7|15.43|15.04|3.32|3.62|14.48|9.97|5.51|5.38|3.69|4.54|158.23|4918.93|3533.42|8.3|
|新乳业|002946.SZ|2025-08-27|157.07|155.25|29.21|27.03|4.95|5.31|10.53|9.46|1.47|1.47|0.82|1.56|125.69|187.48|184.43|15.18|
|有友食品|603697.SH|2025-08-27|62.1|62.1|39.47|37.78|3.4|3.58|27.18|26.22|5.25|4.81|3.51|3.24|-287.61|62.11|61.04|28.07|
|五粮液|000858.SZ|2025-08-26|5036|5035.81|15.81|15.42|3.4|3.71|14.84|10.22|5.65|5.52|3.6|4.43|162.13|5040.03|3654.53|8.59|
|新乳业|002946.SZ|2025-08-26|159.48|157.64|29.66|27.44|5.03|5.39|10.69|9.61|1.5|1.49|0.81|1.54|127.62|189.89|186.84|15.38|
|有友食品|603697.SH|2025-08-26|56.46|56.46|35.88|34.35|3.09|3.25|24.71|23.83|4.77|4.38|3.86|3.56|-261.46|56.47|55.39|25.47|
|五粮液|000858.SZ|2025-08-25|5043.37|5043.18|15.83|15.44|3.4|3.71|14.86|10.24|5.66|5.53|3.59|4.42|162.37|5047.41|3661.91|8.61|
|新乳业|002946.SZ|2025-08-25|157.25|155.42|29.24|27.06|4.96|5.32|10.54|9.47|1.47|1.47|0.82|1.56|125.83|187.65|184.6|15.2|
|有友食品|603697.SH|2025-08-25|56.88|56.88|36.16|34.61|3.12|3.28|24.89|24.01|4.81|4.41|3.83|3.53|-263.44|56.89|55.82|25.67|
|五粮液|000858.SZ|2025-08-22|4882.67|4882.49|15.33|14.95|3.3|3.59|14.39|9.91|5.48|5.35|3.71|4.57|157.19|4886.71|3501.21|8.23|
|新乳业|002946.SZ|2025-08-22|154.41|152.62|28.72|26.57|4.87|5.22|10.35|9.3|1.45|1.45|0.84|1.59|123.55|184.81|181.76|14.96|
|有友食品|603697.SH|2025-08-22|55.34|55.34|35.18|33.67|3.03|3.19|24.22|23.36|4.68|4.29|3.94|3.63|-256.31|55.35|54.28|24.96|
|五粮液|000858.SZ|2025-08-21|4869.48|4869.29|15.29|14.91|3.29|3.58|14.35|9.88|5.46|5.33|3.72|4.58|156.77|4873.51|3488.01|8.2|
|新乳业|002946.SZ|2025-08-21|153.54|151.77|28.56|26.42|4.84|5.19|10.3|9.25|1.44|1.44|0.84|1.6|122.86|183.95|180.9|14.89|
|有友食品|603697.SH|2025-08-21|56.16|56.16|35.69|34.17|3.08|3.24|24.57|23.71|4.75|4.35|3.88|3.58|-260.07|56.17|55.1|25.33|
|五粮液|000858.SZ|2025-08-20|4882.29|4882.1|15.33|14.95|3.3|3.59|14.39|9.91|5.47|5.35|3.71|4.57|157.18|4886.32|3500.82|8.23|
|新乳业|002946.SZ|2025-08-20|153.2|151.43|28.49|26.36|4.83|5.18|10.27|9.23|1.44|1.43|0.84|1.6|122.59|183.61|180.55|14.86|
|有友食品|603697.SH|2025-08-20|56.84|56.84|36.13|34.58|3.12|3.28|24.87|24|4.81|4.41|3.84|3.54|-263.24|56.85|55.78|25.65|
|五粮液|000858.SZ|2025-08-19|4829.11|4828.92|15.16|14.78|3.26|3.55|14.23|9.8|5.42|5.29|3.75|4.62|155.47|4833.14|3447.64|8.1|
|新乳业|002946.SZ|2025-08-19|152.08|150.32|28.28|26.17|4.79|5.14|10.2|9.16|1.43|1.42|0.85|1.61|121.69|182.49|179.43|14.77|
|有友食品|603697.SH|2025-08-19|55.17|55.17|35.07|33.57|3.02|3.18|24.14|23.29|4.67|4.28|3.95|3.64|-255.52|55.18|54.11|24.88|
|五粮液|000858.SZ|2025-08-18|4803.49|4803.31|15.08|14.7|3.24|3.54|14.15|9.75|5.39|5.26|3.77|4.64|154.64|4807.53|3422.02|8.04|
|新乳业|002946.SZ|2025-08-18|149.5|147.77|27.8|25.72|4.71|5.06|10.03|9|1.4|1.4|0.86|1.64|119.63|179.91|176.85|14.56|
|有友食品|603697.SH|2025-08-18|54.66|54.66|34.74|33.26|3|3.15|23.92|23.07|4.62|4.24|3.99|3.68|-253.14|54.67|53.6|24.65|
|五粮液|000858.SZ|2025-08-15|4778.26|4778.08|15|14.63|3.23|3.52|14.08|9.7|5.36|5.23|3.79|4.67|153.83|4782.3|3396.79|7.98|
|新乳业|002946.SZ|2025-08-15|147.26|145.56|27.39|25.34|4.64|4.98|9.88|8.87|1.38|1.38|0.88|1.67|117.84|177.67|174.61|14.38|
|有友食品|603697.SH|2025-08-15|53.55|53.55|34.04|32.58|2.93|3.09|23.43|22.61|4.53|4.15|4.07|3.75|-247.99|53.56|52.49|24.14|
|五粮液|000858.SZ|2025-08-14|4768.17|4767.98|14.97|14.6|3.22|3.51|14.05|9.68|5.35|5.22|3.8|4.68|153.51|4772.2|3386.7|7.96|
|新乳业|002946.SZ|2025-08-14|144.42|142.75|26.86|24.85|4.55|4.88|9.68|8.7|1.35|1.35|0.89|1.7|115.56|174.83|171.77|14.14|
|有友食品|603697.SH|2025-08-14|53.5|53.5|34.01|32.55|2.93|3.08|23.41|22.59|4.53|4.15|4.08|3.76|-247.79|53.51|52.44|24.12|
|五粮液|000858.SZ|2025-08-13|4781.75|4781.57|15.01|14.64|3.23|3.52|14.09|9.7|5.36|5.24|3.79|4.66|153.94|4785.79|3400.29|7.99|
|新乳业|002946.SZ|2025-08-13|146.4|144.71|27.23|25.19|4.61|4.95|9.82|8.82|1.37|1.37|0.88|1.68|117.15|176.81|173.75|14.3|
|有友食品|603697.SH|2025-08-13|53.85|53.85|34.23|32.76|2.95|3.1|23.56|22.73|4.55|4.17|4.05|3.73|-249.38|53.86|52.79|24.27|
|五粮液|000858.SZ|2025-08-12|4781.75|4781.57|15.01|14.64|3.23|3.52|14.09|9.7|5.36|5.24|3.79|4.66|153.94|4785.79|3400.29|7.99|
|新乳业|002946.SZ|2025-08-12|147.43|145.73|27.42|25.37|4.65|4.99|9.89|8.88|1.38|1.38|0.88|1.66|117.97|177.84|174.79|14.39|
|有友食品|603697.SH|2025-08-12|53.76|53.76|34.17|32.71|2.95|3.1|23.53|22.7|4.55|4.17|4.06|3.74|-248.98|53.77|52.7|24.23|
|五粮液|000858.SZ|2025-08-11|4810.86|4810.68|15.1|14.73|3.25|3.54|14.17|9.76|5.39|5.27|3.77|4.64|154.88|4814.9|3429.4|8.06|
|新乳业|002946.SZ|2025-08-11|149.76|148.02|27.85|25.77|4.72|5.06|10.04|9.02|1.4|1.4|0.86|1.64|119.83|180.17|177.11|14.58|
|有友食品|603697.SH|2025-08-11|54.32|54.32|34.52|33.05|2.98|3.13|23.77|22.93|4.59|4.21|4.02|3.7|-251.56|54.33|53.26|24.49|
|五粮液|000858.SZ|2025-08-08|4744.1|4743.92|14.89|14.52|3.2|3.49|13.98|9.63|5.32|5.2|3.82|4.7|152.73|4748.14|3362.63|7.9|
|新乳业|002946.SZ|2025-08-08|149.24|147.51|27.76|25.68|4.7|5.05|10.01|8.99|1.4|1.4|0.86|1.64|119.42|179.65|176.59|14.54|
|有友食品|603697.SH|2025-08-08|54.19|54.19|34.44|32.97|2.97|3.12|23.71|22.88|4.58|4.2|4.03|3.71|-250.96|54.2|53.13|24.43|
|五粮液|000858.SZ|2025-08-07|4756.91|4756.73|14.93|14.56|3.21|3.5|14.02|9.65|5.33|5.21|3.81|4.69|153.14|4760.95|3375.44|7.93|
|新乳业|002946.SZ|2025-08-07|150.19|148.45|27.93|25.84|4.73|5.08|10.07|9.05|1.41|1.41|0.86|1.63|120.18|180.6|177.54|14.62|
|有友食品|603697.SH|2025-08-07|54.79|54.79|34.82|33.33|3|3.16|23.98|23.13|4.63|4.25|3.98|3.67|-253.74|54.8|53.73|24.71|
|五粮液|000858.SZ|2025-08-06|4741.77|4741.59|14.89|14.51|3.2|3.49|13.97|9.62|5.32|5.19|3.82|4.7|152.66|4745.81|3360.3|7.9|
|新乳业|002946.SZ|2025-08-06|146.23|144.54|27.2|25.16|4.61|4.94|9.81|8.81|1.37|1.37|0.88|1.68|117.01|176.64|173.58|14.29|
|有友食品|603697.SH|2025-08-06|53.72|53.72|34.14|32.68|2.94|3.1|23.51|22.68|4.54|4.16|4.06|3.74|-248.78|53.73|52.66|24.21|
|五粮液|000858.SZ|2025-08-05|4733.62|4733.44|14.86|14.49|3.2|3.48|13.95|9.61|5.31|5.19|3.83|4.71|152.39|4737.66|3352.15|7.88|
|新乳业|002946.SZ|2025-08-05|146.23|144.54|27.2|25.16|4.61|4.94|9.81|8.81|1.37|1.37|0.88|1.68|117.01|176.64|173.58|14.29|
|有友食品|603697.SH|2025-08-05|54.27|54.27|34.5|33.02|2.97|3.13|23.75|22.91|4.59|4.21|4.02|3.7|-251.36|54.28|53.21|24.47|
|五粮液|000858.SZ|2025-08-04|4693.64|4693.46|14.74|14.37|3.17|3.46|13.83|9.53|5.26|5.14|3.86|4.75|151.11|4697.68|3312.17|7.78|
|新乳业|002946.SZ|2025-08-04|143.04|141.39|26.6|24.61|4.51|4.84|9.59|8.62|1.34|1.34|0.9|1.71|114.46|173.45|170.4|14.03|
|有友食品|603697.SH|2025-08-04|54.23|54.23|34.47|33|2.97|3.13|23.73|22.89|4.59|4.2|4.02|3.71|-251.16|54.24|53.17|24.45|
|五粮液|000858.SZ|2025-08-01|4696.75|4696.57|14.74|14.38|3.17|3.46|13.84|9.53|5.27|5.15|3.86|4.75|151.21|4700.78|3315.28|7.79|
|新乳业|002946.SZ|2025-08-01|139.6|137.98|25.96|24.02|4.4|4.72|9.36|8.41|1.31|1.31|0.92|1.76|111.71|170.01|166.95|13.74|
|有友食品|603697.SH|2025-08-01|52.09|52.09|33.11|31.69|2.85|3|22.8|21.99|4.41|4.04|4.19|3.86|-241.26|52.1|51.03|23.47|
|五粮液|000858.SZ|2025-07-31|4702.57|4702.39|14.76|14.39|3.17|3.46|13.86|9.54|5.27|5.15|3.85|4.74|151.39|4706.6|3321.1|7.81|
|新乳业|002946.SZ|2025-07-31|140.12|138.5|26.06|24.11|4.42|4.74|9.4|8.44|1.31|1.31|0.92|1.75|112.12|170.53|167.47|13.79|
|有友食品|603697.SH|2025-07-31|50.94|50.94|32.38|30.99|2.79|2.94|22.29|21.5|4.31|3.95|4.28|3.95|-235.91|50.95|49.88|22.94|
|五粮液|000858.SZ|2025-07-30|4833.38|4833.19|15.17|14.8|3.26|3.56|14.24|9.81|5.42|5.29|3.75|4.61|155.61|4837.41|3451.91|8.11|
|新乳业|002946.SZ|2025-07-30|143.65|141.98|26.72|24.72|4.53|4.86|9.63|8.65|1.35|1.35|0.9|1.71|114.94|174.06|171|14.08|
|有友食品|603697.SH|2025-07-30|51.92|51.92|33|31.59|2.85|2.99|22.72|21.92|4.39|4.02|4.2|3.87|-240.47|51.93|50.86|23.39|
|五粮液|000858.SZ|2025-07-29|4794.56|4794.38|15.05|14.68|3.24|3.53|14.13|9.73|5.38|5.25|3.78|4.65|154.36|4798.6|3413.09|8.02|
|新乳业|002946.SZ|2025-07-29|143.39|141.73|26.67|24.67|4.52|4.85|9.62|8.64|1.34|1.34|0.9|1.71|114.74|173.8|170.74|14.06|
|有友食品|603697.SH|2025-07-29|51.15|51.15|32.51|31.12|2.8|2.95|22.38|21.59|4.33|3.96|4.26|3.93|-236.9|51.16|50.09|23.03|
|五粮液|000858.SZ|2025-07-28|4815.52|4815.34|15.12|14.74|3.25|3.54|14.19|9.77|5.4|5.28|3.76|4.63|155.03|4819.56|3434.06|8.07|
|新乳业|002946.SZ|2025-07-28|146.14|144.45|27.18|25.15|4.61|4.94|9.8|8.8|1.37|1.37|0.88|1.68|116.94|176.55|173.5|14.28|
|有友食品|603697.SH|2025-07-28|52.18|52.18|33.17|31.75|2.86|3.01|22.83|22.03|4.41|4.04|4.18|3.85|-241.65|52.19|51.12|23.51|
|五粮液|000858.SZ|2025-07-25|4795.34|4795.16|15.05|14.68|3.24|3.53|14.13|9.73|5.38|5.25|3.78|4.65|154.38|4799.37|3413.87|8.02|
|新乳业|002946.SZ|2025-07-25|145.2|143.51|27|24.98|4.58|4.91|9.74|8.75|1.36|1.36|0.89|1.69|116.18|175.6|172.55|14.2|
|有友食品|603697.SH|2025-07-25|53.33|53.33|33.9|32.45|2.92|3.07|23.34|22.51|4.51|4.13|4.09|3.77|-247|53.34|52.27|24.04|
|五粮液|000858.SZ|2025-07-24|4873.36|4873.17|15.3|14.92|3.29|3.59|14.36|9.89|5.46|5.34|3.72|4.58|156.89|4877.39|3491.89|8.21|
|新乳业|002946.SZ|2025-07-24|144.94|143.26|26.96|24.94|4.57|4.9|9.72|8.73|1.36|1.36|0.89|1.69|115.98|175.35|172.29|14.18|
|有友食品|603697.SH|2025-07-24|52.69|52.69|33.49|32.06|2.89|3.04|23.06|22.24|4.46|4.08|4.14|3.81|-244.03|52.7|51.63|23.74|
|五粮液|000858.SZ|2025-07-23|4859.77|4859.59|15.26|14.88|3.28|3.58|14.32|9.86|5.45|5.32|3.73|4.59|156.46|4863.81|3478.31|8.18|
|新乳业|002946.SZ|2025-07-23|145.8|144.11|27.12|25.09|4.6|4.93|9.78|8.78|1.37|1.37|0.89|1.68|116.67|176.21|173.15|14.25|
|有友食品|603697.SH|2025-07-23|52.26|52.26|33.22|31.8|2.86|3.01|22.87|22.06|4.42|4.05|4.17|3.85|-242.05|52.27|51.2|23.55|
|五粮液|000858.SZ|2025-07-22|4872.58|4872.4|15.3|14.92|3.29|3.59|14.36|9.89|5.46|5.34|3.72|4.58|156.87|4876.62|3491.12|8.21|
|新乳业|002946.SZ|2025-07-22|148.98|147.26|27.71|25.63|4.7|5.04|9.99|8.97|1.4|1.4|0.87|1.65|119.21|179.39|176.34|14.52|
|有友食品|603697.SH|2025-07-22|53.25|53.25|33.85|32.4|2.92|3.07|23.3|22.48|4.5|4.13|4.1|3.78|-246.61|53.26|52.19|24|
|五粮液|000858.SZ|2025-07-21|4757.3|4757.12|14.94|14.56|3.21|3.5|14.02|9.66|5.33|5.21|3.81|4.69|153.16|4761.33|3375.83|7.93|
|新乳业|002946.SZ|2025-07-21|149.24|147.51|27.76|25.68|4.7|5.05|10.01|8.99|1.4|1.4|0.86|1.64|119.42|179.65|176.59|14.54|
|有友食品|603697.SH|2025-07-21|52.61|52.61|33.44|32.01|2.88|3.03|23.02|22.21|4.45|4.08|4.15|3.82|-243.63|52.62|51.55|23.7|
|五粮液|000858.SZ|2025-07-18|4804.65|4804.47|15.08|14.71|3.24|3.54|14.16|9.75|5.39|5.26|3.77|4.64|154.68|4808.69|3423.19|8.05|
|新乳业|002946.SZ|2025-07-18|142.79|141.13|26.56|24.57|4.5|4.83|9.57|8.6|1.34|1.34|0.9|1.72|114.26|173.19|170.14|14.01|
|有友食品|603697.SH|2025-07-18|52.44|52.44|33.33|31.9|2.87|3.02|22.95|22.14|4.43|4.06|4.16|3.83|-242.84|52.45|51.37|23.62|
|五粮液|000858.SZ|2025-07-17|4883.84|4883.65|15.33|14.95|3.3|3.3|14.39|9.91|5.48|5.35|3.71|2.05|157.23|4887.88|3502.37|8.23|
|新乳业|002946.SZ|2025-07-17|148.12|146.41|27.55|25.49|4.67|5.01|9.93|8.92|1.39|1.39|0.87|1.66|118.53|178.53|175.48|14.45|
|有友食品|603697.SH|2025-07-17|53.2|53.2|33.82|32.37|2.92|3.07|23.28|22.46|4.5|4.12|4.1|3.78|-246.41|53.22|52.14|23.98|
|五粮液|000858.SZ|2025-07-16|4862.88|4862.69|15.27|14.89|3.28|3.28|14.33|9.87|5.45|5.33|3.73|2.06|156.56|4866.91|3481.41|8.18|
|新乳业|002946.SZ|2025-07-16|145.28|143.6|27.02|25|4.58|4.91|9.74|8.75|1.36|1.36|0.89|1.69|116.25|175.69|172.64|14.21|
|有友食品|603697.SH|2025-07-16|54.06|54.06|34.36|32.89|2.96|3.12|23.66|22.82|4.57|4.19|4.03|3.72|-250.37|54.07|53|24.37|
|五粮液|000858.SZ|2025-07-15|4852.01|4851.82|15.23|14.85|3.28|3.28|14.3|9.85|5.44|5.32|3.74|2.06|156.21|4856.05|3470.54|8.16|
|新乳业|002946.SZ|2025-07-15|144.85|143.17|26.94|24.92|4.57|4.9|9.71|8.72|1.36|1.36|0.89|1.69|115.91|175.26|172.2|14.18|
|有友食品|603697.SH|2025-07-15|56.46|56.46|35.88|34.35|3.09|3.25|24.71|23.83|4.77|4.38|3.86|3.56|-261.46|56.47|55.39|25.47|
|五粮液|000858.SZ|2025-07-14|4867.92|4867.74|15.28|14.9|3.29|3.29|14.34|9.88|5.46|5.33|3.72|2.05|156.72|4871.96|3486.46|8.19|
|新乳业|002946.SZ|2025-07-14|146.75|145.05|27.29|25.25|4.63|4.96|9.84|8.84|1.38|1.37|0.88|1.67|117.42|177.15|174.1|14.33|
|有友食品|603697.SH|2025-07-14|55.39|55.39|35.2|33.7|3.04|3.19|24.24|23.38|4.68|4.29|3.94|3.63|-256.51|55.4|54.33|24.98|
|五粮液|000858.SZ|2025-07-11|4824.84|4824.65|15.15|14.77|3.26|3.26|14.22|9.79|5.41|5.29|3.76|5.83|155.33|4828.87|3443.37|8.09|
|新乳业|002946.SZ|2025-07-11|145.37|143.68|27.04|25.01|4.58|4.92|9.75|8.76|1.36|1.36|0.89|1.69|116.32|175.78|172.72|14.22|
|有友食品|603697.SH|2025-07-11|53.16|53.16|33.79|32.34|2.91|3.06|23.26|22.44|4.5|4.12|4.1|3.78|-246.21|53.17|52.1|23.96|
|五粮液|000858.SZ|2025-07-10|4758.08|4757.89|14.94|14.56|3.21|3.21|14.02|9.66|5.34|5.21|3.81|5.91|153.18|4762.11|3376.61|7.94|
|新乳业|002946.SZ|2025-07-10|144.68|143|26.91|24.89|4.56|4.89|9.7|8.71|1.36|1.36|0.89|1.7|115.77|175.09|172.03|14.16|
|有友食品|603697.SH|2025-07-10|53.16|53.16|33.79|32.34|2.91|3.06|23.26|22.44|4.5|4.12|4.1|3.78|-246.21|53.17|52.1|23.96|
|五粮液|000858.SZ|2025-07-09|4720.04|4719.85|14.82|14.45|3.19|3.19|13.91|9.58|5.29|5.17|3.84|5.96|151.96|4724.07|3338.57|7.85|
|新乳业|002946.SZ|2025-07-09|149.16|147.43|27.74|25.66|4.7|5.04|10|8.98|1.4|1.4|0.87|1.64|119.35|179.56|176.51|14.53|
|有友食品|603697.SH|2025-07-09|54.53|54.53|34.66|33.18|2.99|3.14|23.86|23.02|4.61|4.23|4|3.69|-252.55|54.54|53.47|24.59|
|五粮液|000858.SZ|2025-07-08|4688.21|4688.03|14.72|14.35|3.16|3.16|13.81|9.51|5.26|5.14|3.87|6|150.93|4692.24|3306.74|7.77|
|新乳业|002946.SZ|2025-07-08|148.04|146.32|27.53|25.47|4.67|5.01|9.93|8.92|1.39|1.39|0.87|1.66|118.46|178.45|175.39|14.44|
|有友食品|603697.SH|2025-07-08|55.13|55.13|35.04|33.54|3.02|3.18|24.13|23.27|4.66|4.27|3.96|3.65|-255.32|55.14|54.07|24.86|
|五粮液|000858.SZ|2025-07-07|4654.44|4654.26|14.61|14.25|3.14|3.14|13.71|9.45|5.22|5.1|3.89|6.04|149.84|4658.47|3272.97|7.69|
|新乳业|002946.SZ|2025-07-07|153.37|151.6|28.52|26.39|4.83|5.19|10.28|9.24|1.44|1.44|0.84|1.6|122.73|183.78|180.73|14.88|
|有友食品|603697.SH|2025-07-07|57.1|57.1|36.29|34.74|3.13|3.29|24.99|24.1|4.83|4.43|3.82|3.52|-264.43|57.11|56.04|25.77|
|五粮液|000858.SZ|2025-07-04|4673.07|4672.89|14.67|14.3|3.15|3.15|13.77|9.48|5.24|5.12|3.88|6.02|150.44|4677.1|3291.6|7.74|
|新乳业|002946.SZ|2025-07-04|155.7|153.89|28.96|26.79|4.91|5.26|10.44|9.38|1.46|1.46|0.83|1.58|124.59|186.11|183.05|15.07|
|有友食品|603697.SH|2025-07-04|55.86|55.86|35.5|33.98|3.06|3.22|24.44|23.58|4.72|4.33|3.91|3.6|-258.69|55.87|54.8|25.2|
|五粮液|000858.SZ|2025-07-03|4643.18|4643|14.58|14.21|3.13|3.13|13.68|9.42|5.21|5.09|3.9|6.06|149.48|4647.22|3261.71|7.67|
|新乳业|002946.SZ|2025-07-03|152.43|150.66|28.35|26.23|4.8|5.15|10.22|9.18|1.43|1.43|0.85|1.61|121.97|182.83|179.78|14.8|
|有友食品|603697.SH|2025-07-03|59.15|59.15|37.6|35.99|3.24|3.41|25.88|24.97|5|4.58|3.69|3.4|-273.94|59.16|58.09|26.71|
|五粮液|000858.SZ|2025-07-02|4626.1|4625.92|14.52|14.16|3.12|3.12|13.63|9.39|5.19|5.07|3.92|6.08|148.93|4630.14|3244.63|7.63|
|新乳业|002946.SZ|2025-07-02|151.57|149.81|28.19|26.08|4.78|5.13|10.16|9.13|1.42|1.42|0.85|1.62|121.28|181.97|178.92|14.73|
|有友食品|603697.SH|2025-07-02|57.95|57.95|36.84|35.26|3.18|3.34|25.36|24.46|4.9|4.49|3.76|3.47|-268.39|57.96|56.89|26.16|
|五粮液|000858.SZ|2025-07-01|4604.75|4604.58|14.46|14.1|3.11|3.11|13.57|9.35|5.16|5.04|3.94|6.11|148.25|4608.79|3223.28|7.58|
|新乳业|002946.SZ|2025-07-01|155.27|153.47|28.88|26.72|4.89|5.25|10.41|9.35|1.46|1.45|0.83|1.58|124.24|185.67|182.62|15.03|
|有友食品|603697.SH|2025-07-01|56.58|56.58|35.97|34.43|3.1|3.26|24.76|23.89|4.79|4.39|3.85|3.55|-262.06|56.59|55.52|25.53|
|五粮液|000858.SZ|2025-06-30|4615.23|4615.06|14.49|14.13|3.12|3.12|13.6|9.37|5.18|5.06|3.93|6.09|148.58|4619.27|3233.76|7.6|
|新乳业|002946.SZ|2025-06-30|161.55|159.68|30.05|27.8|5.09|5.46|10.83|9.73|1.51|1.51|0.8|1.52|129.27|191.96|188.9|15.55|
|有友食品|603697.SH|2025-06-30|56.41|56.41|35.86|34.32|3.09|3.25|24.69|23.81|4.77|4.37|3.87|3.56|-261.26|56.42|55.35|25.45|
|五粮液|000858.SZ|2025-06-27|4626.1|4625.92|14.52|14.16|3.12|3.12|13.63|9.39|5.19|5.07|3.92|6.08|148.93|4630.14|3244.63|7.63|
|新乳业|002946.SZ|2025-06-27|162.5|160.61|30.22|27.96|5.12|5.49|10.9|9.79|1.52|1.52|0.79|1.51|130.03|192.9|189.85|15.63|
|有友食品|603697.SH|2025-06-27|55.81|55.81|35.48|33.96|3.06|3.22|24.43|23.56|4.72|4.33|3.91|3.6|-258.49|55.82|54.75|25.18|
|五粮液|000858.SZ|2025-06-26|4647.45|4647.27|14.59|14.23|3.14|3.14|13.69|9.43|5.21|5.09|3.9|6.05|149.62|4651.49|3265.98|7.68|
|新乳业|002946.SZ|2025-06-26|156.82|155|29.16|26.98|4.94|5.3|10.52|9.45|1.47|1.47|0.82|1.56|125.48|187.22|184.17|15.16|
|有友食品|603697.SH|2025-06-26|55.6|55.6|35.34|33.83|3.05|3.2|24.33|23.47|4.7|4.31|3.92|3.62|-257.5|55.61|54.54|25.08|
|五粮液|000858.SZ|2025-06-25|4664.92|4664.74|14.65|14.28|3.15|3.15|13.74|9.47|5.23|5.11|3.89|6.03|150.18|4668.95|3283.45|7.72|
|新乳业|002946.SZ|2025-06-25|156.38|154.57|29.08|26.91|4.93|4.93|10.49|9.42|1.47|1.46|0.83|1.02|125.14|186.79|183.74|15.13|
|有友食品|603697.SH|2025-06-25|55.73|55.73|35.42|33.91|3.05|3.21|24.39|23.53|4.71|4.32|3.91|3.61|-258.09|55.74|54.67|25.14|
|五粮液|000858.SZ|2025-06-24|4648.23|4648.05|14.59|14.23|3.14|3.14|13.7|9.43|5.21|5.09|3.9|6.05|149.64|4652.26|3266.76|7.68|
|新乳业|002946.SZ|2025-06-24|157.42|155.59|29.28|27.09|4.96|4.96|10.56|9.48|1.48|1.47|0.82|1.01|125.96|187.83|184.77|15.21|
|有友食品|603697.SH|2025-06-24|56.63|56.63|35.99|34.45|3.1|3.26|24.78|23.91|4.79|4.39|3.85|3.55|-262.25|56.64|55.57|25.55|
|五粮液|000858.SZ|2025-06-23|4591.17|4590.99|14.41|14.05|3.1|3.1|13.53|9.32|5.15|5.03|3.95|6.13|147.81|4595.2|3209.7|7.54|
|新乳业|002946.SZ|2025-06-23|155.61|153.81|28.94|26.77|4.91|4.91|10.43|9.37|1.46|1.46|0.83|1.02|124.52|186.02|182.96|15.06|
|有友食品|603697.SH|2025-06-23|54.23|54.23|34.47|33|2.97|3.13|23.73|22.89|4.59|4.2|4.02|3.71|-251.16|54.24|53.17|24.45|
|五粮液|000858.SZ|2025-06-20|4640.85|4640.67|14.57|14.21|3.13|3.13|13.67|9.42|5.2|5.08|3.91|6.06|149.41|4644.89|3259.38|7.66|
|新乳业|002946.SZ|2025-06-20|156.64|154.83|29.13|26.95|4.94|4.94|10.5|9.44|1.47|1.47|0.82|1.02|125.34|187.05|184|15.15|
|有友食品|603697.SH|2025-06-20|58.72|58.72|37.32|35.73|3.22|3.38|25.7|24.79|4.97|4.55|3.71|3.42|-271.96|58.73|57.66|26.51|
|五粮液|000858.SZ|2025-06-19|4552.35|4552.18|14.29|13.94|3.07|3.07|13.41|9.24|5.11|4.99|3.98|6.18|146.56|4556.39|3170.88|7.45|
|新乳业|002946.SZ|2025-06-19|154.32|152.53|28.7|26.55|4.86|4.86|10.35|9.3|1.45|1.45|0.84|1.03|123.48|184.73|181.67|14.96|
|有友食品|603697.SH|2025-06-19|59.49|59.49|37.81|36.2|3.26|3.43|26.03|25.11|5.03|4.61|3.67|3.38|-275.52|59.5|58.43|26.87|
|五粮液|000858.SZ|2025-06-18|4593.11|4592.93|14.42|14.06|3.1|3.1|13.53|9.32|5.15|5.03|3.95|6.12|147.87|4597.14|3211.64|7.55|
|新乳业|002946.SZ|2025-06-18|160|158.15|29.76|27.53|5.04|5.04|10.73|9.64|1.5|1.5|0.81|1|128.03|190.41|187.35|15.42|
|有友食品|603697.SH|2025-06-18|59.11|59.11|37.57|35.96|3.24|3.41|25.87|24.95|5|4.58|3.69|3.4|-273.74|59.12|58.05|26.69|
|五粮液|000858.SZ|2025-06-17|4569.04|4568.87|14.34|13.99|3.08|3.08|13.46|9.27|5.12|5.01|3.97|6.16|147.1|4573.08|3187.57|7.49|
|新乳业|002946.SZ|2025-06-17|163.7|161.8|30.45|28.17|5.16|5.16|10.98|9.86|1.53|1.53|0.79|0.97|130.99|194.11|191.05|15.73|
|有友食品|603697.SH|2025-06-17|60.13|60.13|38.22|36.59|3.3|3.47|26.32|25.39|5.09|4.66|3.63|3.34|-278.5|60.14|59.07|27.16|
|五粮液|000858.SZ|2025-06-16|4590.78|4590.6|14.41|14.05|3.1|3.1|13.53|9.32|5.15|5.03|3.95|6.13|147.8|4594.81|3209.31|7.54|
|新乳业|002946.SZ|2025-06-16|168.69|166.74|31.37|29.03|5.32|5.32|11.31|10.16|1.58|1.58|0.77|0.94|134.99|199.1|196.05|16.14|
|有友食品|603697.SH|2025-06-16|62.53|62.53|39.74|38.04|3.43|3.6|27.36|26.4|5.29|4.85|3.49|3.21|-289.59|62.54|61.47|28.27|
|五粮液|000858.SZ|2025-06-13|4623.77|4623.59|14.52|14.15|3.12|3.12|13.62|9.38|5.18|5.07|3.92|6.08|148.86|4627.81|3242.3|7.62|
|新乳业|002946.SZ|2025-06-13|171.02|169.04|31.81|29.43|5.39|5.39|11.47|10.3|1.6|1.6|0.75|0.93|136.84|201.42|198.37|16.33|
|有友食品|603697.SH|2025-06-13|63.26|63.26|40.21|38.49|3.47|3.65|27.68|26.7|5.35|4.9|3.45|3.18|-292.96|63.27|62.19|28.6|
|五粮液|000858.SZ|2025-06-12|4754.97|4754.79|14.93|14.56|3.21|3.21|14.01|9.65|5.33|5.21|3.81|5.92|153.08|4759.01|3373.5|7.93|
|新乳业|002946.SZ|2025-06-12|172.74|170.74|32.13|29.72|5.45|5.45|11.58|10.4|1.62|1.62|0.75|0.92|138.22|203.15|200.09|16.47|
|有友食品|603697.SH|2025-06-12|65.99|65.99|41.95|40.15|3.62|3.8|28.88|27.86|5.58|5.11|3.31|3.05|-305.63|66|64.93|29.86|
|五粮液|000858.SZ|2025-06-11|4840.37|4840.18|15.2|14.82|3.27|3.27|14.26|9.82|5.43|5.3|3.75|5.81|155.83|4844.4|3458.9|8.13|
|新乳业|002946.SZ|2025-06-11|171.19|169.21|31.84|29.46|5.4|5.4|11.48|10.31|1.61|1.6|0.75|0.93|136.98|201.6|198.54|16.34|
|有友食品|603697.SH|2025-06-11|64.75|64.75|41.16|39.4|3.55|3.73|28.34|27.34|5.48|5.02|3.37|3.1|-299.89|64.76|63.69|29.29|
|五粮液|000858.SZ|2025-06-10|4828.33|4828.15|15.16|14.78|3.26|3.26|14.23|9.8|5.41|5.29|3.75|5.83|155.44|4832.37|3446.86|8.1|
|新乳业|002946.SZ|2025-06-10|165.85|163.93|30.85|28.54|5.23|5.23|11.12|9.99|1.55|1.55|0.78|0.96|132.71|196.26|193.2|15.91|
|有友食品|603697.SH|2025-06-10|65.22|65.22|41.46|39.68|3.57|3.76|28.54|27.53|5.52|5.06|3.34|3.08|-302.07|65.23|64.16|29.5|
|五粮液|000858.SZ|2025-06-09|4850.46|4850.27|15.23|14.85|3.27|3.27|14.29|9.84|5.44|5.31|3.74|5.8|156.16|4854.49|3468.99|8.15|
|新乳业|002946.SZ|2025-06-09|166.45|164.53|30.96|28.64|5.25|5.25|11.16|10.03|1.56|1.56|0.78|0.96|133.19|196.86|193.81|15.96|
|有友食品|603697.SH|2025-06-09|61.97|61.97|39.39|37.7|3.4|3.57|27.12|26.16|5.24|4.8|3.52|3.24|-287.01|61.98|60.91|28.01|
|五粮液|000858.SZ|2025-06-06|4855.5|4855.32|15.24|14.86|3.28|3.28|14.31|9.85|5.44|5.32|3.73|5.79|156.32|4859.54|3474.04|8.17|
|新乳业|002946.SZ|2025-06-06|160.77|158.91|29.9|27.66|5.07|5.07|10.78|9.68|1.51|1.51|0.8|0.99|128.65|191.18|188.13|15.49|
|有友食品|603697.SH|2025-06-06|61.67|61.67|39.2|37.52|3.38|3.56|26.99|26.04|5.22|4.78|3.54|3.26|-285.63|61.68|60.61|27.87|
|五粮液|000858.SZ|2025-06-05|4853.17|4852.99|15.24|14.86|3.28|3.28|14.3|9.85|5.44|5.32|3.74|5.8|156.24|4857.21|3471.71|8.16|
|新乳业|002946.SZ|2025-06-05|171.88|169.89|31.97|29.57|5.42|5.42|11.53|10.35|1.61|1.61|0.75|0.93|137.53|202.29|199.23|16.4|
|有友食品|603697.SH|2025-06-05|63.73|63.73|40.51|38.77|3.49|3.67|27.89|26.9|5.39|4.94|3.42|3.15|-295.13|63.74|62.67|28.82|
|五粮液|000858.SZ|2025-06-04|4834.54|4834.36|15.18|14.8|3.26|3.26|14.24|9.81|5.42|5.3|3.75|5.82|155.64|4838.58|3453.08|8.12|
|新乳业|002946.SZ|2025-06-04|183.75|181.63|34.17|31.62|5.79|5.79|12.32|11.07|1.72|1.72|0.7|0.87|147.04|214.16|211.11|17.38|
|有友食品|603697.SH|2025-06-04|68.13|68.13|43.31|41.45|3.73|3.93|29.82|28.76|5.76|5.28|3.2|2.95|-315.54|68.14|67.07|30.84|
|五粮液|000858.SZ|2025-06-03|4839.59|4839.4|15.19|14.81|3.27|3.27|14.26|9.82|5.43|5.3|3.75|5.81|155.81|4843.62|3458.12|8.13|
|新乳业|002946.SZ|2025-06-03|175.41|173.37|32.62|30.18|5.53|5.53|11.76|10.57|1.64|1.64|0.74|0.91|140.36|205.81|202.76|16.69|
|有友食品|603697.SH|2025-06-03|61.93|61.93|39.36|37.68|3.39|3.57|27.1|26.14|5.24|4.8|3.52|3.25|-286.81|61.94|60.87|27.99|
|五粮液|000858.SZ|2025-05-30|4907.91|4907.72|15.41|15.02|3.31|3.31|14.46|9.96|5.5|5.38|3.69|5.73|158|4911.94|3526.44|8.29|
|新乳业|002946.SZ|2025-05-30|166.02|164.1|30.88|28.57|5.23|5.23|11.13|10|1.56|1.55|0.78|0.96|132.85|196.43|193.38|15.92|
|有友食品|603697.SH|2025-05-30|56.28|56.28|35.78|34.24|3.08|3.24|24.63|23.76|4.76|4.36|3.88|3.57|-260.67|56.29|55.22|25.39|
|五粮液|000858.SZ|2025-05-29|4942.06|4941.87|15.52|15.13|3.34|3.34|14.56|10.03|5.54|5.41|3.67|5.69|159.1|4946.1|3560.6|8.37|
|新乳业|002946.SZ|2025-05-29|164.04|162.14|30.51|28.23|5.17|5.17|11|9.88|1.54|1.54|0.79|0.97|131.27|194.45|191.4|15.76|
|有友食品|603697.SH|2025-05-29|57.61|57.61|36.62|35.05|3.16|3.32|25.21|24.32|4.87|4.46|3.79|3.49|-266.81|57.62|56.55|26|
|五粮液|000858.SZ|2025-05-28|4926.54|4926.35|15.47|15.08|3.33|3.33|14.52|10|5.52|5.4|3.68|5.71|158.6|4930.57|3545.07|8.33|
|新乳业|002946.SZ|2025-05-28|171.88|169.89|31.97|29.57|5.42|5.42|11.53|10.35|1.61|1.61|0.75|0.93|137.53|202.29|199.23|16.4|
|有友食品|603697.SH|2025-05-28|60.09|60.09|38.19|36.56|3.29|3.46|26.3|25.37|5.08|4.66|3.63|3.35|-278.3|60.1|59.03|27.14|
|五粮液|000858.SZ|2025-05-27|4897.04|4896.85|15.37|14.99|3.31|3.31|14.43|9.94|5.49|5.36|3.7|5.74|157.66|4901.07|3515.57|8.26|
|新乳业|002946.SZ|2025-05-27|156.21|154.4|29.05|26.88|4.92|4.92|10.48|9.41|1.46|1.46|0.83|1.02|125|186.62|183.57|15.11|
|有友食品|603697.SH|2025-05-27|60.09|60.09|38.19|36.56|3.29|3.46|26.3|25.37|5.08|4.66|3.63|3.35|-278.3|60.1|59.03|27.14|
|五粮液|000858.SZ|2025-05-26|4906.74|4906.55|15.4|15.02|3.31|3.31|14.46|9.96|5.5|5.38|3.69|5.73|157.97|4910.78|3525.27|8.29|
|新乳业|002946.SZ|2025-05-26|160.09|158.23|29.77|27.54|5.05|5.05|10.73|9.64|1.5|1.5|0.81|0.99|128.1|190.49|187.44|15.43|
|有友食品|603697.SH|2025-05-26|54.62|54.62|34.72|33.23|2.99|3.15|23.9|23.06|4.62|4.23|3.99|3.68|-252.94|54.63|53.56|24.63|
|五粮液|000858.SZ|2025-05-23|4974.28|4974.09|15.62|15.23|3.36|3.36|14.66|10.1|5.58|5.45|3.64|5.65|160.14|4978.32|3592.81|8.44|
|新乳业|002946.SZ|2025-05-23|155.7|153.89|28.96|26.79|4.91|4.91|10.44|9.38|1.46|1.46|0.83|1.02|124.59|186.1|183.05|15.07|
|有友食品|603697.SH|2025-05-23|53.8|53.8|34.2|32.73|2.95|3.1|23.55|22.71|4.55|4.17|4.05|3.74|-249.18|53.81|52.74|24.25|
|五粮液|000858.SZ|2025-05-22|5010.77|5010.58|15.73|15.34|3.38|3.38|14.76|10.17|5.62|5.49|3.62|5.61|161.32|5014.8|3629.3|8.53|
|新乳业|002946.SZ|2025-05-22|158.28|156.44|29.44|27.23|4.99|4.99|10.61|9.53|1.48|1.48|0.82|1.01|126.65|188.69|185.63|15.28|
|有友食品|603697.SH|2025-05-22|54.45|54.45|34.61|33.13|2.98|3.14|23.83|22.98|4.6|4.22|4.01|3.69|-252.15|54.46|53.38|24.55|
|五粮液|000858.SZ|2025-05-21|5017.37|5017.17|15.75|15.36|3.39|3.39|14.78|10.18|5.63|5.5|3.61|5.61|161.53|5021.4|3635.9|8.55|
|新乳业|002946.SZ|2025-05-21|160.86|159|29.92|27.68|5.07|5.07|10.79|9.69|1.51|1.51|0.8|0.99|128.72|191.27|188.21|15.49|
|有友食品|603697.SH|2025-05-21|55.13|55.13|35.04|33.54|3.02|3.18|24.13|23.27|4.66|4.27|3.96|3.65|-255.32|55.14|54.07|24.86|
|五粮液|000858.SZ|2025-05-20|5012.32|5012.13|15.74|15.34|3.38|3.38|14.77|10.17|5.62|5.49|3.62|5.61|161.37|5016.36|3630.85|8.53|
|新乳业|002946.SZ|2025-05-20|160.95|159.08|29.93|27.69|5.07|5.07|10.79|9.69|1.51|1.51|0.8|0.99|128.79|191.35|188.3|15.5|
|有友食品|603697.SH|2025-05-20|56.8|56.8|36.1|34.56|3.11|3.27|24.86|23.98|4.8|4.4|3.84|3.54|-263.05|56.81|55.74|25.63|
|五粮液|000858.SZ|2025-05-19|5018.92|5018.73|15.76|15.36|3.39|3.39|14.79|10.19|5.63|5.5|3.61|5.6|161.58|5022.96|3637.45|8.55|
|新乳业|002946.SZ|2025-05-19|159.4|157.55|29.64|27.43|5.02|5.02|10.69|9.6|1.49|1.49|0.81|1|127.55|189.81|186.75|15.37|
|有友食品|603697.SH|2025-05-19|56.67|56.67|36.02|34.48|3.11|3.27|24.8|23.92|4.79|4.39|3.85|3.55|-262.45|56.68|55.61|25.57|
|五粮液|000858.SZ|2025-05-16|5088.01|5087.82|15.97|15.57|3.43|3.43|14.99|10.33|5.71|5.57|3.56|5.53|163.8|5092.05|3706.54|8.71|
|新乳业|002946.SZ|2025-05-16|149.93|148.19|27.88|25.8|4.73|4.73|10.05|9.03|1.41|1.4|0.86|1.06|119.97|180.34|177.28|14.59|
|有友食品|603697.SH|2025-05-16|56.88|56.88|36.16|34.61|3.12|3.28|24.89|24.01|4.81|4.41|3.83|3.53|-263.44|56.89|55.82|25.67|
|五粮液|000858.SZ|2025-05-15|5188.55|5188.35|16.29|15.88|3.5|3.5|15.29|10.53|5.82|5.68|3.49|5.42|167.04|5192.58|3807.08|8.95|
|新乳业|002946.SZ|2025-05-15|150.1|148.36|27.92|25.83|4.73|4.73|10.07|9.04|1.41|1.41|0.86|1.06|120.11|180.51|177.45|14.61|
|有友食品|603697.SH|2025-05-15|53.42|53.42|33.95|32.5|2.93|3.08|23.38|22.55|4.52|4.14|4.08|3.76|-247.4|53.43|52.36|24.08|
|五粮液|000858.SZ|2025-05-14|5250.26|5250.06|16.48|16.07|3.54|3.54|15.47|10.66|5.89|5.75|3.45|5.36|169.03|5254.3|3868.8|9.09|
|新乳业|002946.SZ|2025-05-14|147|145.3|27.34|25.29|4.63|4.63|9.86|8.85|1.38|1.38|0.88|1.08|117.63|177.41|174.36|14.35|
|有友食品|603697.SH|2025-05-14|50.94|50.94|32.38|30.99|2.79|2.94|22.29|21.5|4.31|3.95|4.28|3.95|-235.91|50.95|49.88|22.94|
|五粮液|000858.SZ|2025-05-13|5162.15|5161.95|16.21|15.8|3.48|3.48|15.21|10.48|5.79|5.66|3.51|5.45|166.19|5166.19|3780.68|8.89|
|新乳业|002946.SZ|2025-05-13|149.59|147.85|27.82|25.74|4.72|4.72|10.03|9.01|1.4|1.4|0.86|1.06|119.7|179.99|176.94|14.57|
|有友食品|603697.SH|2025-05-13|50.81|50.81|32.3|30.91|2.78|2.93|22.24|21.45|4.3|3.94|4.29|3.96|-235.31|50.82|49.75|22.88|
|五粮液|000858.SZ|2025-05-12|5161.37|5161.18|16.2|15.8|3.48|3.48|15.21|10.48|5.79|5.65|3.51|5.45|166.17|5165.41|3779.91|8.88|
|新乳业|002946.SZ|2025-05-12|153.37|151.6|28.52|26.39|4.83|4.83|10.28|9.24|1.44|1.44|0.84|1.04|122.73|183.78|180.73|14.88|
|有友食品|603697.SH|2025-05-12|49.7|49.7|31.59|30.24|2.72|2.86|21.75|20.98|4.2|3.85|4.39|4.04|-230.16|49.71|48.64|22.36|
|五粮液|000858.SZ|2025-05-09|5107.42|5107.22|16.03|15.63|3.45|3.45|15.05|10.37|5.73|5.6|3.55|5.51|164.43|5111.46|3725.95|8.76|
|新乳业|002946.SZ|2025-05-09|153.72|151.94|28.59|26.45|4.85|4.85|10.31|9.26|1.44|1.44|0.84|1.04|123|184.13|181.07|14.91|
|有友食品|603697.SH|2025-05-09|49.48|49.48|31.45|30.11|2.71|2.85|21.66|20.89|4.19|3.84|4.41|4.06|-229.17|49.49|48.42|22.27|
|五粮液|000858.SZ|2025-05-08|5115.96|5115.76|16.06|15.66|3.45|3.45|15.07|10.38|5.74|5.6|3.54|5.5|164.7|5120|3734.49|8.78|
|新乳业|002946.SZ|2025-05-08|148.21|146.49|27.56|25.5|4.67|4.67|9.94|8.93|1.39|1.39|0.87|1.07|118.59|178.62|175.56|14.45|
|有友食品|603697.SH|2025-05-08|50|50|31.78|30.42|2.74|2.88|21.88|21.11|4.23|3.88|4.36|4.02|-231.55|50.01|48.94|22.5|
|五粮液|000858.SZ|2025-05-07|5045.7|5045.51|15.84|15.45|3.41|3.41|14.87|10.24|5.66|5.53|3.59|5.57|162.44|5049.74|3664.23|8.61|
|新乳业|002946.SZ|2025-05-07|142.1|140.45|26.43|24.45|4.48|4.48|9.53|8.56|1.33|1.33|0.91|1.12|113.7|172.51|169.45|13.95|
|有友食品|603697.SH|2025-05-07|50|50|31.78|30.42|2.74|2.88|21.88|21.11|4.23|3.88|4.36|4.02|-231.55|50.01|48.94|22.5|
|五粮液|000858.SZ|2025-05-06|5026.29|5026.1|15.78|15.39|3.39|3.39|14.81|10.2|5.64|5.51|3.61|5.6|161.82|5030.33|3644.83|8.57|
|新乳业|002946.SZ|2025-05-06|143.82|142.15|26.75|24.75|4.53|4.53|9.64|8.66|1.35|1.35|0.9|1.11|115.08|174.23|171.17|14.09|
|有友食品|603697.SH|2025-05-06|50.72|50.72|32.24|30.86|2.78|2.92|22.2|21.41|4.29|3.93|4.3|3.96|-234.92|50.73|49.66|22.84|
|五粮液|000858.SZ|2025-04-30|4995.63|4995.44|15.68|15.29|3.37|3.37|14.72|10.14|5.6|5.47|3.63|5.63|160.83|4999.67|3614.16|8.49|
|新乳业|002946.SZ|2025-04-30|143.39|141.73|26.67|24.67|4.52|4.52|9.62|8.64|1.34|1.34|0.9|1.11|114.74|173.8|170.74|14.06|
|有友食品|603697.SH|2025-04-30|49.7|49.7|31.59|30.24|2.72|2.86|21.75|20.98|4.2|3.85|4.39|4.04|-230.16|49.71|48.64|22.36|
|五粮液|000858.SZ|2025-04-29|5028.62|5028.43|15.79|15.39|3.39|3.39|14.82|10.21|5.64|5.51|3.6|5.59|161.89|5032.66|3647.16|8.57|
|新乳业|002946.SZ|2025-04-29|140.89|139.26|26.2|24.24|4.44|4.44|9.45|8.49|1.32|1.32|0.92|1.13|112.74|171.3|168.25|13.85|
|有友食品|603697.SH|2025-04-29|53.12|53.12|33.76|32.32|2.91|3.06|23.25|22.42|4.49|4.12|4.11|3.78|-246.01|53.13|52.06|23.94|
|五粮液|000858.SZ|2025-04-28|5079.08|5078.89|15.95|15.55|3.43|3.43|14.96|10.31|5.7|5.56|3.57|5.54|163.52|5083.12|3697.62|8.69|
|新乳业|002946.SZ|2025-04-28|137.62|136.03|25.59|23.68|4.34|4.34|9.23|8.29|1.29|1.29|0.94|1.16|110.12|168.03|164.97|13.58|
|有友食品|603697.SH|2025-04-28|51.96|51.96|33.03|31.62|2.85|3|22.74|21.94|4.4|4.03|4.2|3.87|-240.66|51.97|50.9|23.41|
|五粮液|000858.SZ|2025-04-25|5009.22|5009.11|16.58|15.5|3.67|3.96|12|10.19|6.02|5.65|3.62|5.61|124.79|5012.79|3761.67|9.31|
|新乳业|002946.SZ|2025-04-25|151.22|149.47|28.12|26.02|4.77|4.77|10.14|9.11|1.42|1.42|0.85|1.05|121|181.63|178.57|14.7|
|有友食品|603697.SH|2025-04-25|57.74|57.74|36.7|36.7|3.25|3.43|25.27|25.27|4.88|4.88|3.78|3.48|-185.97|57.75|55.36|25.46|
|五粮液|000858.SZ|2025-04-24|5009.6|5009.5|16.58|15.51|3.67|3.96|12|10.19|6.02|5.65|3.62|5.61|124.8|5013.18|3762.06|9.31|
|新乳业|002946.SZ|2025-04-24|148.38|146.66|34.44|28.34|5.06|5.12|9.53|10.9|1.35|1.36|0.87|1.07|181.9|183.04|178.42|15.29|
|有友食品|603697.SH|2025-04-24|57.95|57.95|36.84|36.84|3.27|3.44|25.36|25.36|4.9|4.9|3.76|3.47|-186.66|57.96|55.58|25.56|
|五粮液|000858.SZ|2025-04-23|5044.93|5044.82|16.7|15.61|3.7|3.99|12.09|10.26|6.06|5.69|3.59|5.58|125.67|5048.5|3797.38|9.4|
|新乳业|002946.SZ|2025-04-23|142.7|141.05|33.12|27.25|4.87|4.92|9.16|10.48|1.3|1.3|0.9|1.12|174.93|177.36|172.74|14.81|
|有友食品|603697.SH|2025-04-23|56.37|56.37|35.83|35.83|3.18|3.18|24.67|24.67|4.77|4.77|3.87|1.97|-181.56|56.38|53.99|24.83|
|五粮液|000858.SZ|2025-04-22|5049.97|5049.87|16.72|15.63|3.7|4|12.1|10.28|6.06|5.7|3.59|5.57|125.8|5053.55|3802.43|9.41|
|新乳业|002946.SZ|2025-04-22|142.01|140.37|32.96|27.12|4.85|4.9|9.12|10.43|1.29|1.3|0.91|1.12|174.09|176.67|172.05|14.75|
|有友食品|603697.SH|2025-04-22|58.81|58.81|37.38|37.38|3.31|3.31|25.74|25.74|4.97|4.97|3.71|1.89|-189.41|58.82|56.43|25.95|
|五粮液|000858.SZ|2025-04-21|5059.29|5059.18|16.75|15.66|3.71|4|12.12|10.29|6.08|5.71|3.58|5.56|126.03|5062.86|3811.74|9.43|
|新乳业|002946.SZ|2025-04-21|144.34|142.66|33.5|27.56|4.92|4.98|9.27|10.6|1.31|1.32|0.89|1.1|176.94|178.99|174.37|14.95|
|有友食品|603697.SH|2025-04-21|53.46|53.46|33.98|33.98|3.01|3.01|23.4|23.4|4.52|4.52|4.08|4.08|-172.19|53.47|51.08|23.49|
|五粮液|000858.SZ|2025-04-18|5114.02|5113.91|16.93|15.83|3.75|4.05|12.25|10.41|6.14|5.77|3.54|5.5|127.4|5117.59|3866.47|9.57|
|新乳业|002946.SZ|2025-04-18|138.22|136.62|32.08|26.4|4.72|4.77|8.88|10.15|1.26|1.26|0.93|1.15|169.45|172.88|168.26|14.42|
|有友食品|603697.SH|2025-04-18|48.59|48.59|30.88|30.88|2.74|2.74|21.26|21.26|4.11|4.11|4.49|4.49|-156.49|48.6|46.21|21.25|
|五粮液|000858.SZ|2025-04-17|5144.3|5144.19|17.03|15.92|3.77|4.07|12.32|10.47|6.18|5.8|3.52|5.47|128.15|5147.87|3896.75|9.64|
|新乳业|002946.SZ|2025-04-17|147|145.3|34.12|28.07|5.02|5.07|9.44|10.79|1.34|1.34|0.88|1.08|180.21|181.66|177.04|15.18|
|有友食品|603697.SH|2025-04-17|50.21|50.21|31.91|31.91|2.83|2.83|21.97|21.97|4.25|4.25|4.34|4.34|-161.73|50.22|47.83|22|
|五粮液|000858.SZ|2025-04-16|5135.37|5135.26|17|15.89|3.77|4.06|12.3|10.45|6.17|5.79|3.53|5.48|127.93|5138.94|3887.82|9.62|
|新乳业|002946.SZ|2025-04-16|147.35|145.64|34.2|28.14|5.03|5.08|9.46|10.82|1.34|1.35|0.88|1.08|180.63|182|177.39|15.21|
|有友食品|603697.SH|2025-04-16|50.13|50.13|31.86|31.86|2.83|2.83|21.94|21.94|4.24|4.24|4.35|4.35|-161.45|50.14|47.75|21.96|
|五粮液|000858.SZ|2025-04-15|5098.49|5098.38|16.88|15.78|3.74|4.03|12.21|10.37|6.12|5.75|3.56|5.52|127.01|5102.07|3850.95|9.53|
|新乳业|002946.SZ|2025-04-15|145.8|144.11|33.84|27.84|4.97|5.03|9.36|10.71|1.33|1.33|0.89|1.09|178.73|180.45|175.84|15.07|
|有友食品|603697.SH|2025-04-15|50.9|50.9|32.35|32.35|2.87|2.87|22.27|22.27|4.3|4.3|4.29|4.29|-163.93|50.91|48.52|22.31|
|五粮液|000858.SZ|2025-04-14|5086.46|5086.35|16.84|15.74|3.73|4.03|12.19|10.35|6.11|5.74|3.56|5.53|126.71|5090.04|3838.91|9.5|
|新乳业|002946.SZ|2025-04-14|149.93|148.19|34.8|28.63|5.12|5.17|9.63|11.01|1.36|1.37|0.86|1.06|183.8|184.59|179.97|15.43|
|有友食品|603697.SH|2025-04-14|50.42|50.42|32.05|32.05|2.84|2.84|22.07|22.07|4.26|4.26|4.33|4.33|-162.41|50.44|48.05|22.09|
|五粮液|000858.SZ|2025-04-11|5108.2|5108.09|16.91|15.81|3.75|4.04|12.24|10.39|6.13|5.76|3.55|5.51|127.25|5111.77|3860.65|9.55|
|新乳业|002946.SZ|2025-04-11|146.31|144.62|33.96|27.94|4.99|5.04|9.4|10.74|1.33|1.34|0.88|1.09|179.36|180.97|176.35|15.12|
|有友食品|603697.SH|2025-04-11|47.05|47.05|29.9|29.9|2.65|2.65|20.59|20.59|3.98|3.98|4.64|4.64|-151.53|47.06|44.67|20.54|
|五粮液|000858.SZ|2025-04-10|5168.36|5168.25|17.11|16|3.79|4.09|12.38|10.52|6.21|5.83|3.51|5.44|128.75|5171.94|3920.82|9.7|
|新乳业|002946.SZ|2025-04-10|157.16|155.34|36.48|30.01|5.36|5.42|10.09|11.54|1.43|1.44|0.82|1.01|192.66|191.82|187.2|16.05|
|有友食品|603697.SH|2025-04-10|46.7|46.7|29.69|29.69|2.63|2.63|20.44|20.44|3.95|3.95|4.67|4.67|-150.43|46.71|44.33|20.38|
|五粮液|000858.SZ|2025-04-09|5133.43|5133.32|16.99|15.89|3.76|4.06|12.3|10.44|6.16|5.79|3.53|5.48|127.88|5137|3885.88|9.61|
|新乳业|002946.SZ|2025-04-09|142.87|141.22|33.16|27.28|4.87|4.93|9.18|10.49|1.3|1.31|0.9|1.11|175.14|177.53|172.91|14.82|
|有友食品|603697.SH|2025-04-09|44.69|44.69|28.41|28.41|2.52|2.52|19.56|19.56|3.78|3.78|4.88|4.88|-143.95|44.7|42.32|19.46|
|五粮液|000858.SZ|2025-04-08|5075.59|5075.48|16.8|15.71|3.72|4.02|12.16|10.33|6.1|5.73|3.57|5.54|126.44|5079.17|3828.04|9.47|
|新乳业|002946.SZ|2025-04-08|134.27|132.71|31.16|25.64|4.58|4.63|8.62|9.86|1.22|1.23|0.96|1.19|164.59|168.92|164.31|14.08|
|有友食品|603697.SH|2025-04-08|45.68|45.68|29.03|29.03|2.57|2.57|19.99|19.99|3.86|3.86|4.78|4.78|-147.12|45.69|43.3|19.91|
|五粮液|000858.SZ|2025-04-07|4921.1|4921|16.29|15.23|3.61|3.89|11.79|10.01|5.91|5.55|3.68|5.72|122.59|4924.68|3673.56|9.09|
|新乳业|002946.SZ|2025-04-07|124.28|122.84|28.85|23.73|4.24|4.28|7.98|9.13|1.13|1.14|1.04|1.28|152.35|158.94|154.32|13.23|
|有友食品|603697.SH|2025-04-07|41.87|41.87|26.61|26.61|2.36|2.36|18.32|18.32|3.54|3.54|5.21|5.21|-134.86|41.88|39.49|18.16|
|五粮液|000858.SZ|2025-04-03|5123.72|5123.61|16.96|15.86|3.76|4.05|12.27|10.43|6.15|5.78|3.54|5.49|127.64|5127.3|3876.18|9.59|
|新乳业|002946.SZ|2025-04-03|129.88|128.37|30.15|24.8|4.43|4.48|8.34|9.54|1.18|1.19|0.99|1.23|159.21|164.53|159.92|13.71|
|有友食品|603697.SH|2025-04-03|44.01|44.01|27.97|27.97|2.48|2.48|19.26|19.26|3.72|3.72|4.96|4.96|-141.75|44.02|41.63|19.14|
|五粮液|000858.SZ|2025-04-02|5090.73|5090.62|16.85|15.76|3.73|4.03|12.2|10.36|6.11|5.74|3.56|5.53|126.82|5094.31|3843.18|9.51|
|新乳业|002946.SZ|2025-04-02|126.52|125.05|29.37|24.16|4.32|4.36|8.13|9.29|1.15|1.16|1.02|1.26|155.1|161.18|156.56|13.42|
|有友食品|603697.SH|2025-04-02|43.2|43.2|27.46|27.46|2.43|2.43|18.9|18.9|3.65|3.65|5.05|5.05|-139.13|43.21|40.82|18.77|
|五粮液|000858.SZ|2025-04-01|5115.57|5115.46|16.93|15.83|3.75|4.05|12.26|10.41|6.14|5.77|3.54|5.5|127.43|5119.15|3868.03|9.57|
|新乳业|002946.SZ|2025-04-01|127.38|126.03|29.57|24.32|4.35|4.39|8.18|9.35|1.16|1.16|1.01|1.25|156.15|162.04|157.42|13.49|
|有友食品|603697.SH|2025-04-01|42.47|42.47|26.99|26.99|2.39|2.39|18.59|18.59|3.59|3.59|5.14|5.14|-136.79|42.48|40.09|18.44|
|五粮液|000858.SZ|2025-03-31|5098.49|5098.38|16.88|15.78|3.74|4.03|12.21|10.37|6.12|5.75|3.56|5.52|127.01|5102.07|3850.95|9.53|
|新乳业|002946.SZ|2025-03-31|126.95|125.61|29.47|24.24|4.33|4.38|8.15|9.32|1.16|1.16|1.02|1.25|155.63|161.61|156.99|13.46|
|有友食品|603697.SH|2025-03-31|41.53|41.53|26.4|26.4|2.34|2.34|18.17|18.17|3.51|3.51|5.25|5.25|-133.76|41.54|39.15|18|
|五粮液|000858.SZ|2025-03-28|5171.47|5171.36|17.12|16.01|3.79|4.09|12.39|10.52|6.21|5.83|3.51|5.44|128.83|5175.04|3923.92|9.71|
|新乳业|002946.SZ|2025-03-28|126.26|124.93|29.31|24.11|4.31|4.35|8.11|9.27|1.15|1.15|1.02|1.26|154.78|160.92|156.3|13.4|
|有友食品|603697.SH|2025-03-28|41.66|41.66|26.48|26.48|2.35|2.35|18.23|18.23|3.52|3.52|5.24|5.24|-134.17|41.67|39.28|18.06|
|五粮液|000858.SZ|2025-03-27|5197.47|5197.36|17.2|16.09|3.81|4.11|12.45|10.58|6.24|5.86|3.49|5.41|129.48|5201.05|3949.93|9.77|
|新乳业|002946.SZ|2025-03-27|129.88|128.5|30.15|24.8|4.43|4.48|8.34|9.54|1.18|1.19|0.99|1.23|159.21|164.53|159.92|13.71|
|有友食品|603697.SH|2025-03-27|42.13|42.13|26.78|26.78|2.37|2.37|18.44|18.44|3.56|3.56|5.18|5.18|-135.69|42.14|39.75|18.28|
|五粮液|000858.SZ|2025-03-26|5176.12|5176.01|17.13|16.02|3.8|4.1|12.4|10.53|6.22|5.84|3.5|5.43|128.94|5179.7|3928.58|9.72|
|新乳业|002946.SZ|2025-03-26|128.15|126.8|29.75|24.47|4.37|4.42|8.23|9.41|1.17|1.17|1.01|1.24|157.1|162.81|158.19|13.56|
|有友食品|603697.SH|2025-03-26|42.51|42.51|27.02|27.02|2.4|2.4|18.6|18.6|3.6|3.6|5.13|5.13|-136.93|42.52|40.14|18.46|
|五粮液|000858.SZ|2025-03-25|5184.28|5184.17|17.16|16.05|3.8|4.1|12.42|10.55|6.23|5.85|3.5|5.43|129.15|5187.85|3936.73|9.74|
|新乳业|002946.SZ|2025-03-25|129.02|127.65|29.95|24.64|4.4|4.45|8.29|9.47|1.17|1.18|1|1.23|158.16|163.67|159.05|13.63|
|有友食品|603697.SH|2025-03-25|41.53|41.53|26.4|26.4|2.34|2.34|18.17|18.17|3.51|3.51|5.25|5.25|-133.76|41.54|39.15|18|
|五粮液|000858.SZ|2025-03-24|5213.39|5213.28|17.26|16.14|3.82|4.13|12.49|10.61|6.26|5.88|3.48|5.39|129.87|5216.96|3965.84|9.81|
|新乳业|002946.SZ|2025-03-24|124.45|123.14|28.89|23.77|4.25|4.29|7.99|9.14|1.13|1.14|1.04|1.28|152.57|159.11|154.49|13.24|
|有友食品|603697.SH|2025-03-24|42.6|42.6|27.08|27.08|2.4|2.4|18.64|18.64|3.6|3.6|5.12|5.12|-137.2|42.61|40.22|18.5|
|五粮液|000858.SZ|2025-03-21|5224.64|5224.53|17.29|16.17|3.83|4.13|12.52|10.63|6.27|5.89|3.47|5.38|130.15|5228.22|3977.1|9.84|
|新乳业|002946.SZ|2025-03-21|125.4|124.07|29.11|23.95|4.28|4.32|8.05|9.21|1.14|1.15|1.03|1.27|153.73|160.06|155.44|13.32|
|有友食品|603697.SH|2025-03-21|42.04|42.04|26.72|26.72|2.37|2.37|18.4|18.4|3.56|3.56|5.19|5.19|-135.41|42.05|39.67|18.24|
|五粮液|000858.SZ|2025-03-20|5278.6|5278.49|17.47|16.34|3.87|4.18|12.65|10.74|6.34|5.95|3.43|5.33|131.5|5282.18|4031.05|9.97|
|新乳业|002946.SZ|2025-03-20|126.35|125.01|29.33|24.13|4.31|4.36|8.11|9.28|1.15|1.15|1.02|1.26|154.89|161|156.39|13.41|
|有友食品|603697.SH|2025-03-20|42.68|42.68|27.13|27.13|2.41|2.41|18.68|18.68|3.61|3.61|5.11|5.11|-137.48|42.69|40.31|18.53|
|五粮液|000858.SZ|2025-03-19|5392.33|5392.22|17.85|16.69|3.95|4.27|12.92|10.97|6.48|6.08|3.36|5.22|134.33|5395.91|4144.78|10.25|
|新乳业|002946.SZ|2025-03-19|128.33|126.97|29.79|24.51|4.38|4.42|8.24|9.42|1.17|1.17|1.01|1.24|157.31|162.98|158.37|13.57|
|有友食品|603697.SH|2025-03-19|41.36|41.36|35.61|31.49|2.32|2.38|-1047.37|35.55|4.28|3.78|5.27|5.27|-126.35|41.37|40.3|23.59|
|五粮液|000858.SZ|2025-03-18|5416.78|5416.67|17.93|16.77|3.97|4.29|12.98|11.02|6.5|6.11|3.35|5.19|134.94|5420.36|4169.24|10.32|
|新乳业|002946.SZ|2025-03-18|133.06|131.65|30.88|25.41|4.54|4.59|8.55|9.77|1.21|1.22|0.97|1.2|163.12|167.72|163.1|13.98|
|有友食品|603697.SH|2025-03-18|42.51|42.51|36.6|32.37|2.39|2.45|-1076.62|36.54|4.4|3.89|5.13|5.13|-129.87|42.52|41.45|24.27|
|五粮液|000858.SZ|2025-03-17|5428.04|5427.93|17.97|16.8|3.98|4.3|13|11.04|6.52|6.12|3.34|5.18|135.22|5431.62|4180.49|10.34|
|新乳业|002946.SZ|2025-03-17|141.84|140.34|32.92|27.09|4.84|4.89|9.11|10.42|1.29|1.3|0.91|1.12|173.88|176.5|171.88|14.73|
|有友食品|603697.SH|2025-03-17|42|42|36.16|31.98|2.36|2.42|-1063.62|36.1|4.35|3.84|5.19|5.19|-128.31|42.01|40.94|23.96|
|五粮液|000858.SZ|2025-03-14|5465.3|5465.19|18.09|16.92|4.01|4.33|13.09|11.12|6.56|6.16|3.32|5.15|136.15|5468.88|4217.76|10.44|
|新乳业|002946.SZ|2025-03-14|131.68|130.29|30.57|25.15|4.49|4.54|8.46|9.67|1.2|1.2|0.98|1.21|161.43|166.34|161.72|13.86|
|有友食品|603697.SH|2025-03-14|42.26|42.26|36.38|32.18|2.37|2.43|-1070.12|36.32|4.37|3.86|5.16|5.16|-129.09|42.27|41.19|24.11|
|五粮液|000858.SZ|2025-03-13|5138.86|5138.75|17.01|15.91|3.77|4.07|12.31|10.46|6.17|5.8|3.53|5.47|128.01|5142.44|3891.31|9.63|
|新乳业|002946.SZ|2025-03-13|119.72|118.45|27.79|22.86|4.08|4.13|7.69|8.79|1.09|1.09|1.08|1.33|146.76|154.38|149.76|12.84|
|有友食品|603697.SH|2025-03-13|41.27|41.27|35.53|31.43|2.32|2.37|-1045.21|35.48|4.27|3.77|5.29|5.29|-126.09|41.28|40.21|23.54|
|五粮液|000858.SZ|2025-03-12|5161.37|5161.26|17.08|15.98|3.79|4.08|12.36|10.5|6.2|5.82|3.51|5.45|128.58|5164.95|3913.83|9.68|
|新乳业|002946.SZ|2025-03-12|118.6|117.35|27.53|22.65|4.05|4.09|7.62|8.71|1.08|1.08|1.09|1.34|145.39|153.26|148.64|12.74|
|有友食品|603697.SH|2025-03-12|40.46|40.46|34.83|30.81|2.27|2.33|-1024.63|34.78|4.19|3.7|5.39|5.39|-123.6|40.47|39.4|23.06|
|五粮液|000858.SZ|2025-03-11|5247.93|5247.82|17.37|16.24|3.85|4.15|12.57|10.68|6.3|5.92|3.45|5.36|130.73|5251.51|4000.39|9.9|
|新乳业|002946.SZ|2025-03-11|119.72|118.45|27.79|22.86|4.08|4.13|7.69|8.79|1.09|1.09|1.08|1.33|146.76|154.38|149.76|12.84|
|有友食品|603697.SH|2025-03-11|38.36|38.36|33.03|29.21|2.15|2.21|-971.56|32.98|3.97|3.51|5.69|5.69|-117.2|38.37|37.3|21.84|
|五粮液|000858.SZ|2025-03-10|5150.51|5150.4|17.05|15.94|3.78|4.08|12.34|10.48|6.19|5.81|3.52|5.46|128.31|5154.08|3902.96|9.66|
|新乳业|002946.SZ|2025-03-10|119.2|117.94|27.67|22.76|4.07|4.11|7.66|8.75|1.08|1.09|1.08|1.34|146.13|153.86|149.24|12.79|
|有友食品|603697.SH|2025-03-10|37.77|37.77|32.51|28.76|2.12|2.17|-956.39|32.46|3.91|3.45|5.78|5.78|-115.37|37.78|36.7|21.49|
|五粮液|000858.SZ|2025-03-07|5232.41|5232.3|17.32|16.2|3.84|4.14|12.54|10.65|6.28|5.9|3.46|5.38|130.35|5235.98|3984.86|9.86|
|新乳业|002946.SZ|2025-03-07|126.52|125.18|29.37|24.16|4.32|4.36|8.13|9.29|1.15|1.16|1.02|1.26|155.1|161.18|156.56|13.42|
|有友食品|603697.SH|2025-03-07|37.25|37.25|32.07|28.36|2.09|2.14|-943.4|32.02|3.86|3.41|5.86|5.86|-113.8|37.26|36.19|21.19|
|五粮液|000858.SZ|2025-03-06|5111.3|5111.19|16.92|15.82|3.75|4.04|12.24|10.4|6.14|5.77|3.55|5.5|127.33|5114.88|3863.76|9.56|
|新乳业|002946.SZ|2025-03-06|126.69|125.35|29.41|24.19|4.32|4.37|8.14|9.3|1.15|1.16|1.02|1.26|155.31|161.35|156.73|13.43|
|有友食品|603697.SH|2025-03-06|37.04|37.04|31.89|28.2|2.08|2.13|-937.98|31.84|3.83|3.39|5.89|5.89|-113.15|37.05|35.98|21.06|
|五粮液|000858.SZ|2025-03-05|4992.14|4992.03|16.52|15.45|3.66|3.95|11.96|10.16|6|5.63|3.63|5.63|124.36|4995.71|3744.59|9.26|
|新乳业|002946.SZ|2025-03-05|126.61|125.27|29.39|24.18|4.32|4.36|8.13|9.3|1.15|1.16|1.02|1.26|155.2|161.26|156.65|13.43|
|有友食品|603697.SH|2025-03-05|37.25|37.25|32.07|28.36|2.09|2.14|-943.4|32.02|3.86|3.41|5.86|5.86|-113.8|37.26|36.19|21.19|
|五粮液|000858.SZ|2025-03-04|5036.39|5036.28|16.67|15.59|3.69|3.99|12.07|10.25|6.05|5.68|3.6|5.58|125.46|5039.96|3788.84|9.37|
|新乳业|002946.SZ|2025-03-04|126.95|125.61|29.47|24.24|4.33|4.38|8.15|9.32|1.16|1.16|1.02|1.25|155.63|161.61|156.99|13.46|
|有友食品|603697.SH|2025-03-04|37.25|37.25|32.07|28.36|2.09|2.14|-943.4|32.02|3.86|3.41|5.86|5.86|-113.8|37.26|36.19|21.19|
|五粮液|000858.SZ|2025-03-03|5078.7|5078.59|16.81|15.72|3.72|4.02|12.17|10.33|6.1|5.73|3.57|5.54|126.52|5082.27|3831.15|9.48|
|新乳业|002946.SZ|2025-03-03|128.67|127.31|29.87|24.57|4.39|4.44|8.26|9.45|1.17|1.18|1|1.24|157.74|163.33|158.71|13.6|
|有友食品|603697.SH|2025-03-03|37.59|37.59|32.37|28.63|2.11|2.16|-952.06|32.32|3.89|3.44|5.8|5.8|-114.85|37.6|36.53|21.39|
|五粮液|000858.SZ|2025-02-28|5107.42|5107.31|16.91|15.81|3.75|4.04|12.24|10.39|6.13|5.76|3.55|5.51|127.23|5111|3859.87|9.55|
|新乳业|002946.SZ|2025-02-28|130.13|128.76|30.21|24.85|4.44|4.49|8.36|9.56|1.18|1.19|0.99|1.22|159.53|164.79|160.17|13.73|
|有友食品|603697.SH|2025-02-28|39.05|39.05|33.62|29.73|2.19|2.25|-988.89|33.57|4.04|3.57|5.59|5.59|-119.29|39.06|37.99|22.24|
|五粮液|000858.SZ|2025-02-27|5152.83|5152.73|17.06|15.95|3.78|4.08|12.34|10.48|6.19|5.81|3.52|5.46|128.36|5156.41|3905.29|9.66|
|新乳业|002946.SZ|2025-02-27|127.21|125.86|29.53|24.29|4.34|4.39|8.17|9.34|1.16|1.16|1.01|1.25|155.94|161.86|157.25|13.48|
|有友食品|603697.SH|2025-02-27|38.15|38.15|32.84|29.05|2.14|2.19|-966.14|32.79|3.95|3.49|5.72|5.72|-116.55|38.16|37.09|21.71|
|五粮液|000858.SZ|2025-02-26|5038.33|5038.22|16.68|15.59|3.69|3.99|12.07|10.25|6.05|5.68|3.6|5.58|125.51|5041.9|3790.78|9.38|
|新乳业|002946.SZ|2025-02-26|119.72|118.45|27.79|22.86|4.08|4.13|7.69|8.79|1.09|1.09|1.08|1.33|146.76|154.38|149.76|12.84|
|有友食品|603697.SH|2025-02-26|37.08|37.08|31.92|28.23|2.08|2.13|-939.06|31.87|3.84|3.39|5.88|5.88|-113.28|37.09|36.02|21.09|
|五粮液|000858.SZ|2025-02-25|4997.57|4997.46|16.54|15.47|3.66|3.95|11.97|10.17|6|5.64|3.63|5.63|124.5|5001.15|3750.02|9.28|
|新乳业|002946.SZ|2025-02-25|117.74|116.5|27.33|22.48|4.02|4.06|7.56|8.65|1.07|1.08|1.1|1.35|144.34|152.4|147.78|12.67|
|有友食品|603697.SH|2025-02-25|37|37|31.85|28.17|2.08|2.13|-936.9|31.8|3.83|3.38|5.9|5.9|-113.02|37.01|35.93|21.04|
|五粮液|000858.SZ|2025-02-24|5119.84|5119.73|16.95|15.85|3.75|4.05|12.27|10.42|6.15|5.78|3.54|5.49|127.54|5123.42|3872.29|9.58|
|新乳业|002946.SZ|2025-02-24|119.03|117.77|27.63|22.73|4.06|4.1|7.64|8.74|1.08|1.09|1.08|1.34|145.92|153.69|149.07|12.78|
|有友食品|603697.SH|2025-02-24|37.34|37.34|32.14|28.43|2.1|2.15|-945.56|32.09|3.86|3.41|5.84|5.84|-114.06|37.35|36.28|21.24|
|五粮液|000858.SZ|2025-02-21|5089.56|5089.46|16.85|15.75|3.73|4.03|12.19|10.36|6.11|5.74|3.56|5.53|126.79|5093.14|3842.02|9.51|
|新乳业|002946.SZ|2025-02-21|118.95|117.69|27.61|22.71|4.06|4.1|7.64|8.73|1.08|1.09|1.09|1.34|145.81|153.6|148.99|12.77|
|有友食品|603697.SH|2025-02-21|37.47|37.47|32.25|28.53|2.1|2.16|-948.81|32.21|3.88|3.43|5.82|5.82|-114.46|37.48|36.4|21.31|
|五粮液|000858.SZ|2025-02-20|5065.5|5065.39|16.77|15.68|3.71|4.01|12.14|10.31|6.08|5.71|3.58|5.55|126.19|5069.07|3817.95|9.45|
|新乳业|002946.SZ|2025-02-20|121.01|119.73|28.09|23.11|4.13|4.17|7.77|8.89|1.1|1.11|1.07|1.32|148.35|155.67|151.05|12.95|
|有友食品|603697.SH|2025-02-20|38.83|38.83|33.43|29.57|2.18|2.23|-983.47|33.38|4.02|3.55|5.62|5.62|-118.64|38.84|37.77|22.11|
|五粮液|000858.SZ|2025-02-19|5089.18|5089.07|16.85|15.75|3.73|4.03|12.19|10.35|6.11|5.74|3.56|5.53|126.78|5092.75|3841.63|9.5|
|新乳业|002946.SZ|2025-02-19|125.92|124.59|29.23|24.05|4.3|4.34|8.09|9.25|1.15|1.15|1.03|1.26|154.36|160.57|155.96|13.37|
|有友食品|603697.SH|2025-02-19|38.41|38.41|33.06|29.24|2.16|2.21|-972.64|33.01|3.98|3.51|5.68|5.68|-117.33|38.42|37.35|21.86|
|五粮液|000858.SZ|2025-02-18|5053.85|5053.75|16.73|15.64|3.71|4|12.11|10.28|6.07|5.7|3.59|5.57|125.9|5057.43|3806.31|9.42|
|新乳业|002946.SZ|2025-02-18|129.53|128.16|30.07|24.74|4.42|4.47|8.32|9.51|1.18|1.18|1|1.23|158.79|164.19|159.57|13.68|
|有友食品|603697.SH|2025-02-18|37.98|37.98|32.7|28.92|2.13|2.18|-961.81|32.65|3.93|3.47|5.74|5.74|-116.02|37.99|36.92|21.61|
|五粮液|000858.SZ|2025-02-17|5106.26|5106.15|16.9|15.8|3.74|4.04|12.23|10.39|6.13|5.76|3.55|5.51|127.2|5109.83|3858.71|9.55|
|新乳业|002946.SZ|2025-02-17|128.41|127.06|29.81|24.52|4.38|4.43|8.25|9.43|1.17|1.17|1.01|1.24|157.42|163.07|158.45|13.58|
|有友食品|603697.SH|2025-02-17|38.62|38.62|33.25|29.41|2.17|2.22|-978.05|33.2|4|3.53|5.65|5.65|-117.98|38.63|37.56|21.99|
|五粮液|000858.SZ|2025-02-14|5093.83|5093.73|16.86|15.77|3.74|4.03|12.2|10.36|6.12|5.75|3.56|5.52|126.89|5097.41|3846.29|9.52|
|新乳业|002946.SZ|2025-02-14|121.87|120.58|28.29|23.27|4.16|4.2|7.83|8.95|1.11|1.11|1.06|1.31|149.4|156.53|151.91|13.02|
|有友食品|603697.SH|2025-02-14|39.05|39.05|33.62|29.73|2.19|2.25|-988.89|33.57|4.04|3.57|5.59|5.59|-119.29|39.06|37.99|22.24|
|五粮液|000858.SZ|2025-02-13|5104.7|5104.59|16.9|15.8|3.74|4.04|12.23|10.39|6.13|5.76|3.55|5.51|127.16|5108.28|3857.16|9.54|
|新乳业|002946.SZ|2025-02-13|122.9|121.61|28.53|23.47|4.19|4.19|7.89|9.03|1.12|1.12|1.05|1.05|150.67|157.56|152.94|13.11|
|有友食品|603697.SH|2025-02-13|39.56|39.56|34.06|30.12|2.22|2.28|-1001.88|34.01|4.09|3.62|5.51|5.51|-120.86|39.57|38.5|22.54|
|五粮液|000858.SZ|2025-02-12|4956.81|4956.71|16.41|15.34|3.63|3.92|11.87|10.09|5.95|5.59|3.66|5.67|123.48|4960.39|3709.27|9.18|
|新乳业|002946.SZ|2025-02-12|121.18|119.9|28.13|23.14|4.13|4.13|7.78|8.9|1.1|1.11|1.07|1.07|148.56|155.84|151.22|12.96|
|有友食品|603697.SH|2025-02-12|40.33|40.33|34.72|30.71|2.26|2.32|-1021.38|34.67|4.17|3.69|5.41|5.41|-123.21|40.34|39.27|22.99|
|五粮液|000858.SZ|2025-02-11|4900.92|4900.81|16.22|15.17|3.59|3.88|11.74|9.97|5.89|5.53|3.7|5.74|122.09|4904.49|3653.37|9.04|
|新乳业|002946.SZ|2025-02-11|120.58|119.31|27.99|23.03|4.11|4.11|7.74|8.85|1.1|1.1|1.07|1.07|147.82|155.24|150.62|12.91|
|有友食品|603697.SH|2025-02-11|40.8|40.8|35.13|31.07|2.29|2.35|-1033.29|35.07|4.22|3.73|5.35|5.35|-124.65|40.81|39.74|23.26|
|五粮液|000858.SZ|2025-02-10|4950.21|4950.11|16.39|15.32|3.63|3.92|11.86|10.07|5.94|5.58|3.66|5.68|123.32|4953.79|3702.67|9.16|
|新乳业|002946.SZ|2025-02-10|119.29|118.03|27.69|22.78|4.07|4.07|7.66|8.76|1.09|1.09|1.08|1.08|146.23|153.95|149.33|12.8|
|有友食品|603697.SH|2025-02-10|40.93|40.93|35.24|31.17|2.3|2.35|-1036.54|35.18|4.24|3.74|5.33|5.33|-125.04|40.94|39.87|23.34|
|五粮液|000858.SZ|2025-02-07|4954.1|4953.99|16.4|15.33|3.63|3.92|11.87|10.08|5.95|5.59|3.66|5.68|123.41|4957.67|3706.55|9.17|
|新乳业|002946.SZ|2025-02-07|116.62|115.39|27.07|22.27|3.98|3.98|7.49|8.56|1.06|1.07|1.11|1.11|142.96|151.28|146.66|12.57|
|有友食品|603697.SH|2025-02-07|39.95|39.95|34.39|30.42|2.24|2.3|-1011.63|34.34|4.13|3.65|5.46|5.46|-122.04|39.96|38.88|22.76|
|五粮液|000858.SZ|2025-02-06|4886.94|4886.84|16.18|15.13|3.58|3.87|11.71|9.94|5.87|5.51|3.71|5.76|121.74|4890.52|3639.4|9|
|新乳业|002946.SZ|2025-02-06|114.47|113.26|26.57|21.86|3.91|3.91|7.35|8.41|1.04|1.05|1.13|1.13|140.33|149.13|144.51|12.39|
|有友食品|603697.SH|2025-02-06|39.43|39.43|33.95|30.03|2.21|2.27|-998.63|33.9|4.08|3.61|5.53|5.53|-120.47|39.44|38.37|22.46|
|五粮液|000858.SZ|2025-02-05|4852.4|4852.3|16.06|15.02|3.56|3.84|11.62|9.87|5.83|5.47|3.74|5.8|120.88|4855.97|3604.85|8.92|
|新乳业|002946.SZ|2025-02-05|117.57|116.33|27.29|22.45|4.01|4.01|7.55|8.63|1.07|1.07|1.1|1.1|144.12|152.22|147.61|12.65|
|有友食品|603697.SH|2025-02-05|38.92|38.92|33.51|29.64|2.19|2.24|-985.64|33.46|4.03|3.56|5.6|5.6|-118.9|38.93|37.86|22.16|
|五粮液|000858.SZ|2025-01-27|4937.41|4937.3|16.34|15.28|3.62|3.91|11.83|10.05|5.93|5.57|3.67|5.7|123|4940.98|3689.86|9.13|
|新乳业|002946.SZ|2025-01-27|124.54|123.22|28.91|23.78|4.25|4.25|8|9.15|1.13|1.14|1.04|1.04|152.67|159.2|154.58|13.25|
|有友食品|603697.SH|2025-01-27|41.74|41.74|35.94|31.78|2.34|2.4|-1057.12|35.88|4.32|3.82|5.23|5.23|-127.52|41.75|40.68|23.81|
|五粮液|000858.SZ|2025-01-24|4957.59|4957.48|16.41|15.34|3.64|3.92|11.88|10.09|5.95|5.59|3.66|5.67|123.5|4961.17|3710.04|9.18|
|新乳业|002946.SZ|2025-01-24|124.8|123.48|28.97|23.83|4.26|4.26|8.01|9.16|1.14|1.14|1.03|1.03|152.99|159.45|154.84|13.27|
|有友食品|603697.SH|2025-01-24|42.64|42.64|36.71|32.47|2.39|2.45|-1079.87|36.65|4.41|3.9|5.12|5.12|-130.27|42.65|41.58|24.34|
|五粮液|000858.SZ|2025-01-23|4993.69|4993.58|16.53|15.46|3.66|3.95|11.96|10.16|6|5.63|3.63|5.63|124.4|4997.27|3746.14|9.27|
|新乳业|002946.SZ|2025-01-23|128.24|126.89|29.77|24.49|4.38|4.38|8.24|9.42|1.17|1.17|1.01|1.01|157.21|162.9|158.28|13.57|
|有友食品|603697.SH|2025-01-23|42.17|42.17|36.3|32.11|2.37|2.43|-1067.95|36.25|4.36|3.86|5.17|5.17|-128.83|42.18|41.11|24.06|
|五粮液|000858.SZ|2025-01-22|5059.68|5059.57|16.75|15.66|3.71|3.71|12.12|10.29|6.08|5.71|3.58|3.58|126.04|5063.25|3812.13|9.43|
|新乳业|002946.SZ|2025-01-22|131.17|129.78|30.45|25.05|4.48|4.48|8.42|9.63|1.19|1.2|0.98|0.98|160.8|165.82|161.21|13.82|
|有友食品|603697.SH|2025-01-22|42.47|42.47|36.56|32.34|2.38|2.44|-1075.54|36.51|4.4|3.88|5.14|5.14|-129.74|42.48|41.41|24.24|
|五粮液|000858.SZ|2025-01-21|5177.68|5177.57|17.14|16.03|3.8|3.8|12.4|10.53|6.22|5.84|3.5|3.5|128.98|5181.25|3930.13|9.72|
|新乳业|002946.SZ|2025-01-21|131.86|130.46|30.61|25.18|4.5|4.5|8.47|9.68|1.2|1.2|0.98|0.98|161.64|166.51|161.9|13.88|
|有友食品|603697.SH|2025-01-21|42.77|42.77|36.82|32.57|2.4|2.46|-1083.12|36.76|4.43|3.91|5.1|5.1|-130.66|42.78|41.71|24.42|
|五粮液|000858.SZ|2025-01-20|5213|5212.89|17.26|16.14|3.82|3.82|12.49|10.61|6.26|5.88|3.48|3.48|129.86|5216.58|3965.45|9.81|
|新乳业|002946.SZ|2025-01-20|132.8|131.4|30.82|25.36|4.53|4.53|8.53|9.75|1.21|1.21|0.97|0.97|162.8|167.46|162.84|13.96|
|有友食品|603697.SH|2025-01-20|41.91|41.91|36.08|31.91|2.35|2.41|-1061.45|36.03|4.34|3.83|5.2|5.2|-128.05|41.92|40.85|23.91|
|五粮液|000858.SZ|2025-01-17|5135.37|5135.26|17|15.89|3.77|3.77|12.3|10.45|6.17|5.79|3.53|3.53|127.93|5138.94|3887.82|9.62|
|新乳业|002946.SZ|2025-01-17|131.68|130.29|30.57|25.15|4.49|4.49|8.46|9.67|1.2|1.2|0.98|0.98|161.43|166.34|161.72|13.86|
|有友食品|603697.SH|2025-01-17|41.19|41.19|35.46|31.36|2.31|2.37|-1043.04|35.4|4.26|3.77|5.3|5.3|-125.82|41.2|40.13|23.49|
|五粮液|000858.SZ|2025-01-16|5103.54|5103.43|16.89|15.8|3.74|3.74|12.23|10.38|6.13|5.76|3.55|3.55|127.14|5107.11|3855.99|9.54|
|新乳业|002946.SZ|2025-01-16|131.08|129.7|30.43|25.03|4.47|4.47|8.42|9.63|1.19|1.2|0.98|0.98|160.69|165.74|161.12|13.81|
|有友食品|603697.SH|2025-01-16|42.04|42.04|36.19|32.01|2.36|2.42|-1064.7|36.14|4.35|3.84|5.19|5.19|-128.44|42.05|40.98|23.99|
|五粮液|000858.SZ|2025-01-15|5153.61|5153.5|17.06|15.95|3.78|3.78|12.35|10.49|6.19|5.81|3.52|3.52|128.38|5157.19|3906.06|9.66|
|新乳业|002946.SZ|2025-01-15|130.56|129.18|30.31|24.93|4.45|4.45|8.38|9.59|1.19|1.19|0.99|0.99|160.06|165.22|160.6|13.77|
|有友食品|603697.SH|2025-01-15|42.04|42.04|36.19|32.01|2.36|2.42|-1064.7|36.14|4.35|3.84|5.19|5.19|-128.44|42.05|40.98|23.99|
|五粮液|000858.SZ|2025-01-14|5163.31|5163.21|17.09|15.98|3.79|3.79|12.37|10.51|6.2|5.82|3.51|3.51|128.62|5166.89|3915.77|9.69|
|新乳业|002946.SZ|2025-01-14|132.72|131.31|30.8|25.34|4.53|4.53|8.52|9.75|1.21|1.21|0.97|0.97|162.69|167.37|162.76|13.95|
|有友食品|603697.SH|2025-01-14|43.75|43.75|37.67|33.31|2.46|2.52|-1108.03|37.61|4.53|4|4.99|4.99|-133.66|43.76|42.69|24.99|
|五粮液|000858.SZ|2025-01-13|5015.04|5014.93|16.6|15.52|3.68|3.68|12.01|10.2|6.02|5.66|3.61|3.61|124.93|5018.61|3767.49|9.32|
|新乳业|002946.SZ|2025-01-13|129.19|127.82|29.99|24.67|4.41|4.41|8.3|9.49|1.18|1.18|1|1|158.37|163.84|159.23|13.65|
|有友食品|603697.SH|2025-01-13|42.26|42.26|36.38|32.18|2.37|2.43|-1070.12|36.32|4.37|3.86|5.16|5.16|-129.09|42.27|41.19|24.11|
|五粮液|000858.SZ|2025-01-10|4991.75|4991.64|16.52|15.45|3.66|3.66|11.96|10.16|5.99|5.63|3.63|3.63|124.35|4995.32|3744.2|9.26|
|新乳业|002946.SZ|2025-01-10|135.38|133.95|31.42|25.85|4.62|4.62|8.69|9.94|1.23|1.24|0.95|0.95|165.97|170.04|165.42|14.18|
|有友食品|603697.SH|2025-01-10|44.05|44.05|37.92|33.54|2.47|2.53|-1115.61|37.87|4.56|4.03|4.95|4.95|-134.58|44.06|42.99|25.17|
|五粮液|000858.SZ|2025-01-09|5068.6|5068.5|16.78|15.69|3.72|3.72|12.14|10.31|6.09|5.72|3.58|3.58|126.26|5072.18|3821.06|9.45|
|新乳业|002946.SZ|2025-01-09|132.97|131.57|30.86|25.39|4.54|4.54|8.54|9.76|1.21|1.22|0.97|0.97|163.01|167.63|163.01|13.97|
|有友食品|603697.SH|2025-01-09|43.33|43.33|37.3|32.99|2.43|2.49|-1097.2|37.24|4.48|3.96|5.03|5.03|-132.36|43.34|42.26|24.74|
|五粮液|000858.SZ|2025-01-08|5034.45|5034.34|16.66|15.58|3.69|3.69|12.06|10.24|6.05|5.68|3.6|3.6|125.41|5038.02|3786.9|9.37|
|新乳业|002946.SZ|2025-01-08|136.93|135.49|31.78|26.15|4.67|4.67|8.79|10.06|1.25|1.25|0.94|0.94|167.86|171.59|166.97|14.31|
|有友食品|603697.SH|2025-01-08|43.28|43.28|37.26|32.96|2.43|2.49|-1096.11|37.21|4.48|3.96|5.04|5.04|-132.23|43.29|42.22|24.72|
|五粮液|000858.SZ|2025-01-07|5079.08|5078.98|16.81|15.72|3.72|3.72|12.17|10.33|6.1|5.73|3.57|3.57|126.53|5082.66|3831.54|9.48|
|新乳业|002946.SZ|2025-01-07|139.43|137.96|32.36|26.63|4.76|4.76|8.95|10.24|1.27|1.27|0.93|0.93|170.92|174.09|169.47|14.53|
|有友食品|603697.SH|2025-01-07|43.2|43.2|37.19|32.89|2.43|2.49|-1093.95|37.13|4.47|3.95|5.05|5.05|-131.97|43.21|42.14|24.67|
|五粮液|000858.SZ|2025-01-06|5078.31|5078.2|16.81|15.72|3.72|3.72|12.17|10.33|6.1|5.73|3.57|3.57|126.51|5081.88|3830.76|9.48|
|新乳业|002946.SZ|2025-01-06|136.5|135.06|31.68|26.07|4.66|4.66|8.77|10.02|1.24|1.25|0.95|0.95|167.34|171.16|166.54|14.28|
|有友食品|603697.SH|2025-01-06|42.13|42.13|36.27|32.08|2.37|2.42|-1066.87|36.21|4.36|3.85|5.18|5.18|-128.7|42.14|41.07|24.04|
|五粮液|000858.SZ|2025-01-03|5255.7|5255.59|17.4|16.27|3.85|3.85|12.59|10.69|6.31|5.93|3.45|3.45|130.93|5259.27|4008.15|9.92|
|新乳业|002946.SZ|2025-01-03|129.96|128.59|30.17|24.82|4.43|4.43|8.35|9.54|1.18|1.19|0.99|0.99|159.32|164.62|160|13.72|
|有友食品|603697.SH|2025-01-03|42.6|42.6|36.67|32.44|2.39|2.45|-1078.78|36.62|4.41|3.9|5.12|5.12|-130.14|42.61|41.54|24.32|
|五粮液|000858.SZ|2025-01-02|5317.41|5317.3|17.6|16.46|3.9|3.9|12.74|10.82|6.39|6|3.41|3.41|132.46|5320.99|4069.87|10.07|
|新乳业|002946.SZ|2025-01-02|126.09|124.76|29.27|24.08|4.3|4.3|8.1|9.26|1.15|1.15|1.02|1.02|154.57|160.75|156.13|13.38|
|有友食品|603697.SH|2025-01-02|44.86|44.86|38.62|34.16|2.52|2.58|-1136.19|38.57|4.64|4.1|4.86|4.86|-137.06|44.87|43.8|25.64|
|五粮液|000858.SZ|2024-12-31|5435.8|5435.69|17.99|16.82|3.99|3.99|13.02|11.06|6.53|6.13|2.7|3.33|135.41|5439.38|4188.26|10.36|
|新乳业|002946.SZ|2024-12-31|124.88|123.56|28.99|23.85|4.26|4.26|8.02|9.17|1.14|1.14|0.59|1.03|153.09|159.54|154.92|13.28|
|有友食品|603697.SH|2024-12-31|43.54|43.54|37.48|33.15|2.44|2.5|-1102.61|37.43|4.51|3.98|3.23|5.01|-133.01|43.55|42.48|24.87|
|五粮液|000858.SZ|2024-12-30|5481.22|5481.1|18.14|16.97|4.02|4.02|13.13|11.15|6.58|6.18|2.68|3.31|136.54|5484.79|4233.67|10.47|
|新乳业|002946.SZ|2024-12-30|124.28|122.97|28.85|23.73|4.24|4.24|7.98|9.13|1.13|1.14|0.59|1.04|152.35|158.94|154.32|13.23|
|有友食品|603697.SH|2024-12-30|43.75|43.75|37.67|33.31|2.46|2.52|-1108.03|37.61|4.53|4|3.21|4.99|-133.66|43.76|42.69|24.99|
|五粮液|000858.SZ|2024-12-27|5532.07|5531.95|18.31|17.12|4.06|4.06|13.25|11.26|6.64|6.24|2.65|3.28|137.81|5535.64|4284.52|10.6|
|新乳业|002946.SZ|2024-12-27|123.94|122.63|28.77|23.67|4.23|4.23|7.96|9.1|1.13|1.13|0.59|1.04|151.93|158.59|153.98|13.2|
|有友食品|603697.SH|2024-12-27|43.54|43.54|37.48|33.15|2.44|2.5|-1102.61|37.43|4.51|3.98|3.23|5.01|-133.01|43.55|42.48|24.87|
|五粮液|000858.SZ|2024-12-26|5530.9|5530.79|18.31|17.12|4.06|4.06|13.25|11.25|6.64|6.24|2.65|3.28|137.78|5534.48|4283.36|10.6|
|新乳业|002946.SZ|2024-12-26|126.6|125.27|29.39|24.18|4.32|4.32|8.13|9.3|1.15|1.16|0.58|1.02|155.2|161.26|156.64|13.43|
|有友食品|603697.SH|2024-12-26|43.11|43.11|37.11|32.83|2.42|2.48|-1091.78|37.06|4.46|3.94|3.26|5.06|-131.7|43.12|42.05|24.62|
|五粮液|000858.SZ|2024-12-25|5553.8|5553.69|18.38|17.19|4.07|4.07|13.3|11.3|6.67|6.26|2.64|3.26|138.35|5557.38|4306.26|10.65|
|新乳业|002946.SZ|2024-12-25|122.56|121.26|28.45|23.4|4.18|4.18|7.87|9|1.12|1.12|0.6|1.05|150.24|157.22|152.6|13.08|
|有友食品|603697.SH|2024-12-25|43.37|43.37|37.34|33.02|2.44|2.44|-1098.28|37.28|4.49|3.97|3.24|4.04|-132.49|43.38|42.31|24.77|
|五粮液|000858.SZ|2024-12-24|5569.33|5569.21|18.43|17.24|4.08|4.08|13.34|11.33|6.69|6.28|2.64|3.25|138.74|5572.91|4321.79|10.69|
|新乳业|002946.SZ|2024-12-24|122.9|121.61|28.53|23.47|4.19|4.19|7.89|9.03|1.12|1.12|0.6|1.05|150.67|157.56|152.94|13.11|
|有友食品|603697.SH|2024-12-24|45.21|45.21|38.92|34.42|2.54|2.54|-1144.86|38.86|4.68|4.13|3.11|3.88|-138.11|45.22|44.15|25.84|
|五粮液|000858.SZ|2024-12-23|5529.35|5529.23|18.3|17.11|4.05|4.05|13.25|11.25|6.64|6.24|2.65|3.28|137.74|5532.93|4281.8|10.59|
|新乳业|002946.SZ|2024-12-23|122.3|121.01|28.39|23.36|4.17|4.17|7.85|8.98|1.11|1.12|0.6|1.06|149.93|156.96|152.34|13.06|
|有友食品|603697.SH|2024-12-23|43.97|43.97|37.85|33.48|2.47|2.47|-1113.44|37.79|4.55|4.02|3.2|3.99|-134.32|43.98|42.91|25.12|
|五粮液|000858.SZ|2024-12-20|5558.85|5558.73|18.4|17.21|4.08|4.08|13.32|11.31|6.68|6.27|2.64|3.26|138.48|5562.43|4311.3|10.67|
|新乳业|002946.SZ|2024-12-20|129.1|127.74|29.97|24.65|4.4|4.4|8.29|9.48|1.18|1.18|0.57|1|158.26|163.76|159.14|13.64|
|有友食品|603697.SH|2024-12-20|46.15|46.15|39.73|35.14|2.59|2.59|-1168.68|39.67|4.78|4.22|3.05|3.8|-140.98|46.16|45.09|26.39|
|五粮液|000858.SZ|2024-12-19|5572.05|5571.93|18.44|17.25|4.09|4.09|13.35|11.34|6.69|6.29|2.63|3.25|138.81|5575.62|4324.5|10.7|
|新乳业|002946.SZ|2024-12-19|122.13|120.84|28.35|23.32|4.17|4.17|7.84|8.97|1.11|1.12|0.6|1.06|149.72|156.79|152.17|13.04|
|有友食品|603697.SH|2024-12-19|43.5|43.5|37.45|33.12|2.44|2.44|-1101.53|37.39|4.5|3.98|3.23|4.03|-132.88|43.51|42.43|24.84|
|五粮液|000858.SZ|2024-12-18|5636.09|5635.98|18.66|17.44|4.13|4.13|13.5|11.47|6.77|6.36|2.6|3.22|140.4|5639.67|4388.55|10.86|
|新乳业|002946.SZ|2024-12-18|121.7|120.41|28.25|23.24|4.15|4.15|7.82|8.94|1.11|1.11|0.61|1.06|149.19|156.36|151.74|13.01|
|有友食品|603697.SH|2024-12-18|43.67|43.67|37.59|33.25|2.45|2.45|-1105.86|37.54|4.52|3.99|3.22|4.02|-133.4|43.68|42.61|24.94|
|五粮液|000858.SZ|2024-12-17|5624.06|5623.94|18.62|17.41|4.12|4.12|13.47|11.44|6.75|6.34|2.61|3.22|140.1|5627.64|4376.52|10.83|
|新乳业|002946.SZ|2024-12-17|123.16|121.86|28.59|23.52|4.2|4.2|7.91|9.04|1.12|1.13|0.6|1.05|150.98|157.82|153.2|13.13|
|有友食品|603697.SH|2024-12-17|43.71|43.71|37.63|33.28|2.45|2.45|-1106.95|37.57|4.52|4|3.21|4.01|-133.53|43.72|42.65|24.97|
|五粮液|000858.SZ|2024-12-16|5612.42|5612.3|18.58|17.37|4.12|4.12|13.45|11.42|6.74|6.33|2.62|3.23|139.81|5615.99|4364.87|10.8|
|新乳业|002946.SZ|2024-12-16|126.35|125.01|29.33|24.13|4.31|4.31|8.11|9.28|1.15|1.15|0.58|1.02|154.89|161|156.39|13.41|
|有友食品|603697.SH|2024-12-16|45.25|45.25|38.96|34.45|2.54|2.54|-1145.94|38.9|4.68|4.14|3.11|3.88|-138.24|45.26|44.19|25.87|
|五粮液|000858.SZ|2024-12-13|5746.33|5746.21|19.02|17.79|4.21|4.21|13.77|11.69|6.9|6.48|2.55|3.15|143.15|5749.91|4498.79|11.13|
|新乳业|002946.SZ|2024-12-13|131.86|130.46|30.61|25.18|4.5|4.5|8.47|9.68|1.2|1.2|0.56|0.98|161.64|166.51|161.9|13.88|
|有友食品|603697.SH|2024-12-13|46.36|46.36|39.91|35.3|2.6|2.6|-1174.1|39.85|4.8|4.24|3.03|3.78|-141.63|46.37|45.3|26.52|
|五粮液|000858.SZ|2024-12-12|5893.06|5892.93|19.51|18.24|4.32|4.32|14.12|11.99|7.08|6.65|2.49|3.08|146.8|5896.63|4645.51|11.49|
|新乳业|002946.SZ|2024-12-12|135.04|133.61|31.34|25.79|4.61|4.61|8.67|9.92|1.23|1.23|0.55|0.96|165.54|169.7|165.08|14.15|
|有友食品|603697.SH|2024-12-12|48.12|48.12|41.42|36.64|2.7|2.7|-1218.51|41.36|4.98|4.4|2.92|3.64|-146.99|48.13|47.05|27.55|
|五粮液|000858.SZ|2024-12-11|5799.12|5799|19.2|17.95|4.25|4.25|13.89|11.8|6.96|6.54|2.53|3.13|144.46|5802.7|4551.58|11.26|
|新乳业|002946.SZ|2024-12-11|128.15|126.8|29.75|24.47|4.37|4.37|8.23|9.41|1.17|1.17|0.57|1.01|157.1|162.81|158.19|13.56|
|有友食品|603697.SH|2024-12-11|47.35|47.35|40.76|36.05|2.66|2.66|-1199.01|40.7|4.9|4.33|2.97|3.7|-144.64|47.36|46.28|27.09|
|五粮液|000858.SZ|2024-12-10|5787.48|5787.36|19.16|17.91|4.24|4.24|13.86|11.78|6.95|6.53|2.54|3.13|144.17|5791.05|4539.93|11.23|
|新乳业|002946.SZ|2024-12-10|124.63|123.31|28.93|23.8|4.25|4.25|8|9.15|1.13|1.14|0.59|1.04|152.78|159.28|154.67|13.26|
|有友食品|603697.SH|2024-12-10|46.11|46.11|39.69|35.11|2.59|2.59|-1167.6|39.63|4.77|4.22|3.05|3.8|-140.85|46.12|45.04|26.37|
|五粮液|000858.SZ|2024-12-09|5657.83|5657.71|18.73|17.51|4.15|4.15|13.55|11.51|6.79|6.38|2.59|3.2|140.94|5661.41|4410.29|10.91|
|新乳业|002946.SZ|2024-12-09|113.26|112.07|26.29|21.63|3.86|3.86|7.27|8.32|1.03|1.03|0.65|1.14|138.85|147.92|143.3|12.28|
|有友食品|603697.SH|2024-12-09|44.99|44.99|38.73|34.26|2.53|2.53|-1139.44|38.68|4.66|4.11|3.12|3.9|-137.45|45|43.93|25.72|
|五粮液|000858.SZ|2024-12-06|5684.23|5684.11|18.82|17.59|4.17|4.17|13.62|11.57|6.83|6.41|2.58|3.19|141.6|5687.8|4436.68|10.98|
|新乳业|002946.SZ|2024-12-06|117.48|116.24|27.27|22.43|4.01|4.01|7.54|8.63|1.07|1.07|0.63|1.1|144.02|152.14|147.52|12.65|
|有友食品|603697.SH|2024-12-06|44.22|44.22|38.07|33.67|2.48|2.48|-1119.94|38.01|4.58|4.04|3.18|3.97|-135.1|44.23|43.16|25.27|
|五粮液|000858.SZ|2024-12-05|5629.5|5629.38|18.63|17.42|4.13|4.13|13.49|11.45|6.76|6.35|2.61|3.22|140.24|5633.07|4381.95|10.84|
|新乳业|002946.SZ|2024-12-05|117.31|116.07|27.23|22.4|4|4|7.53|8.61|1.07|1.07|0.63|1.1|143.81|151.97|147.35|12.63|
|有友食品|603697.SH|2024-12-05|43.24|43.24|37.23|32.92|2.43|2.43|-1095.03|37.17|4.48|3.95|3.25|4.06|-132.1|43.25|42.18|24.69|
|五粮液|000858.SZ|2024-12-04|5656.67|5656.55|18.72|17.51|4.15|4.15|13.55|11.51|6.79|6.38|2.6|3.2|140.91|5660.24|4409.12|10.91|
|新乳业|002946.SZ|2024-12-04|110.68|109.51|25.69|21.14|3.78|3.78|7.11|8.13|1.01|1.01|0.67|1.17|135.68|145.34|140.72|12.06|
|有友食品|603697.SH|2024-12-04|43.84|43.84|37.74|33.38|2.46|2.46|-1110.2|37.68|4.54|4.01|3.21|4|-133.93|43.85|42.78|25.04|
|五粮液|000858.SZ|2024-12-03|5705.58|5705.45|18.89|17.66|4.18|4.18|13.67|11.61|6.85|6.44|2.57|3.18|142.13|5709.15|4458.03|11.03|
|新乳业|002946.SZ|2024-12-03|113.26|112.07|26.29|21.63|3.86|3.86|7.27|8.32|1.03|1.03|0.65|1.14|138.85|147.92|143.3|12.28|
|有友食品|603697.SH|2024-12-03|45.85|45.85|39.47|34.91|2.57|2.57|-1161.1|39.41|4.75|4.19|3.06|3.82|-140.07|45.86|44.79|26.22|
|五粮液|000858.SZ|2024-12-02|5721.49|5721.37|18.94|17.71|4.2|4.2|13.71|11.64|6.87|6.45|2.57|3.17|142.53|5725.07|4473.94|11.07|
|新乳业|002946.SZ|2024-12-02|113.26|112.07|26.29|21.63|3.86|3.86|7.27|8.32|1.03|1.03|0.65|1.14|138.85|147.92|143.3|12.28|
|有友食品|603697.SH|2024-12-02|46.19|46.19|39.77|35.17|2.59|2.59|-1169.77|39.71|4.78|4.22|3.04|3.8|-141.11|46.2|45.13|26.42|
|五粮液|000858.SZ|2024-11-29|5697.04|5696.92|18.86|17.63|4.18|4.18|13.65|11.59|6.84|6.43|2.58|3.18|141.92|5700.61|4449.49|11.01|
|新乳业|002946.SZ|2024-11-29|111.97|110.79|25.99|21.38|3.82|3.82|7.19|8.22|1.02|1.02|0.66|1.15|137.27|146.63|142.01|12.17|
|有友食品|603697.SH|2024-11-29|48.84|48.84|42.05|37.19|2.74|2.74|-1236.92|41.98|5.06|4.47|2.88|3.59|-149.21|48.85|47.78|27.97|
|五粮液|000858.SZ|2024-11-28|5589.52|5589.4|18.5|17.3|4.1|4.1|13.39|11.37|6.71|6.31|2.63|3.24|139.24|5593.09|4341.97|10.74|
|新乳业|002946.SZ|2024-11-28|111.89|110.7|25.97|21.37|3.82|3.82|7.19|8.22|1.02|1.02|0.66|1.15|137.16|146.54|141.93|12.17|
|有友食品|603697.SH|2024-11-28|46.79|46.79|40.28|35.63|2.63|2.63|-1184.93|40.22|4.84|4.28|3|3.75|-142.94|46.8|45.73|26.77|
|五粮液|000858.SZ|2024-11-27|5707.9|5707.78|18.89|17.67|4.19|4.19|13.67|11.61|6.85|6.44|2.57|3.18|142.19|5711.48|4460.36|11.04|
|新乳业|002946.SZ|2024-11-27|112.83|111.64|26.19|21.55|3.85|3.85|7.25|8.29|1.03|1.03|0.65|1.14|138.32|147.49|142.87|12.25|
|有友食品|603697.SH|2024-11-27|46.28|46.28|39.84|35.24|2.6|2.6|-1171.93|39.78|4.79|4.23|3.04|3.79|-141.37|46.29|45.21|26.47|
|五粮液|000858.SZ|2024-11-26|5620.57|5620.45|18.6|17.4|4.12|4.12|13.46|11.44|6.75|6.34|2.61|3.23|140.01|5624.14|4373.02|10.82|
|新乳业|002946.SZ|2024-11-26|110.94|109.77|25.75|21.19|3.79|3.79|7.12|8.15|1.01|1.01|0.66|1.16|136|145.6|140.98|12.08|
|有友食品|603697.SH|2024-11-26|45.29|45.29|38.99|34.49|2.54|2.54|-1147.02|38.93|4.69|4.14|3.1|3.87|-138.37|45.3|44.23|25.89|
|五粮液|000858.SZ|2024-11-25|5581.75|5581.63|18.48|17.28|4.09|4.09|13.37|11.36|6.7|6.3|2.63|3.25|139.05|5585.33|4334.21|10.72|
|新乳业|002946.SZ|2024-11-25|106.72|105.6|24.77|20.38|3.64|3.64|6.85|7.84|0.97|0.98|0.69|1.21|130.83|141.38|136.76|11.72|
|有友食品|603697.SH|2024-11-25|43.97|43.97|37.85|33.48|2.47|2.47|-1113.44|37.79|4.55|4.02|3.2|3.99|-134.32|43.98|42.91|25.12|
|五粮液|000858.SZ|2024-11-22|5624.06|5623.94|18.62|17.41|4.12|4.12|13.47|11.44|6.75|6.34|2.61|3.22|140.1|5627.64|4376.52|10.83|
|新乳业|002946.SZ|2024-11-22|105.78|104.66|24.55|20.2|3.61|3.61|6.79|7.77|0.96|0.97|0.7|1.22|129.67|140.43|135.82|11.64|
|有友食品|603697.SH|2024-11-22|41.36|41.36|35.61|31.49|2.32|2.32|-1047.37|35.55|4.28|3.78|3.4|4.24|-126.35|41.37|40.3|23.59|
|五粮液|000858.SZ|2024-11-21|5803|5802.88|19.21|17.96|4.26|4.26|13.9|11.81|6.97|6.55|2.53|3.12|144.56|5806.58|4555.46|11.27|
|新乳业|002946.SZ|2024-11-21|109.74|108.58|25.47|20.96|3.74|3.74|7.05|8.06|1|1|0.67|1.18|134.52|144.39|139.78|11.98|
|有友食品|603697.SH|2024-11-21|44.27|44.27|38.11|33.71|2.49|2.49|-1121.03|38.05|4.58|4.05|3.17|3.96|-135.23|44.28|43.2|25.29|
|五粮液|000858.SZ|2024-11-20|5806.89|5806.76|19.22|17.97|4.26|4.26|13.91|11.82|6.97|6.55|2.53|3.12|144.66|5810.46|4559.34|11.28|
|新乳业|002946.SZ|2024-11-20|108.44|107.3|25.17|20.71|3.7|3.7|6.96|7.96|0.99|0.99|0.68|1.19|132.94|143.1|138.48|11.87|
|有友食品|603697.SH|2024-11-20|45.42|45.42|39.1|34.59|2.55|2.55|-1150.27|39.04|4.7|4.15|3.09|3.86|-138.76|45.43|44.36|25.97|
|五粮液|000858.SZ|2024-11-19|5762.25|5762.13|19.07|17.84|4.23|4.23|13.8|11.72|6.92|6.5|2.55|3.15|143.54|5765.82|4514.7|11.17|
|新乳业|002946.SZ|2024-11-19|107.33|106.19|24.91|20.5|3.66|3.66|6.89|7.88|0.98|0.98|0.69|1.2|131.57|141.98|137.37|11.77|
|有友食品|603697.SH|2024-11-19|45.25|45.25|38.96|34.45|2.54|2.54|-1145.94|38.9|4.68|4.14|3.11|3.88|-138.24|45.26|44.19|25.87|
|五粮液|000858.SZ|2024-11-18|5796.41|5796.28|19.19|17.94|4.25|4.25|13.89|11.79|6.96|6.54|2.53|3.13|144.4|5799.98|4548.86|11.25|
|新乳业|002946.SZ|2024-11-18|104.66|103.55|24.29|19.99|3.57|3.57|6.72|7.69|0.95|0.96|0.7|1.23|128.3|139.31|134.7|11.55|
|有友食品|603697.SH|2024-11-18|44.27|44.27|38.11|33.71|2.49|2.49|-1121.03|38.05|4.58|4.05|3.17|3.96|-135.23|44.28|43.2|25.29|
|五粮液|000858.SZ|2024-11-15|5872.48|5872.36|19.44|18.18|4.31|4.31|14.07|11.95|7.05|6.62|2.5|3.09|146.29|5876.06|4624.94|11.44|
|新乳业|002946.SZ|2024-11-15|108.19|107.04|25.11|20.66|3.69|3.69|6.95|7.94|0.98|0.99|0.68|1.19|132.62|142.84|138.23|11.85|
|有友食品|603697.SH|2024-11-15|45.76|45.76|39.4|34.85|2.57|2.57|-1158.94|39.34|4.74|4.18|3.07|3.83|-139.8|45.77|44.7|26.17|
|五粮液|000858.SZ|2024-11-14|5957.88|5957.75|19.72|18.44|4.37|4.37|14.27|12.12|7.15|6.72|2.46|3.04|148.42|5961.46|4710.33|11.65|
|新乳业|002946.SZ|2024-11-14|109.91|108.75|25.51|20.99|3.75|3.75|7.06|8.07|1|1|0.67|1.17|134.73|144.56|139.95|12|
|有友食品|603697.SH|2024-11-14|41.61|41.61|35.83|31.69|2.34|2.34|-1053.87|35.77|4.31|3.81|3.38|4.21|-127.13|41.62|40.55|23.74|
|五粮液|000858.SZ|2024-11-13|5975.35|5975.22|19.78|18.49|4.38|4.38|14.31|12.16|7.18|6.74|2.46|3.03|148.85|5978.92|4727.8|11.7|
|新乳业|002946.SZ|2024-11-13|112.66|111.47|26.15|21.51|3.84|3.84|7.24|8.27|1.03|1.03|0.65|1.15|138.11|147.32|142.7|12.23|
|有友食品|603697.SH|2024-11-13|41.36|41.36|35.61|31.49|2.32|2.32|-1047.37|35.55|4.28|3.78|3.4|4.24|-126.35|41.37|40.3|23.59|
|五粮液|000858.SZ|2024-11-12|5989.32|5989.19|19.83|18.54|4.39|4.39|14.35|12.19|7.19|6.76|2.45|3.03|149.2|5992.9|4741.78|11.73|
|新乳业|002946.SZ|2024-11-12|115.59|114.37|26.83|22.07|3.94|3.94|7.42|8.49|1.05|1.06|0.64|1.12|141.7|150.25|145.63|12.48|
|有友食品|603697.SH|2024-11-12|42.43|42.43|36.53|32.31|2.38|2.38|-1074.45|36.47|4.39|3.88|3.31|4.13|-129.61|42.44|41.37|24.22|
|五粮液|000858.SZ|2024-11-11|6009.51|6009.38|19.89|18.6|4.41|4.41|14.4|12.23|7.22|6.78|2.44|3.02|149.7|6013.08|4761.96|11.78|
|新乳业|002946.SZ|2024-11-11|114.04|112.83|26.47|21.78|3.89|3.89|7.32|8.37|1.04|1.04|0.65|1.13|139.8|148.7|144.08|12.35|
|有友食品|603697.SH|2024-11-11|39.78|39.78|34.24|30.29|2.23|2.23|-1007.3|34.19|4.12|3.64|3.53|4.41|-121.51|39.79|38.71|22.66|
|五粮液|000858.SZ|2024-11-08|6073.55|6073.42|20.1|18.8|4.45|4.45|14.55|12.36|7.29|6.85|2.42|2.98|151.3|6077.13|4826.01|11.94|
|新乳业|002946.SZ|2024-11-08|115.59|114.37|26.83|22.07|3.94|3.94|7.42|8.49|1.05|1.06|0.64|1.12|141.7|150.25|145.63|12.48|
|有友食品|603697.SH|2024-11-08|40.8|40.8|35.13|31.07|2.29|2.29|-1033.29|35.07|4.22|3.73|3.44|4.3|-124.65|40.81|39.74|23.26|
|五粮液|000858.SZ|2024-11-07|6297.52|6297.39|20.85|19.49|4.62|4.62|15.09|12.81|7.56|7.1|2.33|2.88|156.88|6301.1|5049.97|12.49|
|新乳业|002946.SZ|2024-11-07|114.73|113.52|26.63|21.91|3.91|3.91|7.37|8.42|1.04|1.05|0.64|1.13|140.64|149.38|144.77|12.41|
|有友食品|603697.SH|2024-11-07|42.47|42.47|36.56|32.34|2.38|2.38|-1075.54|36.51|4.4|3.88|3.31|4.13|-129.74|42.48|41.41|24.24|
|五粮液|000858.SZ|2024-11-06|5870.93|5870.81|19.43|18.17|4.31|4.31|14.06|11.95|7.05|6.62|2.5|3.09|146.25|5874.51|4623.39|11.44|
|新乳业|002946.SZ|2024-11-06|108.96|107.81|25.29|20.81|3.72|3.72|7|8|0.99|1|0.68|1.18|133.57|143.62|139|11.91|
|有友食品|603697.SH|2024-11-06|39.09|39.09|33.65|29.77|2.19|2.19|-989.97|33.6|4.05|3.57|3.59|4.49|-119.42|39.1|38.03|22.26|
|五粮液|000858.SZ|2024-11-05|5931.1|5930.97|19.63|18.36|4.35|4.35|14.21|12.07|7.12|6.69|2.48|3.06|147.75|5934.67|4683.55|11.59|
|新乳业|002946.SZ|2024-11-05|110.08|108.92|25.55|21.02|3.76|3.76|7.07|8.08|1|1.01|0.67|1.17|134.95|144.74|140.12|12.01|
|有友食品|603697.SH|2024-11-05|38.88|38.88|33.47|29.6|2.18|2.18|-984.55|33.42|4.02|3.56|3.61|4.51|-118.77|38.89|37.82|22.14|
|五粮液|000858.SZ|2024-11-04|5768.07|5767.95|19.09|17.85|4.23|4.23|13.82|11.74|6.93|6.51|2.55|3.14|143.69|5771.65|4520.52|11.18|
|新乳业|002946.SZ|2024-11-04|107.41|106.28|24.93|20.51|3.66|3.66|6.9|7.89|0.98|0.98|0.69|1.2|131.67|142.07|137.45|11.78|
|有友食品|603697.SH|2024-11-04|39.78|39.78|34.24|30.29|2.23|2.23|-1007.3|34.19|4.12|3.64|3.53|4.41|-121.51|39.79|38.71|22.66|
|五粮液|000858.SZ|2024-11-01|5741.67|5741.55|19.01|17.77|4.21|4.21|13.76|11.68|6.9|6.48|2.56|3.16|143.03|5745.25|4494.13|11.12|
|新乳业|002946.SZ|2024-11-01|106.81|105.68|24.79|20.4|3.64|3.64|6.86|7.84|0.97|0.98|0.69|1.21|130.94|141.47|136.85|11.73|
|有友食品|603697.SH|2024-11-01|36.91|36.91|31.78|28.1|2.07|2.07|-934.73|31.73|3.82|3.38|3.81|4.75|-112.76|36.92|35.85|20.99|
|五粮液|000858.SZ|2024-10-31|5699.37|5699.24|18.87|17.64|4.18|4.18|13.65|11.6|6.84|6.43|2.58|3.18|141.98|5702.94|4451.82|11.01|
|新乳业|002946.SZ|2024-10-31|105.78|104.66|24.55|20.2|3.61|3.61|6.79|7.77|0.96|0.97|0.7|1.22|129.67|140.43|135.82|11.64|
|有友食品|603697.SH|2024-10-31|37.17|37.17|32|28.3|2.09|2.09|-941.23|31.95|3.85|3.4|3.78|4.72|-113.54|37.18|36.1|21.14|
|五粮液|000858.SZ|2024-10-30|5775.83|5775.71|19.12|17.92|4.43|4.43|13.84|13.17|6.94|6.53|2.54|3.14|137.18|5779.57|4492.42|11.11|
|新乳业|002946.SZ|2024-10-30|100.61|99.55|23.35|20.51|3.89|3.89|6.46|7.46|0.92|0.91|0.73|1.28|154.87|137.66|129.91|11.14|
|有友食品|603697.SH|2024-10-30|37.12|37.12|31.96|28.27|2.08|2.08|-940.15|31.91|3.84|3.39|3.79|4.72|-113.41|37.13|36.06|21.11|
|五粮液|000858.SZ|2024-10-29|5853.46|5853.34|19.38|18.16|4.49|4.49|14.02|13.35|7.03|6.62|2.51|3.1|139.02|5857.2|4570.06|11.31|
|新乳业|002946.SZ|2024-10-29|101.13|100.06|23.47|20.61|3.91|3.91|6.49|7.5|0.92|0.91|0.73|1.28|155.66|138.18|130.42|11.18|
|有友食品|603697.SH|2024-10-29|34.6|34.6|29.79|26.35|1.94|1.94|-876.24|29.74|3.58|3.16|4.06|5.07|-105.7|34.61|33.54|19.63|
|五粮液|000858.SZ|2024-10-28|5976.51|5976.39|19.78|18.54|4.58|4.58|14.32|13.63|7.18|6.76|2.46|3.03|141.94|5980.25|4693.1|11.61|
|新乳业|002946.SZ|2024-10-28|105.78|104.66|24.55|21.56|4.09|4.09|6.79|7.84|0.96|0.96|0.7|1.22|162.82|142.83|135.07|11.58|
|有友食品|603697.SH|2024-10-28|31.44|31.44|27.06|23.94|1.76|1.76|-796.09|27.02|3.25|2.87|4.47|5.58|-96.03|31.45|30.37|17.78|
|五粮液|000858.SZ|2024-10-25|5749.05|5748.93|19.03|17.84|4.41|4.41|13.77|13.11|6.9|6.5|2.55|3.15|136.54|5752.79|4465.64|11.05|
|新乳业|002946.SZ|2024-10-25|98.63|97.59|22.89|20.1|3.81|3.81|6.33|7.31|0.9|0.89|0.75|1.31|151.82|135.68|127.93|10.97|
|有友食品|603697.SH|2024-10-25|28.57|28.57|24.6|25.52|1.58|1.65|-723.52|18.34|2.96|2.81|4.92|6.14|-87.71|28.59|27.22|15.93|
|五粮液|000858.SZ|2024-10-24|5685|5684.88|18.82|17.64|4.36|4.36|13.62|12.97|6.83|6.43|2.58|3.19|135.02|5688.74|4401.59|10.89|
|新乳业|002946.SZ|2024-10-24|99.24|98.19|23.03|20.23|3.83|3.83|6.37|7.36|0.9|0.9|0.74|1.3|152.75|136.29|128.53|11.02|
|有友食品|603697.SH|2024-10-24|28.06|28.06|24.15|25.06|1.55|1.62|-710.52|18.01|2.9|2.76|5.01|6.25|-86.14|28.08|26.7|15.63|
|五粮液|000858.SZ|2024-10-23|5765.35|5765.23|19.08|17.89|4.42|4.42|13.81|13.15|6.92|6.52|2.55|3.14|136.93|5769.09|4481.94|11.09|
|新乳业|002946.SZ|2024-10-23|100.78|99.72|23.39|20.54|3.89|3.89|6.47|7.47|0.92|0.91|0.73|1.28|155.13|137.84|130.08|11.15|
|有友食品|603697.SH|2024-10-23|27.97|27.97|24.08|24.98|1.55|1.61|-708.36|17.95|2.89|2.75|5.02|6.27|-85.87|27.99|26.62|15.58|
|五粮液|000858.SZ|2024-10-22|5645.41|5645.29|18.69|17.52|4.33|4.33|13.52|12.88|6.78|6.39|2.6|3.21|134.08|5649.15|4362|10.79|
|新乳业|002946.SZ|2024-10-22|99.41|98.36|23.07|20.26|3.84|3.84|6.38|7.37|0.9|0.9|0.74|1.3|153.01|136.46|128.7|11.03|
|有友食品|603697.SH|2024-10-22|28.14|28.14|24.23|25.14|1.56|1.62|-712.69|18.06|2.91|2.77|4.99|6.23|-86.4|28.16|26.79|15.68|
|五粮液|000858.SZ|2024-10-21|5551.09|5550.97|18.37|17.22|4.25|4.25|13.3|12.66|6.67|6.28|2.64|3.27|131.84|5554.83|4267.68|10.56|
|新乳业|002946.SZ|2024-10-21|96.91|95.89|22.49|19.75|3.74|3.74|6.22|7.18|0.88|0.88|0.76|1.33|149.17|133.96|126.21|10.82|
|有友食品|603697.SH|2024-10-21|27.16|27.16|23.38|24.26|1.51|1.56|-687.78|17.43|2.81|2.67|5.17|6.46|-83.38|27.18|25.8|15.11|
|五粮液|000858.SZ|2024-10-18|5550.7|5550.58|18.37|17.22|4.25|4.25|13.3|12.66|6.67|6.28|2.64|3.27|131.83|5554.44|4267.29|10.56|
|新乳业|002946.SZ|2024-10-18|95.53|94.53|22.17|19.47|3.69|3.69|6.14|7.08|0.87|0.86|0.77|1.35|147.05|132.59|124.83|10.7|
|有友食品|603697.SH|2024-10-18|27.07|27.07|23.31|24.18|1.5|1.56|-685.61|17.38|2.8|2.67|5.19|6.48|-83.12|27.09|25.72|15.06|
|五粮液|000858.SZ|2024-10-17|5354.68|5354.56|17.72|16.61|4.1|4.1|12.83|12.21|6.43|6.06|2.74|3.39|127.17|5358.42|4071.27|10.07|
|新乳业|002946.SZ|2024-10-17|92.78|91.8|21.54|18.91|3.58|3.58|5.96|6.88|0.84|0.84|0.79|1.39|142.81|129.83|122.08|10.46|
|有友食品|603697.SH|2024-10-17|26.9|26.9|23.16|24.03|1.49|1.55|-681.28|17.27|2.78|2.65|5.22|6.52|-82.59|26.92|25.55|14.96|
|五粮液|000858.SZ|2024-10-16|5498.3|5498.18|18.2|17.06|4.21|4.21|13.17|12.54|6.6|6.22|2.67|3.3|130.59|5502.04|4214.89|10.43|
|新乳业|002946.SZ|2024-10-16|95.62|94.61|22.19|19.49|3.69|3.69|6.14|7.09|0.87|0.87|0.77|1.35|147.18|132.67|124.92|10.71|
|有友食品|603697.SH|2024-10-16|27.2|27.2|23.42|24.3|1.51|1.57|-688.86|17.46|2.82|2.68|5.17|6.45|-83.51|27.22|25.85|15.13|
|五粮液|000858.SZ|2024-10-15|5589.52|5589.4|18.5|17.34|4.28|4.28|13.39|12.75|6.71|6.32|2.63|3.24|132.75|5593.25|4306.11|10.65|
|新乳业|002946.SZ|2024-10-15|95.19|94.18|22.09|19.4|3.68|3.68|6.11|7.06|0.87|0.86|0.77|1.36|146.52|132.24|124.49|10.67|
|有友食品|603697.SH|2024-10-15|26.94|26.94|23.2|24.07|1.49|1.55|-682.36|17.29|2.79|2.65|5.22|6.51|-82.72|26.96|25.59|14.98|
|五粮液|000858.SZ|2024-10-14|5813.1|5812.97|19.24|18.04|4.45|4.45|13.93|13.26|6.98|6.57|2.53|3.12|138.06|5816.84|4529.69|11.21|
|新乳业|002946.SZ|2024-10-14|99.75|98.7|23.15|20.33|3.85|3.85|6.41|7.39|0.91|0.9|0.74|1.29|153.54|136.8|129.05|11.06|
|有友食品|603697.SH|2024-10-14|27.46|27.46|23.64|24.52|1.52|1.58|-695.36|17.62|2.84|2.7|5.12|6.39|-84.3|27.48|26.1|15.28|
|五粮液|000858.SZ|2024-10-11|5808.83|5808.7|19.23|18.02|4.45|4.45|13.92|13.25|6.98|6.57|2.53|3.12|137.96|5812.57|4525.42|11.2|
|新乳业|002946.SZ|2024-10-11|100.53|99.46|23.33|20.49|3.88|3.88|6.46|7.45|0.91|0.91|0.73|1.28|154.74|137.58|129.82|11.13|
|有友食品|603697.SH|2024-10-11|27.37|27.37|23.57|24.45|1.52|1.58|-693.2|17.57|2.83|2.7|5.13|6.41|-84.04|27.39|26.02|15.23|
|五粮液|000858.SZ|2024-10-10|5899.27|5899.14|19.53|18.3|4.52|4.52|14.13|13.46|7.08|6.67|2.49|3.07|140.11|5903.01|4615.86|11.42|
|新乳业|002946.SZ|2024-10-10|97.34|96.31|22.59|19.84|3.76|3.76|6.25|7.22|0.89|0.88|0.76|1.33|149.83|134.39|126.64|10.86|
|有友食品|603697.SH|2024-10-10|28.14|28.14|24.23|25.14|1.56|1.62|-712.69|18.06|2.91|2.77|4.99|6.23|-86.4|28.16|26.79|15.68|
|五粮液|000858.SZ|2024-10-09|5732.36|5732.24|18.97|17.79|4.39|4.39|13.73|13.08|6.88|6.48|2.56|3.16|136.14|5736.1|4448.95|11.01|
|新乳业|002946.SZ|2024-10-09|95.53|94.53|22.17|19.47|3.69|3.69|6.14|7.08|0.87|0.86|0.77|1.35|147.05|132.59|124.83|10.7|
|有友食品|603697.SH|2024-10-09|27.89|27.89|24.01|24.91|1.55|1.61|-706.19|17.9|2.89|2.75|5.04|6.29|-85.61|27.91|26.53|15.53|
|五粮液|000858.SZ|2024-10-08|6367.78|6367.64|21.08|19.76|4.88|4.88|15.25|14.52|7.65|7.2|2.31|2.85|151.24|6371.52|5084.37|12.58|
|新乳业|002946.SZ|2024-10-08|106.12|105|24.63|21.63|4.1|4.1|6.82|7.87|0.97|0.96|0.69|1.22|163.35|143.17|135.42|11.61|
|有友食品|603697.SH|2024-10-08|30.79|30.79|26.51|27.5|1.71|1.77|-779.84|19.76|3.19|3.03|4.56|5.69|-94.54|30.81|29.44|17.23|
|五粮液|000858.SZ|2024-09-30|6308|6307.87|20.88|19.57|4.83|4.83|15.11|14.39|7.58|7.13|2.33|2.87|149.82|6311.74|5024.59|12.43|
|新乳业|002946.SZ|2024-09-30|106.21|105.08|24.65|21.65|4.1|4.1|6.82|7.87|0.97|0.96|0.69|1.22|163.48|143.26|135.5|11.62|
|有友食品|603697.SH|2024-09-30|29.72|29.72|25.59|26.55|1.65|1.71|-752.77|19.08|3.08|2.93|4.73|5.9|-91.26|29.74|28.37|16.61|
|五粮液|000858.SZ|2024-09-27|5734.69|5734.57|18.98|17.79|4.39|4.39|13.74|13.08|6.89|6.49|2.56|3.16|136.2|5738.43|4451.28|11.01|
|新乳业|002946.SZ|2024-09-27|96.57|95.55|22.41|19.68|3.73|3.73|6.2|7.16|0.88|0.87|0.76|1.34|148.64|133.62|125.86|10.79|
|有友食品|603697.SH|2024-09-27|27.63|27.63|23.79|24.68|1.53|1.59|-699.69|17.73|2.86|2.72|5.09|6.35|-84.82|27.65|26.27|15.38|
|五粮液|000858.SZ|2024-09-26|5213.39|5213.28|17.26|16.18|4|4|12.49|11.89|6.26|5.9|2.82|3.48|123.82|5217.13|3929.98|9.72|
|新乳业|002946.SZ|2024-09-26|87.79|86.86|20.38|17.89|3.39|3.39|5.64|6.51|0.8|0.79|0.84|1.47|135.13|124.84|117.08|10.04|
|有友食品|603697.SH|2024-09-26|26.73|26.73|23.01|23.87|1.48|1.54|-676.95|17.16|2.77|2.63|5.26|6.56|-82.07|26.75|25.38|14.86|
|五粮液|000858.SZ|2024-09-25|4739.44|4739.34|15.69|14.7|3.63|3.63|11.35|10.81|5.69|5.36|3.1|3.82|112.56|4743.18|3456.03|8.55|
|新乳业|002946.SZ|2024-09-25|82.71|81.84|19.2|16.86|3.2|3.2|5.31|6.13|0.75|0.75|0.89|1.56|127.31|119.76|112.01|9.6|
|有友食品|603697.SH|2024-09-25|25.49|25.49|21.94|22.77|1.41|1.47|-645.54|16.36|2.64|2.51|5.51|6.88|-78.26|25.51|24.14|14.13|
|五粮液|000858.SZ|2024-09-24|4671.9|4671.8|15.46|14.5|3.58|3.58|11.19|10.66|5.61|5.28|3.14|3.88|110.96|4675.64|3388.49|8.38|
|新乳业|002946.SZ|2024-09-24|83.92|83.03|19.48|17.1|3.24|3.24|5.39|6.22|0.76|0.76|0.88|1.54|129.17|120.97|113.21|9.7|
|有友食品|603697.SH|2024-09-24|25.15|25.15|21.65|22.46|1.39|1.45|-636.87|16.14|2.6|2.48|5.59|6.97|-77.21|25.17|23.79|13.93|
|五粮液|000858.SZ|2024-09-23|4358.66|4358.57|14.43|13.52|3.34|3.34|10.44|9.94|5.23|4.93|3.37|4.16|103.52|4362.4|3075.25|7.61|
|新乳业|002946.SZ|2024-09-23|80.73|79.88|18.74|16.46|3.12|3.12|5.18|5.98|0.73|0.73|0.91|1.6|124.27|117.78|110.03|9.43|
|有友食品|603697.SH|2024-09-23|24.46|24.46|21.06|21.85|1.36|1.41|-619.54|15.7|2.53|2.41|5.74|7.17|-75.11|24.48|23.11|13.53|
|五粮液|000858.SZ|2024-09-20|4280.64|4280.55|14.17|13.28|3.28|3.28|10.25|9.76|5.14|4.84|3.43|4.23|101.67|4284.38|2997.23|7.42|
|新乳业|002946.SZ|2024-09-20|82.19|81.33|19.08|16.75|3.18|3.18|5.28|6.09|0.75|0.74|0.9|1.57|126.52|119.25|111.49|9.56|
|有友食品|603697.SH|2024-09-20|24.42|24.42|21.02|21.81|1.35|1.41|-618.46|15.67|2.53|2.4|5.75|7.18|-74.98|24.44|23.07|13.5|
|五粮液|000858.SZ|2024-09-19|4304.7|4304.61|14.25|13.36|3.3|3.3|10.31|9.82|5.17|4.87|3.41|4.21|102.24|4308.44|3021.29|7.47|
|新乳业|002946.SZ|2024-09-19|81.94|81.07|19.02|16.7|3.17|3.17|5.26|6.07|0.75|0.74|0.9|1.58|126.12|118.99|111.23|9.53|
|有友食品|603697.SH|2024-09-19|24.42|24.42|21.02|21.81|1.35|1.41|-618.46|15.67|2.53|2.4|5.75|7.18|-74.98|24.44|23.07|13.5|
|五粮液|000858.SZ|2024-09-18|4180.1|4180.02|13.84|12.97|3.2|3.2|10.01|9.53|5.02|4.73|3.51|4.34|99.28|4183.84|2896.69|7.17|
|新乳业|002946.SZ|2024-09-18|79.01|78.17|18.34|16.1|3.05|3.05|5.07|5.86|0.72|0.71|0.93|1.63|121.62|116.06|108.3|9.28|
|有友食品|603697.SH|2024-09-18|23.22|23.22|19.99|20.74|1.29|1.34|-588.13|14.9|2.4|2.29|6.05|7.55|-71.3|23.24|21.87|12.8|
|五粮液|000858.SZ|2024-09-13|4238.72|4238.63|14.03|13.15|3.25|3.25|10.15|9.67|5.09|4.79|3.46|4.28|100.67|4242.46|2955.31|7.31|
|新乳业|002946.SZ|2024-09-13|80.21|79.37|18.62|16.35|3.1|3.1|5.15|5.95|0.73|0.73|0.92|1.61|123.47|117.27|109.51|9.39|
|有友食品|603697.SH|2024-09-13|23.44|23.44|20.18|20.93|1.3|1.35|-593.55|15.04|2.43|2.31|6|7.48|-71.96|23.46|22.08|12.93|
|五粮液|000858.SZ|2024-09-12|4400.19|4400.1|14.57|13.65|3.37|3.37|10.54|10.04|5.28|4.98|3.34|4.12|104.51|4403.93|3116.78|7.71|
|新乳业|002946.SZ|2024-09-12|81.33|80.47|18.88|16.58|3.14|3.14|5.22|6.03|0.74|0.74|0.91|1.59|125.19|118.39|110.63|9.48|
|有友食品|603697.SH|2024-09-12|23.95|23.95|20.62|21.39|1.33|1.38|-606.55|15.37|2.48|2.36|5.87|7.32|-73.53|23.97|22.6|13.23|
|五粮液|000858.SZ|2024-09-11|4503.05|4502.96|14.91|13.97|3.45|3.45|10.79|10.27|5.41|5.09|3.26|4.03|106.95|4506.79|3219.64|7.97|
|新乳业|002946.SZ|2024-09-11|82.45|81.58|19.14|16.81|3.19|3.19|5.3|6.11|0.75|0.75|0.89|1.57|126.92|119.5|111.75|9.58|
|有友食品|603697.SH|2024-09-11|23.87|23.87|20.55|21.32|1.32|1.37|-604.38|15.32|2.47|2.35|5.89|7.35|-73.27|23.88|22.51|13.18|
|五粮液|000858.SZ|2024-09-10|4519.36|4519.26|14.96|14.02|3.46|3.46|10.83|10.31|5.43|5.11|3.25|4.01|107.34|4523.1|3235.95|8.01|
|新乳业|002946.SZ|2024-09-10|81.85|80.98|19|16.68|3.16|3.16|5.26|6.07|0.74|0.74|0.9|1.58|125.99|118.9|111.14|9.53|
|有友食品|603697.SH|2024-09-10|24.34|24.34|20.95|21.74|1.35|1.4|-616.29|15.62|2.52|2.4|5.77|7.21|-74.71|24.36|22.98|13.45|
|五粮液|000858.SZ|2024-09-09|4511.2|4511.11|14.93|14|3.46|3.46|10.81|10.29|5.42|5.1|3.25|4.02|107.14|4514.94|3227.8|7.99|
|新乳业|002946.SZ|2024-09-09|81.33|80.47|18.88|16.58|3.14|3.14|5.22|6.03|0.74|0.74|0.91|1.59|125.19|118.39|110.63|9.48|
|有友食品|603697.SH|2024-09-09|24.12|24.12|20.77|21.54|1.34|1.39|-610.88|15.48|2.5|2.38|5.83|7.27|-74.06|24.14|22.77|13.33|
|五粮液|000858.SZ|2024-09-06|4562.05|4561.96|15.1|14.15|3.5|3.5|10.93|10.41|5.48|5.16|3.22|3.97|108.35|4565.79|3278.64|8.11|
|新乳业|002946.SZ|2024-09-06|80.13|79.28|18.6|16.33|3.1|3.1|5.15|5.94|0.73|0.72|0.92|1.61|123.34|117.18|109.42|9.38|
|有友食品|603697.SH|2024-09-06|24.29|24.29|20.91|21.7|1.35|1.4|-615.21|15.59|2.51|2.39|5.78|7.22|-74.58|24.31|22.94|13.43|
|五粮液|000858.SZ|2024-09-05|4640.46|4640.36|15.36|14.4|3.56|3.56|11.12|10.58|5.57|5.25|3.16|3.91|110.21|4644.2|3357.05|8.31|
|新乳业|002946.SZ|2024-09-05|81.08|80.22|18.82|16.53|3.13|3.13|5.21|6.01|0.74|0.73|0.91|1.59|124.8|118.13|110.37|9.46|
|有友食品|603697.SH|2024-09-05|25.15|25.15|21.65|22.46|1.39|1.39|-636.87|16.14|2.6|2.48|5.59|4.25|-77.21|25.17|23.79|13.93|
|五粮液|000858.SZ|2024-09-04|4623.38|4623.29|15.3|14.34|3.54|3.54|11.08|10.55|5.55|5.23|3.18|3.92|109.81|4627.12|3339.97|8.26|
|新乳业|002946.SZ|2024-09-04|79.7|78.86|18.5|16.24|3.08|3.08|5.12|5.91|0.73|0.72|0.92|1.62|122.68|116.75|108.99|9.34|
|有友食品|603697.SH|2024-09-04|24.55|24.55|21.13|21.93|1.36|1.36|-621.71|15.76|2.54|2.42|5.72|4.36|-75.37|24.57|23.2|13.58|
|五粮液|000858.SZ|2024-09-03|4670.35|4670.25|15.46|14.49|3.58|3.58|11.19|10.65|5.61|5.28|3.14|3.88|110.92|4674.09|3386.94|8.38|
|新乳业|002946.SZ|2024-09-03|80.21|79.37|18.62|16.35|3.1|3.1|5.15|5.95|0.73|0.73|0.92|1.61|123.47|117.27|109.51|9.39|
|有友食品|603697.SH|2024-09-03|24.85|24.85|21.39|22.19|1.38|1.38|-629.29|15.95|2.57|2.45|5.66|4.3|-76.29|24.87|23.49|13.75|
|五粮液|000858.SZ|2024-09-02|4619.11|4619.02|15.29|14.33|3.54|3.54|11.07|10.54|5.55|5.22|3.18|3.92|109.7|4622.85|3335.7|8.25|
|新乳业|002946.SZ|2024-09-02|77.55|76.73|18|15.81|3|3|4.98|5.75|0.71|0.7|0.95|1.66|119.36|114.6|106.84|9.16|
|有友食品|603697.SH|2024-09-02|24.89|24.89|21.43|22.23|1.38|1.38|-630.37|15.98|2.58|2.45|5.65|4.3|-76.42|24.91|23.54|13.78|
|五粮液|000858.SZ|2024-08-30|4775.54|4775.44|15.81|14.82|3.66|3.66|11.44|10.89|5.73|5.4|3.07|3.8|113.42|4779.28|3492.13|8.64|
|新乳业|002946.SZ|2024-08-30|77.37|76.56|17.96|15.77|2.99|2.99|4.97|5.74|0.7|0.7|0.95|1.67|119.1|114.43|106.67|9.14|
|有友食品|603697.SH|2024-08-30|25.15|25.15|21.65|22.46|1.39|1.39|-636.87|16.14|2.6|2.48|5.59|4.25|-77.21|25.17|23.79|13.93|
|五粮液|000858.SZ|2024-08-29|4610.57|4610.48|15.26|14.3|3.53|3.53|11.05|10.52|5.54|5.21|3.18|3.93|109.5|4614.31|3327.16|8.23|
|新乳业|002946.SZ|2024-08-29|70.32|69.57|16.32|15.3|2.83|3.05|4.52|5.26|0.64|0.63|1.05|1.84|132.77|110.28|104.85|8.99|
|有友食品|603697.SH|2024-08-29|24.72|24.72|21.28|22.08|1.37|1.37|-626.04|15.87|2.56|2.43|5.68|4.33|-75.89|24.74|23.37|13.68|
|五粮液|000858.SZ|2024-08-28|4425.03|4424.94|14.65|13.95|3.08|3.53|10.6|13.52|5.31|5.09|3.32|4.1|101.83|4428.3|3270.04|8.09|
|新乳业|002946.SZ|2024-08-28|68.68|67.96|15.94|14.95|2.77|2.98|4.41|5.14|0.63|0.62|1.07|1.88|129.68|108.65|103.22|8.85|
|有友食品|603697.SH|2024-08-28|24.51|24.51|21.1|21.89|1.36|1.36|-620.63|15.73|2.54|2.41|5.73|4.36|-75.24|24.53|23.15|13.55|
|五粮液|000858.SZ|2024-08-27|4568.65|4568.56|15.12|14.41|3.18|3.64|10.94|13.96|5.49|5.25|3.21|3.97|105.13|4571.92|3413.66|8.45|
|新乳业|002946.SZ|2024-08-27|69.03|68.3|16.02|15.02|2.78|3|4.43|5.16|0.63|0.62|1.07|1.87|130.33|108.99|103.56|8.88|
|有友食品|603697.SH|2024-08-27|24.38|24.38|20.99|21.77|1.35|1.35|-617.38|15.65|2.52|2.4|5.76|4.39|-74.84|24.4|23.02|13.48|
|五粮液|000858.SZ|2024-08-26|4584.96|4584.86|15.18|14.46|3.19|3.65|10.98|14.01|5.51|5.27|3.2|3.95|105.51|4588.22|3429.96|8.49|
|新乳业|002946.SZ|2024-08-26|68.85|68.13|15.98|14.98|2.77|2.99|4.42|5.15|0.63|0.62|1.07|1.88|130|108.82|103.39|8.86|
|有友食品|603697.SH|2024-08-26|23.78|23.78|20.47|21.24|1.32|1.32|-602.21|15.26|2.46|2.34|5.91|4.5|-73.01|23.8|22.43|13.13|
|五粮液|000858.SZ|2024-08-23|4701.02|4700.92|15.56|14.82|3.27|3.75|11.26|14.37|5.65|5.41|3.12|3.86|108.18|4704.28|3546.02|8.77|
|新乳业|002946.SZ|2024-08-23|69.11|68.38|16.04|15.04|2.78|3|4.44|5.17|0.63|0.62|1.07|1.87|130.49|109.08|103.65|8.88|
|有友食品|603697.SH|2024-08-23|23.91|23.91|20.58|21.35|1.32|1.32|-605.46|15.34|2.47|2.35|5.88|4.47|-73.4|23.93|22.55|13.2|
|五粮液|000858.SZ|2024-08-22|4696.36|4696.26|15.55|14.81|3.27|3.74|11.25|14.35|5.64|5.4|3.13|3.86|108.07|4699.62|3541.36|8.76|
|新乳业|002946.SZ|2024-08-22|69.2|68.47|16.06|15.06|2.79|3|4.44|5.18|0.63|0.62|1.06|1.87|130.65|109.16|103.73|8.89|
|有友食品|603697.SH|2024-08-22|23.31|23.31|20.07|20.82|1.29|1.29|-590.3|14.96|2.41|2.3|6.03|4.59|-71.56|23.33|21.95|12.85|
|五粮液|000858.SZ|2024-08-21|4743.32|4743.22|15.7|14.96|3.3|3.78|11.36|14.5|5.7|5.45|3.09|3.82|109.15|4746.59|3588.33|8.88|
|新乳业|002946.SZ|2024-08-21|69.89|69.15|16.22|15.21|2.82|3.03|4.49|5.23|0.64|0.63|1.05|1.85|131.95|109.85|104.42|8.95|
|有友食品|603697.SH|2024-08-21|23.95|23.95|20.62|21.39|1.33|1.33|-606.55|15.37|2.48|2.36|5.87|4.46|-73.53|23.97|22.6|13.23|
|五粮液|000858.SZ|2024-08-20|4780.2|4780.1|15.82|15.07|3.33|3.81|11.45|14.61|5.74|5.5|3.07|3.79|110|4783.46|3625.2|8.97|
|新乳业|002946.SZ|2024-08-20|70.14|69.4|16.28|15.27|2.83|3.05|4.5|5.25|0.64|0.63|1.05|1.84|132.44|110.11|104.68|8.97|
|有友食品|603697.SH|2024-08-20|23.99|23.99|20.66|21.43|1.33|1.33|-607.63|15.4|2.48|2.36|5.86|4.46|-73.66|24.01|22.64|13.25|
|五粮液|000858.SZ|2024-08-19|4811.25|4811.15|15.93|15.17|3.35|3.83|11.53|14.7|5.78|5.53|3.05|3.77|110.71|4814.52|3656.26|9.05|
|新乳业|002946.SZ|2024-08-19|71.61|70.85|16.62|15.58|2.88|3.11|4.6|5.36|0.65|0.65|1.03|1.8|135.2|111.57|106.14|9.1|
|有友食品|603697.SH|2024-08-19|24.59|24.59|21.17|21.96|1.31|1.39|-622.79|29.8|2.55|2.44|5.71|4.35|-71.01|24.61|23.99|14.04|
|五粮液|000858.SZ|2024-08-16|4852.4|4852.3|16.06|15.3|3.38|3.87|11.62|14.83|5.83|5.58|3.03|3.74|111.66|4855.66|3697.4|9.15|
|新乳业|002946.SZ|2024-08-16|71.44|70.68|16.58|15.55|2.88|3.1|4.59|5.34|0.65|0.64|1.03|1.81|134.88|111.4|105.97|9.08|
|有友食品|603697.SH|2024-08-16|24.59|24.59|21.17|21.96|1.31|1.39|-622.79|29.8|2.55|2.44|5.71|4.35|-71.01|24.61|23.99|14.04|
|五粮液|000858.SZ|2024-08-15|4850.07|4849.97|16.05|15.29|3.38|3.87|11.62|14.82|5.82|5.58|3.03|3.74|111.61|4853.33|3695.07|9.14|
|新乳业|002946.SZ|2024-08-15|72.47|71.7|16.82|15.77|2.92|3.15|4.65|5.42|0.66|0.65|1.02|1.78|136.83|112.43|107|9.17|
|有友食品|603697.SH|2024-08-15|24.89|24.89|21.43|22.23|1.33|1.41|-630.37|30.17|2.58|2.47|5.65|4.3|-71.87|24.91|24.29|14.22|
|五粮液|000858.SZ|2024-08-14|4826|4825.9|15.97|15.22|3.36|3.85|11.56|14.75|5.8|5.55|3.04|3.76|111.05|4829.27|3671.01|9.08|
|新乳业|002946.SZ|2024-08-14|71.95|71.19|16.7|15.66|2.9|3.12|4.62|5.38|0.65|0.65|1.02|1.79|135.85|111.92|106.49|9.13|
|有友食品|603697.SH|2024-08-14|24.98|24.98|21.5|22.3|1.33|1.41|-632.54|30.27|2.59|2.48|5.63|4.28|-72.12|25|24.38|14.27|
|五粮液|000858.SZ|2024-08-13|4875.3|4875.2|16.14|15.37|3.4|3.89|11.68|14.9|5.85|5.61|3.01|3.72|112.19|4878.56|3720.3|9.2|
|新乳业|002946.SZ|2024-08-13|73.67|72.89|17.1|16.03|2.97|3.2|4.73|5.51|0.67|0.66|1|1.75|139.1|113.64|108.21|9.28|
|有友食品|603697.SH|2024-08-13|25.06|25.06|21.58|22.38|1.33|1.41|-634.71|30.38|2.59|2.49|5.61|4.27|-72.37|25.08|24.46|14.32|
|五粮液|000858.SZ|2024-08-12|4957.2|4957.1|16.41|15.63|3.45|3.95|11.88|15.15|5.95|5.7|2.96|3.66|114.07|4960.46|3802.2|9.41|
|新乳业|002946.SZ|2024-08-12|73.85|73.07|17.14|16.07|2.98|3.21|4.74|5.52|0.67|0.67|1|1.75|139.43|113.81|108.38|9.29|
|有友食品|603697.SH|2024-08-12|25.19|25.19|21.69|22.49|1.34|1.42|-637.96|30.53|2.61|2.5|5.58|4.24|-72.74|25.21|24.59|14.39|
|五粮液|000858.SZ|2024-08-09|4971.56|4971.46|16.46|15.68|3.46|3.96|11.91|15.19|5.97|5.72|2.95|3.65|114.4|4974.83|3816.57|9.44|
|新乳业|002946.SZ|2024-08-09|73.59|72.81|17.08|16.01|2.96|3.2|4.73|5.5|0.67|0.66|1|1.75|138.94|113.55|108.12|9.27|
|有友食品|603697.SH|2024-08-09|25.15|25.15|21.65|22.46|1.34|1.42|-636.87|30.48|2.6|2.49|5.59|4.25|-72.61|25.17|24.55|14.37|
|五粮液|000858.SZ|2024-08-08|4982.04|4981.94|16.49|15.71|3.47|3.97|11.94|15.22|5.98|5.73|2.95|3.64|114.64|4985.31|3827.05|9.47|
|新乳业|002946.SZ|2024-08-08|74.71|73.92|17.34|16.26|3.01|3.24|4.8|5.59|0.68|0.67|0.99|1.73|141.05|114.67|109.24|9.36|
|有友食品|603697.SH|2024-08-08|25.53|25.53|21.98|22.8|1.36|1.44|-646.62|30.95|2.64|2.53|5.5|4.19|-73.73|25.55|24.93|14.6|
|五粮液|000858.SZ|2024-08-07|4929.64|4929.54|16.32|15.54|3.43|3.93|11.81|15.06|5.92|5.67|2.98|3.68|113.44|4932.91|3774.64|9.34|
|新乳业|002946.SZ|2024-08-07|73.33|72.55|17.02|15.96|2.95|3.18|4.71|5.48|0.67|0.66|1|1.76|138.45|113.3|107.86|9.25|
|有友食品|603697.SH|2024-08-07|25.11|25.11|21.61|22.42|1.34|1.42|-635.79|30.43|2.6|2.49|5.6|4.26|-72.49|25.13|24.5|14.34|
|五粮液|000858.SZ|2024-08-06|4886.94|4886.84|16.18|15.41|3.4|3.89|11.71|14.93|5.87|5.62|3|3.71|112.46|4890.21|3731.95|9.23|
|新乳业|002946.SZ|2024-08-06|74.19|73.41|17.22|16.15|2.99|3.22|4.76|5.55|0.68|0.67|0.99|1.74|140.08|114.16|108.72|9.32|
|有友食品|603697.SH|2024-08-06|25.06|25.06|21.58|22.38|1.33|1.41|-634.71|30.38|2.59|2.49|5.61|4.27|-72.37|25.08|24.46|14.32|
|五粮液|000858.SZ|2024-08-05|4890.83|4890.72|16.19|15.42|3.41|3.9|11.72|14.95|5.87|5.62|3|3.71|112.55|4894.09|3735.83|9.24|
|新乳业|002946.SZ|2024-08-05|72.21|71.45|16.76|15.72|2.91|3.14|4.64|5.4|0.66|0.65|1.02|1.79|136.34|112.18|106.74|9.15|
|有友食品|603697.SH|2024-08-05|24.46|24.46|21.06|21.84|1.3|1.38|-619.54|29.65|2.53|2.43|5.74|4.37|-70.64|24.48|23.86|13.97|
|五粮液|000858.SZ|2024-08-02|4801.55|4801.45|15.89|15.14|3.34|3.83|11.5|14.67|5.77|5.52|3.06|3.78|110.49|4804.81|3646.55|9.02|
|新乳业|002946.SZ|2024-08-02|72.64|71.87|16.86|15.81|2.93|3.15|4.67|5.43|0.66|0.66|1.01|1.78|137.15|112.61|107.17|9.19|
|有友食品|603697.SH|2024-08-02|24.76|24.76|21.32|22.11|1.32|1.4|-627.12|30.01|2.56|2.46|5.67|4.32|-71.5|24.78|24.16|14.14|
|五粮液|000858.SZ|2024-08-01|4813.19|4813.09|15.93|15.18|3.35|3.84|11.53|14.71|5.78|5.53|3.05|3.77|110.76|4816.46|3658.2|9.05|
|新乳业|002946.SZ|2024-08-01|72.99|72.21|16.94|15.88|2.94|3.17|4.69|5.46|0.66|0.66|1.01|1.77|137.8|112.95|107.52|9.22|
|有友食品|603697.SH|2024-08-01|24.89|24.89|21.43|22.23|1.33|1.41|-630.37|30.17|2.58|2.47|5.65|4.3|-71.87|24.91|24.29|14.22|
|五粮液|000858.SZ|2024-07-31|4924.21|4924.1|16.3|15.53|3.43|3.92|11.8|15.05|5.91|5.66|2.98|3.68|113.31|4927.47|3769.21|9.33|
|新乳业|002946.SZ|2024-07-31|73.76|72.98|17.12|16.05|2.97|3.2|4.74|5.52|0.67|0.67|1|1.75|139.27|113.73|108.29|9.28|
|有友食品|603697.SH|2024-07-31|24.89|24.89|21.43|22.23|1.33|1.41|-630.37|30.17|2.58|2.47|5.65|4.3|-71.87|24.91|24.29|14.22|
|五粮液|000858.SZ|2024-07-30|4785.63|4785.53|15.84|15.09|3.33|3.81|11.46|14.62|5.75|5.5|3.07|3.79|110.13|4788.9|3630.64|8.98|
|新乳业|002946.SZ|2024-07-30|69.8|69.06|16.2|15.19|2.81|3.03|4.48|5.22|0.64|0.63|1.06|1.85|131.79|109.77|104.33|8.94|
|有友食品|603697.SH|2024-07-30|24.08|24.08|20.73|21.5|1.28|1.36|-609.79|29.18|2.49|2.39|5.84|4.44|-69.53|24.1|23.48|13.74|
|五粮液|000858.SZ|2024-07-29|4817.08|4816.97|15.95|15.19|3.35|3.84|11.54|14.72|5.78|5.54|3.05|3.76|110.85|4820.34|3662.08|9.06|
|新乳业|002946.SZ|2024-07-29|69.63|68.89|16.16|15.15|2.81|3.02|4.47|5.21|0.63|0.63|1.06|1.85|131.47|109.59|104.16|8.93|
|有友食品|603697.SH|2024-07-29|23.82|23.82|20.51|21.27|1.27|1.34|-603.3|28.87|2.47|2.36|5.9|4.49|-68.79|23.84|23.22|13.59|
|五粮液|000858.SZ|2024-07-26|4898.59|4898.49|16.21|15.45|3.41|3.9|11.74|14.97|5.88|5.63|3|3.7|112.72|4901.85|3743.59|9.26|
|新乳业|002946.SZ|2024-07-26|70.23|69.49|16.3|15.28|2.83|3.05|4.51|5.25|0.64|0.63|1.05|1.84|132.6|110.2|104.76|8.98|
|有友食品|603697.SH|2024-07-26|24.21|24.21|20.84|21.61|1.29|1.37|-613.04|29.34|2.51|2.4|5.81|4.42|-69.9|24.23|23.61|13.82|
|五粮液|000858.SZ|2024-07-25|4882.29|4882.18|16.16|15.39|3.4|3.89|11.7|14.92|5.86|5.61|3.01|3.71|112.35|4885.55|3727.29|9.22|
|新乳业|002946.SZ|2024-07-25|69.8|69.06|16.2|15.19|2.81|3.03|4.48|5.22|0.64|0.63|1.06|1.85|131.79|109.77|104.33|8.94|
|有友食品|603697.SH|2024-07-25|24.12|24.12|20.77|21.54|1.28|1.36|-610.88|29.23|2.5|2.39|5.83|4.43|-69.65|24.14|23.52|13.77|
|五粮液|000858.SZ|2024-07-24|4893.16|4893.05|16.2|15.43|3.41|3.9|11.72|14.95|5.88|5.63|3|3.7|112.6|4896.42|3738.16|9.25|
|新乳业|002946.SZ|2024-07-24|68.85|68.13|15.98|14.98|2.77|2.99|4.42|5.15|0.63|0.62|1.07|1.88|130|108.82|103.39|8.86|
|有友食品|603697.SH|2024-07-24|23.57|23.57|20.29|21.04|1.25|1.33|-596.8|28.56|2.44|2.34|5.96|4.54|-68.05|23.59|22.96|13.44|
|五粮液|000858.SZ|2024-07-23|4921.88|4921.77|16.29|15.52|3.43|3.92|11.79|15.04|5.91|5.66|2.98|3.68|113.26|4925.14|3766.88|9.32|
|新乳业|002946.SZ|2024-07-23|70.06|69.32|16.26|15.25|2.82|3.04|4.5|5.24|0.64|0.63|1.05|1.84|132.28|110.02|104.59|8.97|
|有友食品|603697.SH|2024-07-23|23.91|23.91|20.58|21.35|1.27|1.35|-605.46|28.98|2.47|2.37|5.88|4.47|-69.03|23.93|23.31|13.64|
|五粮液|000858.SZ|2024-07-22|5093.45|5093.34|16.86|16.06|3.55|4.06|12.2|15.57|6.12|5.86|2.88|3.56|117.21|5096.71|3938.45|9.74|
|新乳业|002946.SZ|2024-07-22|72.12|71.36|16.74|15.7|2.91|3.13|4.63|5.39|0.66|0.65|1.02|1.79|136.18|112.09|106.66|9.14|
|有友食品|603697.SH|2024-07-22|24.34|24.34|20.95|21.73|1.3|1.37|-616.29|29.49|2.52|2.41|5.77|4.39|-70.27|24.36|23.73|13.89|
|五粮液|000858.SZ|2024-07-19|5178.84|5178.73|17.14|16.33|3.61|4.13|12.41|15.83|6.22|5.96|2.83|3.5|119.17|5182.1|4023.84|9.96|
|新乳业|002946.SZ|2024-07-19|72.81|72.04|16.9|15.85|2.93|3.16|4.68|5.45|0.66|0.66|1.01|1.77|137.48|112.78|107.35|9.2|
|有友食品|603697.SH|2024-07-19|24.51|24.51|21.1|21.88|1.3|1.38|-620.63|29.7|2.54|2.43|5.73|4.36|-70.76|24.53|23.91|13.99|
|五粮液|000858.SZ|2024-07-18|5088.79|5088.68|16.84|16.05|3.54|4.06|12.19|15.55|6.11|5.85|2.88|3.56|117.1|5092.05|3933.79|9.73|
|新乳业|002946.SZ|2024-07-18|72.64|71.87|16.86|15.81|2.93|3.15|4.67|5.43|0.66|0.66|1.01|1.78|137.15|112.61|107.17|9.19|
|有友食品|603697.SH|2024-07-18|24.38|24.38|20.99|21.77|1.3|1.38|-617.38|29.55|2.52|2.42|5.76|4.39|-70.39|24.4|23.78|13.92|
|五粮液|000858.SZ|2024-07-17|5075.59|5075.48|16.8|16|3.53|4.05|12.16|15.51|6.1|5.84|2.89|3.57|116.8|5078.85|3920.59|9.7|
|新乳业|002946.SZ|2024-07-17|72.9|72.13|16.92|15.87|2.94|3.17|4.68|5.45|0.66|0.66|1.01|1.77|137.64|112.86|107.43|9.21|
|有友食品|603697.SH|2024-07-17|24.51|24.51|21.1|21.88|1.3|1.38|-620.63|29.7|2.54|2.43|5.73|4.36|-70.76|24.53|23.91|13.99|
|五粮液|000858.SZ|2024-07-16|4948.27|4948.17|16.38|15.6|3.45|3.94|11.85|15.12|5.94|5.69|2.97|3.66|113.87|4951.54|3793.28|9.38|
|新乳业|002946.SZ|2024-07-16|71.69|70.94|16.64|15.6|2.89|3.11|4.6|5.36|0.65|0.65|1.03|1.8|135.37|111.66|106.23|9.11|
|有友食品|603697.SH|2024-07-16|24.42|24.42|21.02|21.81|1.3|1.38|-618.46|29.6|2.53|2.42|5.75|4.38|-70.52|24.44|23.82|13.94|
|五粮液|000858.SZ|2024-07-15|4949.05|4948.95|16.38|15.61|3.45|3.94|11.86|15.12|5.94|5.69|2.97|3.66|113.89|4952.31|3794.05|9.39|
|新乳业|002946.SZ|2024-07-15|72.47|71.7|16.82|15.77|2.92|3.15|4.65|5.42|0.66|0.65|1.02|1.78|136.83|112.43|107|9.17|
|有友食品|603697.SH|2024-07-15|24.46|24.46|21.06|21.84|1.3|1.38|-619.54|29.65|2.53|2.43|5.74|4.37|-70.64|24.48|23.86|13.97|
|五粮液|000858.SZ|2024-07-12|4945.17|4945.06|16.37|15.59|3.44|3.94|11.85|15.11|5.94|5.69|2.97|3.67|113.8|4948.43|3790.17|9.38|
|新乳业|002946.SZ|2024-07-12|73.16|72.38|16.98|15.92|2.95|3.18|4.7|5.47|0.67|0.66|1.01|1.76|138.13|113.12|107.69|9.23|
|有友食品|603697.SH|2024-07-12|24.89|24.89|21.43|22.23|1.33|1.41|-630.37|30.17|2.58|2.47|5.65|4.3|-71.87|24.91|24.29|14.22|
|五粮液|000858.SZ|2024-07-11|5064.72|5064.62|16.76|15.97|3.53|3.53|12.13|15.48|6.08|5.82|2.9||116.55|5067.99|3909.72|9.67|
|新乳业|002946.SZ|2024-07-11|73.33|72.55|17.02|15.96|2.95|3.18|4.71|5.48|0.67|0.66|1|1.76|138.45|113.3|107.86|9.25|
|有友食品|603697.SH|2024-07-11|24.76|24.76|21.32|22.11|1.32|1.4|-627.12|30.01|2.56|2.46|5.67|4.32|-71.5|24.78|24.16|14.14|
|五粮液|000858.SZ|2024-07-10|4911.79|4911.68|16.26|15.49|3.42|3.42|11.77|15.01|5.9|5.65|2.99||113.03|4915.05|3756.79|9.29|
|新乳业|002946.SZ|2024-07-10|70.83|70.08|16.44|15.42|2.85|3.08|4.55|5.3|0.64|0.64|1.04|1.82|133.74|110.8|105.37|9.03|
|有友食品|603697.SH|2024-07-10|24.08|24.08|20.73|21.5|1.28|1.36|-609.79|29.18|2.49|2.39|5.84|4.44|-69.53|24.1|23.48|13.74|
|五粮液|000858.SZ|2024-07-09|4932.36|4932.25|16.33|15.55|3.43|3.43|11.82|15.07|5.92|5.67|2.98||113.5|4935.62|3777.36|9.35|
|新乳业|002946.SZ|2024-07-09|70.23|69.49|16.3|15.28|2.83|3.05|4.51|5.25|0.64|0.63|1.05|1.84|132.6|110.2|104.76|8.98|
|有友食品|603697.SH|2024-07-09|24.08|24.08|20.73|21.5|1.28|1.36|-609.79|29.18|2.49|2.39|5.84|4.44|-69.53|24.1|23.48|13.74|
|五粮液|000858.SZ|2024-07-08|4887.33|4887.23|16.18|15.41|3.4|3.4|11.71|14.94|5.87|5.62|3||112.47|4890.6|3732.34|9.23|
|新乳业|002946.SZ|2024-07-08|71.01|70.26|16.48|15.45|2.86|2.92|4.56|5.31|0.65|0.64|1.04||134.07|110.97|105.54|9.05|
|有友食品|603697.SH|2024-07-08|23.91|23.91|20.58|21.35|1.27|1.35|-605.46|28.98|2.47|2.37|5.88|4.47|-69.03|23.93|23.31|13.64|
|五粮液|000858.SZ|2024-07-05|5005.33|5005.23|16.57|15.78|3.49|3.49|11.99|15.3|6.01|5.76|2.93||115.18|5008.6|3850.34|9.53|
|新乳业|002946.SZ|2024-07-05|72.81|72.04|16.9|15.85|2.93|2.99|4.68|5.45|0.66|0.66|1.01||137.48|112.78|107.35|9.2|
|有友食品|603697.SH|2024-07-05|24.98|24.98|21.5|22.3|1.33|1.41|-632.54|30.27|2.59|2.48|5.63|4.28|-72.12|25|24.38|14.27|
|五粮液|000858.SZ|2024-07-04|5068.99|5068.88|16.78|15.98|3.53|3.53|12.14|15.49|6.09|5.83|2.9||116.65|5072.25|3913.99|9.68|
|新乳业|002946.SZ|2024-07-04|71.78|71.02|16.66|15.62|2.89|2.95|4.61|5.37|0.65|0.65|1.03||135.53|111.75|106.31|9.11|
|有友食品|603697.SH|2024-07-04|24.59|24.59|21.17|21.96|1.31|1.39|-622.79|29.8|2.55|2.44|5.71|4.35|-71.01|24.61|23.99|14.04|
|五粮液|000858.SZ|2024-07-03|5084.91|5084.8|16.83|16.03|3.54|3.54|12.18|15.54|6.11|5.85|2.89||117.01|5088.17|3929.91|9.72|
|新乳业|002946.SZ|2024-07-03|75.83|75.02|17.6|16.5|3.05|3.12|4.87|5.67|0.69|0.68|0.97||143.17|115.79|110.36|9.46|
|有友食品|603697.SH|2024-07-03|25.4|25.4|21.87|22.68|1.35|1.43|-643.37|30.79|2.63|2.52|5.53|4.21|-73.36|25.43|24.8|14.52|
|五粮液|000858.SZ|2024-07-02|5106.64|5106.54|16.9|16.1|3.56|3.56|12.23|15.61|6.13|5.87|2.87||117.51|5109.91|3951.65|9.78|
|新乳业|002946.SZ|2024-07-02|75.91|75.11|17.62|16.52|3.06|3.12|4.88|5.68|0.69|0.69|0.97||143.33|115.88|110.44|9.47|
|有友食品|603697.SH|2024-07-02|25.4|25.4|21.87|22.68|1.35|1.43|-643.37|30.79|2.63|2.52|5.53|4.21|-73.36|25.43|24.8|14.52|
|五粮液|000858.SZ|2024-07-01|4980.1|4980|16.48|15.7|3.47|3.47|11.93|15.22|5.98|5.73|2.95||114.6|4983.37|3825.11|9.46|
|新乳业|002946.SZ|2024-07-01|75.83|75.02|17.6|16.5|3.05|3.12|4.87|5.67|0.69|0.68|0.97||143.17|115.79|110.36|9.46|
|有友食品|603697.SH|2024-07-01|25.02|25.02|21.54|22.34|1.33|1.41|-633.62|30.32|2.59|2.48|5.62|4.27|-72.24|25.04|24.42|14.29|
|五粮液|000858.SZ|2024-06-28|4970.01|4969.91|16.45|15.67|3.46|3.46|11.91|15.19|5.97|5.71|2.95||114.37|4973.27|3815.01|9.44|
|新乳业|002946.SZ|2024-06-28|75.39|74.6|17.5|16.41|3.04|3.1|4.84|5.64|0.69|0.68|0.98||142.35|115.36|109.93|9.42|
|有友食品|603697.SH|2024-06-28|24.81|24.81|21.36|22.15|1.32|1.4|-628.21|30.06|2.57|2.46|5.67|4.31|-71.63|24.83|24.21|14.17|
|五粮液|000858.SZ|2024-06-27|5032.5|5032.4|16.66|15.87|3.5|3.5|12.06|15.38|6.04|5.79|2.92||115.81|5035.77|3877.51|9.59|
|新乳业|002946.SZ|2024-06-27|77.29|76.47|17.94|16.82|3.11|3.18|4.96|5.78|0.7|0.7|0.95||145.93|117.25|111.82|9.59|
|有友食品|603697.SH|2024-06-27|25.02|25.02|21.54|22.34|1.33|1.41|-633.62|30.32|2.59|2.48|5.62|4.27|-72.24|25.04|24.42|14.29|
|五粮液|000858.SZ|2024-06-26|5096.55|5096.44|16.87|16.07|3.55|3.55|12.21|15.57|6.12|5.86|2.88|2.88|117.28|5099.81|3941.55|9.75|
|新乳业|002946.SZ|2024-06-26|79.87|79.03|18.54|17.38|3.22|3.28|5.13|5.97|0.73|0.72|0.92||150.8|119.84|114.4|9.81|
|有友食品|603697.SH|2024-06-26|25.7|25.7|22.13|22.95|1.37|1.45|-650.95|31.15|2.66|2.55|5.47|4.16|-74.22|25.72|25.1|14.7|
|五粮液|000858.SZ|2024-06-25|5104.7|5104.59|16.9|16.1|3.55|3.55|12.23|15.6|6.13|5.87|2.88|2.88|117.47|5107.97|3949.71|9.77|
|新乳业|002946.SZ|2024-06-25|77.12|76.3|17.9|16.78|3.11|3.17|4.95|5.77|0.7|0.7|0.96||145.6|117.08|111.65|9.57|
|有友食品|603697.SH|2024-06-25|24.81|24.81|21.36|22.15|1.32|1.4|-628.21|30.06|2.57|2.46|5.67|4.31|-71.63|24.83|24.21|14.17|
|五粮液|000858.SZ|2024-06-24|5086.07|5085.96|16.84|16.04|3.54|3.54|12.18|15.54|6.11|5.85|2.89|2.89|117.04|5089.33|3931.07|9.73|
|新乳业|002946.SZ|2024-06-24|76.17|75.36|17.68|16.58|3.07|3.13|4.89|5.7|0.69|0.69|0.97||143.82|116.14|110.7|9.49|
|有友食品|603697.SH|2024-06-24|24.55|24.55|21.13|21.92|1.31|1.39|-621.71|29.75|2.54|2.44|5.72|4.36|-70.89|24.57|23.95|14.02|
|五粮液|000858.SZ|2024-06-21|5053.85|5053.75|16.73|15.94|3.52|3.52|12.11|15.44|6.07|5.81|2.9|2.9|116.3|5057.12|3898.86|9.65|
|新乳业|002946.SZ|2024-06-21|78.49|77.66|18.22|17.08|3.16|3.23|5.04|5.87|0.71|0.71|0.94||148.2|118.46|113.03|9.69|
|有友食品|603697.SH|2024-06-21|25.58|25.58|22.02|22.84|1.36|1.44|-647.7|31|2.65|2.54|5.49|4.18|-73.85|25.6|24.98|14.62|
|五粮液|000858.SZ|2024-06-20|5131.49|5131.38|16.99|16.18|3.57|3.57|12.29|15.68|6.16|5.9|2.86|2.86|118.08|5134.75|3976.49|9.84|
|新乳业|002946.SZ|2024-06-20|78.84|78|18.3|17.16|3.18|3.24|5.06|5.9|0.72|0.71|0.93||148.85|118.8|113.37|9.72|
|有友食品|603697.SH|2024-06-20|25.49|25.49|21.94|22.76|1.36|1.44|-645.54|30.89|2.64|2.53|5.51|4.19|-73.6|25.51|24.89|14.57|
|五粮液|000858.SZ|2024-06-19|5209.89|5209.78|17.25|16.43|3.63|3.63|12.48|15.92|6.26|5.99|2.82|2.82|119.89|5213.16|4054.9|10.03|
|新乳业|002946.SZ|2024-06-19|84.09|83.2|19.52|18.3|3.39|3.46|5.4|6.29|0.77|0.76|0.88|0.88|158.77|124.05|118.62|10.17|
|有友食品|603697.SH|2024-06-19|25.79|25.79|22.2|23.03|1.37|1.46|-653.12|31.26|2.67|2.56|5.45|4.15|-74.47|25.81|25.19|14.75|
|五粮液|000858.SZ|2024-06-18|5197.08|5196.98|17.2|16.39|3.62|3.62|12.45|15.88|6.24|5.98|2.82|2.82|119.59|5200.35|4042.09|10|
|新乳业|002946.SZ|2024-06-18|84.95|84.05|19.72|18.49|3.42|3.49|5.46|6.35|0.77|0.77|0.87|0.87|160.39|124.91|119.48|10.24|
|有友食品|603697.SH|2024-06-18|25.83|25.83|22.24|23.07|1.38|1.46|-654.2|31.31|2.67|2.56|5.44|4.14|-74.59|25.85|25.23|14.77|
|五粮液|000858.SZ|2024-06-17|5268.51|5268.4|17.44|16.61|3.67|3.67|12.62|16.1|6.33|6.06|2.79|2.79|121.24|5271.77|4113.51|10.18|
|新乳业|002946.SZ|2024-06-17|84.86|83.97|19.7|18.47|3.42|3.49|5.45|6.35|0.77|0.77|0.87|0.87|160.23|124.83|119.4|10.23|
|有友食品|603697.SH|2024-06-17|25.88|25.88|22.28|23.1|1.38|1.46|-655.29|31.36|2.68|2.57|5.43|4.13|-74.71|25.9|25.27|14.8|
|五粮液|000858.SZ|2024-06-14|5266.57|5266.45|17.43|16.61|3.67|3.67|12.62|16.09|6.32|6.06|2.79|2.79|121.19|5269.83|4111.57|10.17|
|新乳业|002946.SZ|2024-06-14|85.9|84.99|19.94|18.69|3.46|3.53|5.52|6.42|0.78|0.78|0.86|0.86|162.18|125.86|120.43|10.32|
|有友食品|603697.SH|2024-06-14|26.39|26.39|22.72|23.56|1.4|1.49|-668.28|31.98|2.73|2.62|5.33|4.05|-76.2|26.41|25.79|15.1|
|五粮液|000858.SZ|2024-06-13|5223.09|5222.98|17.29|16.47|3.64|3.64|12.51|15.96|6.27|6.01|2.81|2.81|120.19|5226.35|4068.09|10.06|
|新乳业|002946.SZ|2024-06-13|85.12|84.22|19.76|18.52|3.43|3.5|5.47|6.37|0.77|0.77|0.87|0.87|160.72|125.09|119.65|10.26|
|有友食品|603697.SH|2024-06-13|26.3|26.3|22.64|23.49|1.4|1.48|-666.12|31.88|2.72|2.61|5.34|4.07|-75.95|26.32|25.7|15.05|
|五粮液|000858.SZ|2024-06-12|5352.74|5352.62|17.72|16.88|3.73|3.73|12.82|16.36|6.43|6.16|2.74|2.74|123.18|5356|4197.74|10.39|
|新乳业|002946.SZ|2024-06-12|85.98|85.07|19.96|18.71|3.46|3.54|5.52|6.43|0.78|0.78|0.86|0.86|162.34|125.95|120.51|10.33|
|有友食品|603697.SH|2024-06-12|26.6|26.6|22.9|23.75|1.42|1.5|-673.7|32.24|2.75|2.64|5.28|4.02|-76.81|26.62|26|15.22|
|五粮液|000858.SZ|2024-06-11|5375.25|5375.14|17.79|16.95|3.74|3.74|12.88|16.43|6.46|6.18|2.73|2.73|123.69|5378.51|4220.25|10.44|
|新乳业|002946.SZ|2024-06-11|84.95|84.05|19.72|18.49|3.42|3.49|5.46|6.35|0.77|0.77|0.87|0.87|160.39|124.91|119.48|10.24|
|有友食品|603697.SH|2024-06-11|26.26|26.26|22.61|23.45|1.4|1.48|-665.03|31.83|2.72|2.6|5.35|4.07|-75.83|26.28|25.66|15.02|
|五粮液|000858.SZ|2024-06-07|5525.08|5524.96|18.29|17.42|3.85|3.85|13.24|16.88|6.63|6.35|2.66|2.66|127.14|5528.34|4370.08|10.81|
|新乳业|002946.SZ|2024-06-07|85.72|84.82|19.9|18.66|3.45|3.52|5.51|6.41|0.78|0.77|0.86|0.86|161.85|125.69|120.26|10.31|
|有友食品|603697.SH|2024-06-07|26.3|26.3|22.64|23.49|1.4|1.48|-666.12|31.88|2.72|2.61|5.34|4.07|-75.95|26.32|25.7|15.05|
|五粮液|000858.SZ|2024-06-06|5624.45|5624.33|18.62|17.74|3.92|3.92|13.47|17.19|6.75|6.47|2.61|2.61|129.43|5627.71|4469.45|11.06|
|新乳业|002946.SZ|2024-06-06|85.53|84.14|19.85|18.61|3.45|3.45|5.49|6.4|0.78|0.77|0.86|0.86|161.49|125.5|120.07|10.29|
|有友食品|603697.SH|2024-06-06|25.32|25.32|21.8|22.61|1.35|1.43|-641.21|30.69|2.62|2.51|5.55|4.22|-73.11|25.34|24.72|14.47|
|五粮液|000858.SZ|2024-06-05|5657.83|5657.71|18.73|17.84|3.94|3.94|13.55|17.29|6.79|6.51|2.59|2.59|130.2|5661.09|4502.83|11.14|
|新乳业|002946.SZ|2024-06-05|87.87|86.44|20.4|19.12|3.54|3.54|5.64|6.57|0.8|0.79|0.84|0.84|165.91|127.84|122.4|10.49|
|有友食品|603697.SH|2024-06-05|26.52|26.52|22.83|23.68|1.41|1.5|-671.53|32.14|2.74|2.63|5.3|4.03|-76.57|26.54|25.92|15.17|
|五粮液|000858.SZ|2024-06-04|5736.24|5736.12|18.99|18.09|3.99|3.99|13.74|17.53|6.89|6.6|2.56|2.56|132|5739.5|4581.24|11.33|
|新乳业|002946.SZ|2024-06-04|89.43|87.97|20.76|19.46|3.6|3.6|5.74|6.69|0.81|0.81|0.82|0.82|168.85|129.39|123.96|10.63|
|有友食品|603697.SH|2024-06-04|27.42|27.42|23.6|24.48|1.46|1.55|-694.28|33.23|2.84|2.72|5.13|3.9|-79.16|27.44|26.81|15.7|
|五粮液|000858.SZ|2024-06-03|5666.37|5666.25|18.76|17.87|3.95|3.95|13.57|17.32|6.8|6.52|2.59|2.59|130.39|5669.63|4511.37|11.16|
|新乳业|002946.SZ|2024-06-03|86.4|84.99|20.05|18.8|3.48|3.48|5.55|6.46|0.79|0.78|0.85|0.85|163.13|126.36|120.93|10.37|
|有友食品|603697.SH|2024-06-03|27.76|27.76|23.9|24.78|1.48|1.57|-702.94|33.64|2.87|2.75|5.06|3.85|-80.15|27.78|27.16|15.9|
|五粮液|000858.SZ|2024-05-31|5694.32|5694.2|18.85|17.96|3.97|3.97|13.64|17.4|6.84|6.55|2.58|2.58|131.04|5697.58|4539.32|11.23|
|新乳业|002946.SZ|2024-05-31|89.43|87.97|20.76|19.46|3.6|3.6|5.74|6.69|0.81|0.81|0.82|0.82|168.85|129.39|123.96|10.63|
|有友食品|603697.SH|2024-05-31|28.27|28.27|24.34|25.24|1.5|1.6|-715.94|34.26|2.93|2.8|4.97|3.78|-81.63|28.29|27.67|16.2|
|五粮液|000858.SZ|2024-05-30|5677.24|5677.12|18.79|17.9|3.95|3.95|13.6|17.35|6.82|6.53|2.59|2.59|130.64|5680.5|4522.24|11.19|
|新乳业|002946.SZ|2024-05-30|87.52|86.09|20.32|19.05|3.53|3.53|5.62|6.55|0.8|0.79|0.84|0.84|165.25|127.49|122.06|10.46|
|有友食品|603697.SH|2024-05-30|28.27|28.27|24.34|25.24|1.5|1.6|-715.94|34.26|2.93|2.8|4.97|3.78|-81.63|28.29|27.67|16.2|
|五粮液|000858.SZ|2024-05-29|5791.75|5791.62|19.17|18.26|4.03|4.03|13.87|17.7|6.96|6.66|2.53|2.53|133.28|5795.01|4636.75|11.47|
|新乳业|002946.SZ|2024-05-29|87.26|85.84|20.25|18.99|3.52|3.52|5.6|6.53|0.79|0.79|0.84|0.84|164.76|127.23|121.8|10.44|
|有友食品|603697.SH|2024-05-29|28.61|28.61|24.63|25.55|1.52|1.62|-724.61|34.68|2.96|2.84|4.91|3.74|-82.62|28.63|28.01|16.4|
|五粮液|000858.SZ|2024-05-28|5823.58|5823.45|19.28|18.36|4.06|4.06|13.95|17.8|6.99|6.7|2.52|2.52|134.01|5826.84|4668.58|11.55|
|新乳业|002946.SZ|2024-05-28|87.87|86.44|20.4|19.12|3.54|3.54|5.64|6.57|0.8|0.79|0.84|0.84|165.91|127.84|122.4|10.49|
|有友食品|603697.SH|2024-05-28|28.48|28.48|24.52|25.43|1.52|1.61|-721.36|34.52|2.95|2.83|4.93|3.75|-82.25|28.5|27.88|16.32|
|五粮液|000858.SZ|2024-05-27|5883.74|5883.62|19.48|18.55|4.1|4.1|14.1|17.98|7.07|6.77|2.5|2.5|135.39|5887|4728.74|11.7|
|新乳业|002946.SZ|2024-05-27|90.12|88.65|20.92|19.61|3.63|3.63|5.79|6.74|0.82|0.81|0.82|0.82|170.16|130.09|124.65|10.69|
|有友食品|603697.SH|2024-05-27|29.25|29.25|25.19|26.12|1.56|1.65|-740.85|35.45|3.03|2.9|4.8|3.65|-84.47|29.27|28.65|16.77|
|五粮液|000858.SZ|2024-05-24|5867.05|5866.93|19.42|18.5|4.09|4.09|14.06|17.93|7.05|6.75|2.5|2.5|135.01|5870.31|4712.05|11.66|
|新乳业|002946.SZ|2024-05-24|90.9|89.42|21.1|19.78|3.66|3.66|5.84|6.8|0.83|0.82|0.81|0.81|171.63|130.87|125.43|10.75|
|有友食品|603697.SH|2024-05-24|29.25|29.25|25.19|26.12|1.56|1.65|-740.85|35.45|3.03|2.9|4.8|3.65|-84.47|29.27|28.65|16.77|
|五粮液|000858.SZ|2024-05-23|5962.15|5962.02|19.74|18.8|4.15|4.15|14.28|18.22|7.16|6.86|2.46|2.46|137.2|5965.41|4807.15|11.89|
|新乳业|002946.SZ|2024-05-23|90.03|88.56|20.9|19.59|3.63|3.63|5.78|6.73|0.82|0.81|0.82|0.82|169.99|130|124.57|10.68|
|有友食品|603697.SH|2024-05-23|29.38|29.38|25.3|26.24|1.56|1.66|-744.1|35.61|3.04|2.91|4.78|3.64|-84.84|29.4|28.78|16.85|
|五粮液|000858.SZ|2024-05-22|6021.15|6021.02|19.93|18.99|4.19|4.19|14.42|18.4|7.23|6.92|2.44|2.44|138.56|6024.41|4866.15|12.04|
|新乳业|002946.SZ|2024-05-22|93.58|92.06|21.72|20.37|3.77|3.77|6.01|7|0.85|0.84|0.79|0.79|176.69|133.55|128.12|10.98|
|有友食品|603697.SH|2024-05-22|30.11|30.11|25.92|26.89|1.6|1.7|-762.51|36.49|3.12|2.99|4.67|3.55|-86.94|30.13|29.51|17.27|
|五粮液|000858.SZ|2024-05-21|6076.27|6076.14|20.11|19.16|4.23|4.23|14.56|18.57|7.3|6.99|2.42|2.42|139.82|6079.53|4921.27|12.18|
|新乳业|002946.SZ|2024-05-21|94.8|93.25|22|20.63|3.82|3.82|6.09|7.09|0.86|0.86|0.78|0.78|178.98|134.76|129.33|11.09|
|有友食品|603697.SH|2024-05-21|30.15|30.15|25.96|26.92|1.61|1.7|-763.6|36.54|3.12|2.99|4.66|3.55|-87.06|30.17|29.55|17.3|
|五粮液|000858.SZ|2024-05-20|6105.77|6105.64|20.21|19.25|4.25|4.25|14.63|18.66|7.33|7.02|2.4|2.4|140.5|6109.03|4950.77|12.25|
|新乳业|002946.SZ|2024-05-20|95.4|93.84|22.14|20.76|3.84|3.84|6.13|7.14|0.87|0.86|0.77|0.77|180.13|135.37|129.94|11.14|
|有友食品|603697.SH|2024-05-20|30.45|30.45|26.22|27.19|1.62|1.72|-771.18|36.91|3.15|3.02|4.61|3.51|-87.93|30.47|29.85|17.47|
|五粮液|000858.SZ|2024-05-17|6071.22|6071.09|20.1|19.14|4.23|4.23|14.54|18.55|7.29|6.98|2.42|2.42|139.71|6074.49|4916.23|12.16|
|新乳业|002946.SZ|2024-05-17|94.45|92.91|21.92|20.56|3.81|3.81|6.07|7.06|0.86|0.85|0.78|0.78|178.33|134.42|128.98|11.06|
|有友食品|603697.SH|2024-05-17|29.43|29.43|25.33|26.27|1.57|1.66|-745.18|35.66|3.05|2.92|4.78|3.63|-84.96|29.45|28.82|16.87|
|五粮液|000858.SZ|2024-05-16|5979.62|5979.49|19.79|18.86|4.16|4.16|14.32|18.27|7.18|6.88|2.46|2.46|137.6|5982.88|4824.62|11.94|
|新乳业|002946.SZ|2024-05-16|93.84|92.31|21.78|20.42|3.78|3.78|6.03|7.02|0.85|0.85|0.78|0.78|177.19|133.81|128.38|11|
|有友食品|603697.SH|2024-05-16|29|29|24.96|25.89|1.54|1.64|-734.35|35.14|3|2.88|4.85|3.69|-83.73|29.02|28.4|16.62|
|五粮液|000858.SZ|2024-05-15|5875.59|5875.47|19.45|18.53|4.09|4.09|14.08|17.96|7.06|6.76|2.5|2.5|135.21|5878.85|4720.59|11.68|
|新乳业|002946.SZ|2024-05-15|94.19|92.65|21.86|20.5|3.79|3.79|6.05|7.04|0.86|0.85|0.78|0.78|177.84|134.16|128.72|11.03|
|有友食品|603697.SH|2024-05-15|28.66|28.66|24.67|25.59|1.53|1.62|-725.69|34.73|2.97|2.84|4.9|3.73|-82.74|28.68|28.05|16.42|
|五粮液|000858.SZ|2024-05-14|5874.43|5874.3|19.44|18.52|4.09|4.09|14.07|17.95|7.05|6.75|2.5|2.5|135.18|5877.69|4719.43|11.68|
|新乳业|002946.SZ|2024-05-14|96.44|94.87|22.39|20.99|3.89|3.89|6.19|7.21|0.88|0.87|0.76|0.76|182.09|136.41|130.97|11.23|
|有友食品|603697.SH|2024-05-14|29.17|29.17|25.11|26.04|1.55|1.65|-738.69|35.35|3.02|2.89|4.82|3.67|-84.22|29.19|28.57|16.72|
|五粮液|000858.SZ|2024-05-13|5865.11|5864.99|19.41|18.49|4.08|4.08|14.05|17.92|7.04|6.74|2.5|2.5|134.97|5868.37|4710.11|11.65|
|新乳业|002946.SZ|2024-05-13|97.31|95.72|22.59|21.18|3.92|3.92|6.25|7.28|0.89|0.88|0.76|0.76|183.72|137.27|131.84|11.3|
|有友食品|603697.SH|2024-05-13|28.7|28.7|24.71|25.62|1.53|1.62|-726.77|34.78|2.97|2.85|4.9|3.73|-82.86|28.72|28.1|16.45|
|五粮液|000858.SZ|2024-05-10|5994.37|5994.24|19.84|18.9|4.17|4.17|14.36|18.32|7.2|6.89|2.45|2.45|137.94|5997.63|4839.37|11.97|
|新乳业|002946.SZ|2024-05-10|95.23|93.67|22.1|20.72|3.84|3.84|6.12|7.12|0.87|0.86|0.77|0.77|179.8|135.19|129.76|11.12|
|有友食品|603697.SH|2024-05-10|29.17|29.17|25.11|26.04|1.55|1.65|-738.69|35.35|3.02|2.89|4.82|3.67|-84.22|29.19|28.57|16.72|
|五粮液|000858.SZ|2024-05-09|6010.28|6010.15|19.89|18.95|4.19|4.19|14.4|18.37|7.22|6.91|2.44|2.44|138.31|6013.54|4855.28|12.01|
|新乳业|002946.SZ|2024-05-09|96.09|94.53|22.3|20.91|3.87|3.87|6.17|7.19|0.87|0.87|0.77|0.77|181.44|136.06|130.63|11.2|
|有友食品|603697.SH|2024-05-09|29.43|29.43|25.33|26.27|1.57|1.66|-745.18|35.66|3.05|2.92|4.78|3.63|-84.96|29.45|28.82|16.87|
|五粮液|000858.SZ|2024-05-08|6016.49|6016.37|19.92|18.97|4.19|4.19|14.41|18.39|7.23|6.92|2.44|2.44|138.45|6019.76|4861.5|12.03|
|新乳业|002946.SZ|2024-05-08|93.93|92.4|21.8|20.44|3.78|3.78|6.03|7.03|0.85|0.85|0.78|0.78|177.35|133.9|128.46|11.01|
|有友食品|603697.SH|2024-05-08|29|29|24.96|25.89|1.54|1.64|-734.35|35.14|3|2.88|4.85|3.69|-83.73|29.02|28.4|16.62|
|五粮液|000858.SZ|2024-05-07|6052.98|6052.85|20.04|19.09|4.22|4.22|14.5|18.5|7.27|6.96|2.43|2.43|139.29|6056.24|4897.98|12.12|
|新乳业|002946.SZ|2024-05-07|95.4|93.84|22.14|20.76|3.84|3.84|6.13|7.14|0.87|0.86|0.77|0.77|180.13|135.37|129.94|11.14|
|有友食品|603697.SH|2024-05-07|29.25|29.25|25.19|26.12|1.56|1.65|-740.85|35.45|3.03|2.9|4.8|3.65|-84.47|29.27|28.65|16.77|
|五粮液|000858.SZ|2024-05-06|6016.88|6016.75|19.92|18.97|4.19|4.19|14.41|18.39|7.23|6.92|2.44|2.44|138.46|6020.14|4861.88|12.03|
|新乳业|002946.SZ|2024-05-06|94.97|93.42|22.04|20.67|3.83|3.83|6.1|7.1|0.86|0.86|0.78|0.78|179.31|134.93|129.5|11.1|
|有友食品|603697.SH|2024-05-06|29.04|29.04|25|25.93|1.55|1.64|-735.44|35.2|3.01|2.88|4.84|3.68|-83.85|29.06|28.44|16.65|
|五粮液|000858.SZ|2024-04-30|5839.1|5838.98|19.33|18.41|4.07|4.07|13.99|17.84|7.01|6.71|2.51|2.51|134.37|5842.37|4684.11|11.59|
|新乳业|002946.SZ|2024-04-30|86.31|84.9|20.03|18.78|3.48|3.48|5.54|6.46|0.79|0.78|0.85|0.85|162.96|126.28|120.85|10.36|
|有友食品|603697.SH|2024-04-30|28.61|28.61|24.63|25.55|1.52|1.62|-724.61|34.68|2.96|2.84|4.91|3.74|-82.62|28.63|28.01|16.4|
|五粮液|000858.SZ|2024-04-29|5890.34|5890.22|19.5|18.57|4.1|4.1|14.11|18|7.07|6.77|2.49|2.49|135.55|5893.6|4735.34|11.72|
|新乳业|002946.SZ|2024-04-29|84.41|83.03|19.59|18.37|3.4|3.4|5.42|6.31|0.77|0.76|0.87|0.87|159.37|124.37|118.94|10.2|
|有友食品|603697.SH|2024-04-29|27.89|27.89|24.01|24.9|1.48|1.57|-706.19|33.8|2.89|2.77|5.04|3.83|-80.52|27.91|27.28|15.97|
|五粮液|000858.SZ|2024-04-26|5909.75|5909.62|22.14|20.01|4.84|4.84|24.19|16.4|7.99|7.32|2.48|2.48|133.13|5910.77|4929.29|13.68|
|新乳业|002946.SZ|2024-04-26|85.53|84.14|19.85|18.61|3.45|3.45|5.49|6.4|0.78|0.77|0.86|0.86|161.49|125.5|120.07|10.29|
|有友食品|603697.SH|2024-04-26|26.56|26.56|22.87|22.87|1.45|1.54|-672.62|-672.62|2.75|2.75|5.29|4.03|-80.36|26.58|25.52|14.94|
|五粮液|000858.SZ|2024-04-25|5782.82|5782.7|21.67|19.58|4.73|4.73|23.67|16.05|7.82|7.16|2.54|2.54|130.27|5783.84|4802.36|13.32|
|新乳业|002946.SZ|2024-04-25|87|85.58|24.07|20.13|3.49|3.49|8.42|5.68|0.87|0.81|0.85|0.85|103.77|125.62|120.33|11.76|
|有友食品|603697.SH|2024-04-25|26.22|26.22|22.57|22.57|1.43|1.52|-663.95|-663.95|2.71|2.71|5.36|4.08|-79.33|26.24|25.18|14.74|
|五粮液|000858.SZ|2024-04-24|5782.82|5782.7|21.67|19.58|4.73|4.73|23.67|16.05|7.82|7.16|2.54|2.54|130.27|5783.84|4802.36|13.32|
|新乳业|002946.SZ|2024-04-24|88.22|86.78|24.4|20.41|3.54|3.54|8.53|5.76|0.88|0.82|0.83|0.83|105.22|126.84|121.54|11.88|
|有友食品|603697.SH|2024-04-24|26.26|26.26|22.61|22.61|1.43|1.52|-665.03|-665.03|2.72|2.72|5.35|4.07|-79.46|26.28|25.22|14.77|
|五粮液|000858.SZ|2024-04-23|5707.13|5707.01|21.38|19.32|4.67|4.67|23.36|15.84|7.72|7.07|2.57|2.57|128.57|5708.15|4726.67|13.11|
|新乳业|002946.SZ|2024-04-23|89.34|87.88|24.71|20.67|3.59|3.59|8.64|5.84|0.89|0.83|0.82|0.82|106.56|127.96|122.67|11.99|
|有友食品|603697.SH|2024-04-23|26.09|26.09|22.46|22.46|1.42|1.51|-660.7|-660.7|2.7|2.7|5.39|4.1|-78.94|26.11|25.05|14.67|
|五粮液|000858.SZ|2024-04-22|5611.25|5611.13|21.02|19|4.59|4.59|22.97|15.57|7.59|6.95|2.62|2.62|126.41|5612.27|4630.79|12.85|
|新乳业|002946.SZ|2024-04-22|88.74|87.29|24.55|20.53|3.56|3.56|8.58|5.8|0.89|0.83|0.83|0.83|105.84|127.36|122.06|11.93|
|有友食品|603697.SH|2024-04-22|25.79|25.79|22.2|22.2|1.41|1.49|-653.12|-653.12|2.67|2.67|5.45|4.15|-78.03|25.81|24.75|14.49|
|五粮液|000858.SZ|2024-04-19|5546.82|5546.7|20.78|18.78|4.54|4.54|22.7|15.39|7.5|6.87|2.65|2.65|124.96|5547.84|4566.36|12.67|
|新乳业|002946.SZ|2024-04-19|85.27|83.88|23.59|19.73|3.42|3.42|8.25|5.57|0.85|0.8|0.86|0.86|101.71|123.89|118.6|11.59|
|有友食品|603697.SH|2024-04-19|26.86|26.86|23.12|23.12|1.46|1.46|-680.2|-680.2|2.78|2.78|5.23|5.23|-81.27|26.88|25.82|15.12|
|五粮液|000858.SZ|2024-04-18|5627.56|5627.44|21.08|19.05|4.61|4.61|23.03|15.62|7.61|6.97|2.61|2.61|126.78|5628.57|4647.1|12.89|
|新乳业|002946.SZ|2024-04-18|87.61|86.18|24.23|20.27|3.52|3.52|8.48|5.72|0.88|0.82|0.84|0.84|104.5|126.23|120.94|11.82|
|有友食品|603697.SH|2024-04-18|27.07|27.07|23.31|23.31|1.48|1.48|-685.61|-685.61|2.8|2.8|5.19|5.19|-81.92|27.09|26.04|15.24|
|五粮液|000858.SZ|2024-04-17|5639.98|5639.86|21.13|19.1|4.62|4.62|23.09|15.65|7.62|6.99|2.6|2.6|127.06|5640.99|4659.52|12.93|
|新乳业|002946.SZ|2024-04-17|85.36|83.97|23.61|19.75|3.43|3.43|8.26|5.58|0.85|0.8|0.86|0.86|101.81|123.98|118.69|11.6|
|有友食品|603697.SH|2024-04-17|26.86|26.86|23.12|23.12|1.46|1.46|-680.2|-680.2|2.78|2.78|5.23|5.23|-81.27|26.88|25.82|15.12|
|五粮液|000858.SZ|2024-04-16|5627.17|5627.05|21.08|19.05|4.61|4.61|23.03|15.62|7.61|6.97|2.61|2.61|126.77|5628.19|4646.71|12.89|
|新乳业|002946.SZ|2024-04-16|84.23|82.86|23.3|19.49|3.38|3.38|8.15|5.5|0.84|0.79|0.87|0.87|100.47|122.85|117.56|11.49|
|有友食品|603697.SH|2024-04-16|25.58|25.58|22.02|22.02|1.39|1.39|-647.7|-647.7|2.65|2.65|5.49|5.49|-77.39|25.6|24.54|14.37|
|五粮液|000858.SZ|2024-04-15|5718.38|5718.26|21.42|19.36|4.68|4.68|23.41|15.87|7.73|7.08|2.57|2.57|128.82|5719.4|4737.93|13.15|
|新乳业|002946.SZ|2024-04-15|87.26|85.84|24.14|20.19|3.5|3.5|8.44|5.7|0.87|0.81|0.84|0.84|104.08|125.88|120.59|11.78|
|有友食品|603697.SH|2024-04-15|26.73|26.73|23.01|23.01|1.46|1.46|-676.95|-676.95|2.77|2.77|5.26|5.26|-80.88|26.75|25.7|15.04|
|五粮液|000858.SZ|2024-04-12|5453.27|5453.16|20.43|18.46|4.46|4.46|22.32|15.13|7.37|6.76|2.69|2.69|122.85|5454.29|4472.81|12.41|
|新乳业|002946.SZ|2024-04-12|88.04|86.61|24.35|20.37|3.53|3.53|8.52|5.75|0.88|0.82|0.84|0.84|105.01|126.66|121.37|11.86|
|有友食品|603697.SH|2024-04-12|28.18|28.18|24.26|24.26|1.54|1.54|-713.77|-713.77|2.92|2.92|4.99|4.99|-85.28|28.2|27.15|15.89|
|五粮液|000858.SZ|2024-04-11|5525.08|5524.96|20.7|18.71|4.52|4.52|22.61|15.33|7.47|6.84|2.66|2.66|124.47|5526.1|4544.62|12.61|
|新乳业|002946.SZ|2024-04-11|90.12|88.65|24.93|20.85|3.62|3.62|8.72|5.89|0.9|0.84|0.82|0.82|107.49|128.74|123.45|12.06|
|有友食品|603697.SH|2024-04-11|28.57|28.57|24.6|24.6|1.56|1.56|-723.52|-723.52|2.96|2.96|4.92|4.92|-86.45|28.59|27.53|16.12|
|五粮液|000858.SZ|2024-04-10|5555.36|5555.24|20.81|18.81|4.55|4.55|22.74|15.42|7.51|6.88|2.64|2.64|125.15|5556.38|4574.9|12.69|
|新乳业|002946.SZ|2024-04-10|90.03|88.56|24.91|20.83|3.61|3.61|8.71|5.88|0.9|0.84|0.82|0.82|107.39|128.65|123.36|12.05|
|有友食品|603697.SH|2024-04-10|28.53|28.53|24.56|24.56|1.55|1.55|-722.44|-722.44|2.95|2.95|4.93|4.93|-86.32|28.55|27.49|16.09|
|五粮液|000858.SZ|2024-04-09|5685.78|5685.66|21.3|19.25|4.65|4.65|23.27|15.78|7.69|7.04|2.58|2.58|128.09|5686.8|4705.32|13.06|
|新乳业|002946.SZ|2024-04-09|91.25|89.76|25.24|21.11|3.66|3.66|8.83|5.96|0.91|0.85|0.81|0.81|108.83|129.87|124.57|12.17|
|有友食品|603697.SH|2024-04-09|29.34|29.34|25.26|25.26|1.6|1.6|-743.02|-743.02|3.04|3.04|4.79|4.79|-88.78|29.36|28.3|16.57|
|五粮液|000858.SZ|2024-04-08|5717.22|5717.1|21.42|19.36|4.68|4.68|23.4|15.87|7.73|7.08|2.57|2.57|128.8|5718.24|4736.76|13.14|
|新乳业|002946.SZ|2024-04-08|89.43|87.97|24.74|20.69|3.59|3.59|8.65|5.84|0.89|0.83|0.82|0.82|106.66|128.05|122.76|11.99|
|有友食品|603697.SH|2024-04-08|29|29|24.96|24.96|1.58|1.58|-734.35|-734.35|3|3|4.85|4.85|-87.74|29.02|27.96|16.37|
|五粮液|000858.SZ|2024-04-03|6000.97|6000.84|22.48|20.32|4.91|4.91|24.56|16.65|8.11|7.43|2.45|2.45|135.19|6001.98|5020.51|13.93|
|新乳业|002946.SZ|2024-04-03|92.37|90.86|25.55|21.37|3.71|3.71|8.94|6.03|0.92|0.86|0.8|0.8|110.18|130.99|125.7|12.28|
|有友食品|603697.SH|2024-04-03|29.77|29.77|25.63|25.63|1.62|1.62|-753.85|-753.85|3.08|3.08|4.72|4.72|-90.07|29.79|28.73|16.82|
|五粮液|000858.SZ|2024-04-02|6035.9|6035.77|22.61|20.44|4.94|4.94|24.71|16.75|8.16|7.48|2.43|2.43|135.97|6036.92|5055.44|14.03|
|新乳业|002946.SZ|2024-04-02|92.54|91.03|25.6|21.41|3.71|3.72|8.95|6.04|0.92|0.86|0.8|0.8|110.38|131.16|125.87|12.3|
|有友食品|603697.SH|2024-04-02|29.38|29.38|25.3|25.3|1.6|1.6|-744.1|-744.1|3.04|3.04|4.78|4.78|-88.9|29.4|28.35|16.59|
|五粮液|000858.SZ|2024-04-01|6104.99|6104.86|22.87|20.67|5|5|24.99|16.94|8.25|7.56|2.4|2.4|137.53|6106.01|5124.53|14.22|
|新乳业|002946.SZ|2024-04-01|91.85|90.35|25.41|21.25|3.69|3.69|8.89|6|0.92|0.86|0.8|0.8|109.56|130.47|125.18|12.23|
|有友食品|603697.SH|2024-04-01|29.47|29.47|25.37|25.37|1.61|1.61|-746.27|-746.27|3.05|3.05|4.77|4.77|-89.16|29.49|28.43|16.64|
|五粮液|000858.SZ|2024-03-29|5958.66|5958.53|22.32|20.18|4.88|4.88|24.39|16.54|8.06|7.38|2.46|2.46|134.23|5959.67|4978.2|13.81|
|新乳业|002946.SZ|2024-03-29|87.96|86.52|24.33|20.35|3.53|3.53|8.51|5.74|0.88|0.82|0.84|0.84|104.91|126.58|121.28|11.85|
|有友食品|603697.SH|2024-03-29|28.91|28.91|24.89|24.89|1.58|1.58|-732.19|-732.19|2.99|2.99|4.86|4.86|-87.48|28.93|27.88|16.32|
|五粮液|000858.SZ|2024-03-28|5942.74|5942.62|22.27|20.12|4.86|4.86|24.32|16.49|8.03|7.36|2.47|2.47|133.88|5943.76|4962.28|13.77|
|新乳业|002946.SZ|2024-03-28|87.44|86.01|24.19|20.23|3.51|3.51|8.46|5.71|0.87|0.82|0.84|0.84|104.29|126.06|120.76|11.8|
|有友食品|603697.SH|2024-03-28|28.57|28.57|24.6|24.6|1.56|1.56|-723.52|-723.52|2.96|2.96|4.92|4.92|-86.45|28.59|27.53|16.12|
|五粮液|000858.SZ|2024-03-27|5925.66|5925.54|22.2|20.06|4.85|4.85|24.25|16.44|8.01|7.34|2.48|2.48|133.49|5926.68|4945.2|13.72|
|新乳业|002946.SZ|2024-03-27|87.26|85.84|24.14|20.19|3.5|3.5|8.44|5.7|0.87|0.81|0.84|0.84|104.08|125.88|120.59|11.78|
|有友食品|603697.SH|2024-03-27|28.36|28.36|24.41|24.41|1.55|1.55|-718.11|-718.11|2.93|2.93|4.96|4.96|-85.8|28.38|27.32|15.99|
|五粮液|000858.SZ|2024-03-26|6025.03|6024.9|22.57|20.4|4.93|4.93|24.66|16.72|8.15|7.46|2.44|2.44|135.73|6026.05|5044.57|14|
|新乳业|002946.SZ|2024-03-26|88.65|87.2|24.52|20.51|3.56|3.56|8.58|5.79|0.89|0.83|0.83|0.83|105.74|127.27|121.98|11.92|
|有友食品|603697.SH|2024-03-26|28.57|28.57|24.6|24.6|1.56|1.56|-723.52|-723.52|2.96|2.96|4.92|4.92|-86.45|28.59|27.53|16.12|
|五粮液|000858.SZ|2024-03-25|5889.18|5889.05|22.06|19.94|4.82|4.82|24.11|16.34|7.96|7.3|2.49|2.49|132.67|5890.19|4908.72|13.62|
|新乳业|002946.SZ|2024-03-25|86.14|84.73|23.83|19.93|3.46|3.46|8.33|5.63|0.86|0.8|0.86|0.86|102.74|124.76|119.47|11.67|
|有友食品|603697.SH|2024-03-25|28.36|28.36|24.41|24.41|1.55|1.55|-718.11|-718.11|2.93|2.93|4.96|4.96|-85.8|28.38|27.32|15.99|
|五粮液|000858.SZ|2024-03-22|5955.55|5955.43|22.31|20.16|4.87|4.87|24.38|16.53|8.05|7.38|2.46|2.46|134.16|5956.57|4975.09|13.8|
|新乳业|002946.SZ|2024-03-22|88.04|86.61|24.35|20.37|3.53|3.53|8.52|5.75|0.88|0.82|0.84|0.84|105.01|126.66|121.37|11.86|
|有友食品|603697.SH|2024-03-22|29.68|29.68|25.55|25.55|1.62|1.62|-751.68|-751.68|3.07|3.07|4.73|4.73|-89.81|29.7|28.65|16.77|
|五粮液|000858.SZ|2024-03-21|6078.99|6078.86|22.78|20.58|4.98|4.98|24.88|16.87|8.22|7.53|2.41|2.41|136.95|6080|5098.53|14.15|
|新乳业|002946.SZ|2024-03-21|90.99|89.5|25.17|21.05|3.65|3.65|8.8|5.94|0.91|0.85|0.81|0.81|108.52|129.61|124.31|12.15|
|有友食品|603697.SH|2024-03-21|30.71|30.71|26.44|26.44|1.67|1.67|-777.68|-777.68|3.18|3.18|4.58|4.58|-92.92|30.73|29.67|17.37|
|五粮液|000858.SZ|2024-03-20|6092.18|6092.05|22.83|20.63|4.99|4.99|24.94|16.91|8.24|7.55|2.41|2.41|137.24|6093.2|5111.72|14.18|
|新乳业|002946.SZ|2024-03-20|91.33|89.84|25.26|21.13|3.67|3.67|8.84|5.97|0.91|0.85|0.81|0.81|108.94|129.95|124.66|12.18|
|有友食品|603697.SH|2024-03-20|30.75|30.75|26.47|26.47|1.68|1.68|-778.76|-778.76|3.18|3.18|4.57|4.57|-93.05|30.77|29.72|17.4|
|五粮液|000858.SZ|2024-03-19|6108.49|6108.36|22.89|20.68|5|5|25|16.95|8.26|7.57|2.4|2.4|137.61|6109.5|5128.03|14.23|
|新乳业|002946.SZ|2024-03-19|90.55|89.07|25.05|20.95|3.63|3.64|8.76|5.91|0.9|0.84|0.81|0.81|108.01|129.17|123.88|12.1|
|有友食品|603697.SH|2024-03-19|30.71|30.71|26.44|26.44|1.67|1.67|-777.68|-777.68|3.18|3.18|4.58|4.58|-92.92|30.73|29.67|17.37|
|五粮液|000858.SZ|2024-03-18|5958.27|5958.14|22.32|20.17|4.88|4.88|24.39|16.53|8.06|7.38|2.46|2.46|134.23|5959.29|4977.81|13.81|
|新乳业|002946.SZ|2024-03-18|91.07|89.59|25.19|21.07|3.65|3.66|8.81|5.95|0.91|0.85|0.81|0.81|108.63|129.69|124.4|12.16|
|有友食品|603697.SH|2024-03-18|31.22|31.22|26.88|26.88|1.7|1.7|-790.68|-790.68|3.23|3.23|4.5|4.5|-94.47|31.24|30.19|17.67|
|五粮液|000858.SZ|2024-03-15|5919.06|5918.94|22.18|20.04|4.84|4.84|24.23|16.43|8|7.33|2.48|2.48|133.34|5920.08|4938.61|13.7|
|新乳业|002946.SZ|2024-03-15|90.55|89.07|25.05|20.95|3.63|3.64|8.76|5.91|0.9|0.84|0.81|0.81|108.01|129.17|123.88|12.1|
|有友食品|603697.SH|2024-03-15|31.99|31.99|20.83|20.55|1.75|1.75|16.04|205.54|3.12|3.06|4.39|4.39|-105.77|31.99|29.28|13.89|
|五粮液|000858.SZ|2024-03-14|5805.33|5805.21|21.75|19.66|4.75|4.75|23.76|16.11|7.85|7.19|2.53|2.53|130.78|5806.35|4824.87|13.39|
|新乳业|002946.SZ|2024-03-14|88.65|87.2|24.52|20.51|3.56|3.56|8.58|5.79|0.89|0.83|0.83|0.83|105.74|127.27|121.98|11.92|
|有友食品|603697.SH|2024-03-14|31.65|31.65|20.6|20.34|1.73|1.73|15.87|203.34|3.09|3.03|4.44|4.44|-104.64|31.65|28.94|13.73|
|五粮液|000858.SZ|2024-03-13|5735.46|5735.34|21.49|19.42|4.69|4.69|23.48|15.92|7.75|7.1|2.56|2.56|129.21|5736.48|4755.01|13.19|
|新乳业|002946.SZ|2024-03-13|89.34|87.88|24.71|20.67|3.59|3.59|8.64|5.84|0.89|0.83|0.82|0.82|106.56|127.96|122.67|11.99|
|有友食品|603697.SH|2024-03-13|31.69|31.69|20.63|20.36|1.74|1.74|15.89|203.62|3.09|3.03|4.43|4.43|-104.78|31.69|28.98|13.75|
|五粮液|000858.SZ|2024-03-12|5756.81|5756.69|21.57|19.49|4.71|4.71|23.56|15.98|7.78|7.13|2.55|2.55|129.69|5757.83|4776.35|13.25|
|新乳业|002946.SZ|2024-03-12|91.85|90.35|25.41|21.25|3.69|3.69|8.89|6|0.92|0.86|0.8|0.8|109.56|130.47|125.18|12.23|
|有友食品|603697.SH|2024-03-12|31.61|31.61|20.58|20.31|1.73|1.73|15.85|203.07|3.09|3.02|4.45|4.45|-104.5|31.61|28.9|13.71|
|五粮液|000858.SZ|2024-03-11|5479.28|5479.16|20.53|18.55|4.48|4.48|22.43|15.21|7.41|6.79|2.68|2.68|123.44|5480.3|4498.82|12.48|
|新乳业|002946.SZ|2024-03-11|88.65|87.2|24.52|20.51|3.56|3.56|8.58|5.79|0.89|0.83|0.83|0.83|105.74|127.27|121.98|11.92|
|有友食品|603697.SH|2024-03-11|31.05|31.05|20.22|19.95|1.7|1.7|15.57|199.49|3.03|2.97|4.53|4.53|-102.66|31.05|28.34|13.44|
|五粮液|000858.SZ|2024-03-08|5372.92|5372.81|20.13|18.19|4.4|4.4|21.99|14.91|7.26|6.66|2.73|2.73|121.04|5373.94|4392.46|12.19|
|新乳业|002946.SZ|2024-03-08|86.31|84.9|23.88|19.97|3.46|3.46|8.35|5.64|0.86|0.81|0.85|0.85|102.95|124.93|119.64|11.69|
|有友食品|603697.SH|2024-03-08|30.15|30.15|19.63|19.37|1.65|1.65|15.12|193.72|2.94|2.89|4.66|4.66|-99.69|30.15|27.44|13.02|
|五粮液|000858.SZ|2024-03-07|5366.32|5366.21|20.11|18.17|4.39|4.39|21.97|14.89|7.25|6.65|2.74|2.74|120.89|5367.34|4385.86|12.17|
|新乳业|002946.SZ|2024-03-07|84.84|83.45|23.47|19.63|3.4|3.41|8.21|5.54|0.85|0.79|0.87|0.87|101.19|123.46|118.17|11.55|
|有友食品|603697.SH|2024-03-07|30.02|30.02|19.55|19.29|1.65|1.65|15.06|192.9|2.93|2.87|4.68|4.68|-99.27|30.02|27.31|12.95|
|五粮液|000858.SZ|2024-03-06|5397.76|5397.65|20.22|18.28|4.42|4.42|22.09|14.98|7.3|6.69|2.72|2.72|121.6|5398.78|4417.31|12.26|
|新乳业|002946.SZ|2024-03-06|86.05|84.65|23.8|19.91|3.45|3.45|8.32|5.62|0.86|0.8|0.86|0.86|102.64|124.67|119.38|11.66|
|有友食品|603697.SH|2024-03-06|29.64|29.64|19.3|19.04|1.62|1.62|14.86|190.43|2.89|2.84|4.74|4.74|-98|29.64|26.93|12.77|
|五粮液|000858.SZ|2024-03-05|5495.97|5495.85|20.59|18.61|4.5|4.5|22.5|15.25|7.43|6.81|2.67|2.67|123.81|5496.99|4515.51|12.53|
|新乳业|002946.SZ|2024-03-05|86.92|85.5|24.04|20.11|3.49|3.49|8.41|5.68|0.87|0.81|0.85|0.85|103.67|125.54|120.24|11.75|
|有友食品|603697.SH|2024-03-05|29.9|29.9|19.46|19.21|1.64|1.64|14.99|192.07|2.92|2.86|4.7|4.7|-98.84|29.9|27.19|12.89|
|五粮液|000858.SZ|2024-03-04|5447.06|5446.95|20.41|18.44|4.46|4.46|22.3|15.12|7.36|6.75|2.7|2.7|122.71|5448.08|4466.6|12.39|
|新乳业|002946.SZ|2024-03-04|87.96|86.52|24.33|20.35|3.53|3.53|8.51|5.74|0.88|0.82|0.84|0.84|104.91|126.58|121.28|11.85|
|有友食品|603697.SH|2024-03-04|30.62|30.62|19.94|19.68|1.68|1.68|15.36|196.75|2.99|2.93|4.59|4.59|-101.25|30.62|27.91|13.24|
|五粮液|000858.SZ|2024-03-01|5534.78|5534.67|20.74|18.74|4.53|4.53|22.65|15.36|7.48|6.86|2.65|2.65|124.69|5535.8|4554.33|12.64|
|新乳业|002946.SZ|2024-03-01|88.74|87.29|24.55|20.53|3.56|3.56|8.58|5.8|0.89|0.83|0.83|0.83|105.84|127.36|122.06|11.93|
|有友食品|603697.SH|2024-03-01|30.79|30.79|20.05|19.79|1.69|1.69|15.44|197.85|3.01|2.95|4.56|4.56|-101.81|30.79|28.08|13.32|
|五粮液|000858.SZ|2024-02-29|5521.59|5521.47|20.69|18.7|4.52|4.52|22.6|15.32|7.46|6.84|2.66|2.66|124.39|5522.61|4541.13|12.6|
|新乳业|002946.SZ|2024-02-29|89.6|88.14|24.79|20.73|3.6|3.6|8.67|5.85|0.9|0.84|0.82|0.82|106.87|128.22|122.93|12.01|
|有友食品|603697.SH|2024-02-29|30.75|30.75|20.02|19.76|1.68|1.68|15.42|197.57|3|2.94|4.57|4.57|-101.67|30.75|28.04|13.3|
|五粮液|000858.SZ|2024-02-28|5416.01|5415.89|20.29|18.34|4.43|4.43|22.17|15.03|7.32|6.71|2.71|2.71|122.01|5417.03|4435.55|12.31|
|新乳业|002946.SZ|2024-02-28|87.87|86.43|24.31|20.33|3.53|3.53|8.5|5.74|0.88|0.82|0.84|0.84|104.81|126.49|121.2|11.84|
|有友食品|603697.SH|2024-02-28|30.02|30.02|19.55|19.29|1.65|1.65|15.06|192.9|2.93|2.87|4.68|4.68|-99.27|30.02|27.31|12.95|
|五粮液|000858.SZ|2024-02-27|5424.94|5424.82|20.33|18.37|4.44|4.44|22.2|15.05|7.33|6.72|2.71|2.71|122.21|5425.95|4444.48|12.33|
|新乳业|002946.SZ|2024-02-27|90.29|88.82|24.98|20.89|3.62|3.62|8.73|5.9|0.9|0.84|0.82|0.82|107.7|128.91|123.62|12.08|
|有友食品|603697.SH|2024-02-27|32.5|32.5|21.16|20.88|1.78|1.78|16.3|208.84|3.17|3.11|4.32|4.32|-107.47|32.5|29.79|14.13|
|五粮液|000858.SZ|2024-02-26|5424.94|5424.82|20.33|18.37|4.44|4.44|22.2|15.05|7.33|6.72|2.71|2.71|122.21|5425.95|4444.48|12.33|
|新乳业|002946.SZ|2024-02-26|87.61|86.18|24.23|20.27|3.52|3.52|8.48|5.72|0.88|0.82|0.84|0.84|104.5|126.23|120.94|11.82|
|有友食品|603697.SH|2024-02-26|31.78|31.78|20.69|20.42|1.74|1.74|15.94|204.17|3.1|3.04|4.42|4.42|-105.07|31.78|29.07|13.79|
|五粮液|000858.SZ|2024-02-23|5500.63|5500.51|20.61|18.62|4.5|4.5|22.51|15.26|7.44|6.81|2.67|2.67|123.92|5501.65|4520.17|12.54|
|新乳业|002946.SZ|2024-02-23|87.61|86.18|24.23|20.27|3.52|3.52|8.48|5.72|0.88|0.82|0.84|0.84|104.5|126.23|120.94|11.82|
|有友食品|603697.SH|2024-02-23|31.39|31.39|20.44|20.17|1.72|1.72|15.74|201.69|3.06|3|4.48|4.48|-103.79|31.39|28.68|13.6|
|五粮液|000858.SZ|2024-02-22|5476.95|5476.83|20.52|18.54|4.48|4.48|22.42|15.2|7.4|6.78|2.68|2.68|123.38|5477.97|4496.49|12.48|
|新乳业|002946.SZ|2024-02-22|86.66|85.24|23.97|20.05|3.48|3.48|8.38|5.66|0.87|0.81|0.85|0.85|103.36|125.28|119.98|11.72|
|有友食品|603697.SH|2024-02-22|30.32|30.32|19.74|19.48|1.66|1.66|15.21|194.82|2.96|2.9|4.63|4.63|-100.26|30.32|27.61|13.1|
|五粮液|000858.SZ|2024-02-21|5473.84|5473.73|20.51|18.53|4.48|4.48|22.41|15.19|7.4|6.78|2.68|2.68|123.31|5474.86|4493.38|12.47|
|新乳业|002946.SZ|2024-02-21|87.61|86.18|24.23|20.27|3.52|3.52|8.48|5.72|0.88|0.82|0.84|0.84|104.5|126.23|120.94|11.82|
|有友食品|603697.SH|2024-02-21|30.28|30.28|19.71|19.46|1.66|1.66|15.19|194.55|2.96|2.9|4.64|4.64|-100.12|30.28|27.57|13.08|
|五粮液|000858.SZ|2024-02-20|5216.1|5215.99|19.54|17.66|4.27|4.27|21.35|14.48|7.05|6.46|2.81|2.81|117.51|5217.12|4235.65|11.75|
|新乳业|002946.SZ|2024-02-20|84.67|83.28|23.42|19.59|3.4|3.4|8.19|5.53|0.85|0.79|0.87|0.87|100.99|123.29|117.99|11.53|
|有友食品|603697.SH|2024-02-20|29.68|29.68|19.32|19.07|1.63|1.63|14.89|190.7|2.9|2.84|4.73|4.73|-98.14|29.68|26.97|12.79|
|五粮液|000858.SZ|2024-02-19|5284.81|5284.7|19.8|17.89|4.33|4.33|21.63|14.67|7.14|6.55|2.78|2.78|119.05|5285.83|4304.35|11.94|
|新乳业|002946.SZ|2024-02-19|85.45|84.05|23.64|19.77|3.43|3.43|8.27|5.58|0.85|0.8|0.86|0.86|101.92|124.07|118.77|11.61|
|有友食品|603697.SH|2024-02-19|29.55|29.55|19.24|18.99|1.62|1.62|14.82|189.88|2.88|2.83|4.75|4.75|-97.71|29.55|26.84|12.73|
|五粮液|000858.SZ|2024-02-08|5185.44|5185.33|19.43|17.56|4.24|4.24|21.22|14.39|7.01|6.42|2.83|2.83|116.82|5186.46|4204.98|11.67|
|新乳业|002946.SZ|2024-02-08|84.32|82.94|23.32|19.51|3.38|3.38|8.16|5.51|0.84|0.79|0.87|0.87|100.57|122.94|117.65|11.5|
|有友食品|603697.SH|2024-02-08|28.23|28.23|18.38|18.14|1.55|1.55|14.16|181.36|2.76|2.7|4.98|4.98|-93.33|28.23|25.52|12.1|
|五粮液|000858.SZ|2024-02-07|5196.31|5196.2|19.47|17.59|4.25|4.25|21.27|14.42|7.03|6.44|2.83|2.83|117.06|5197.33|4215.85|11.7|
|新乳业|002946.SZ|2024-02-07|79.56|78.26|22.01|18.41|3.19|3.19|7.7|5.2|0.8|0.74|0.93|0.93|94.89|118.18|112.89|11.03|
|有友食品|603697.SH|2024-02-07|25.66|25.66|16.71|16.49|1.41|1.41|12.87|164.87|2.5|2.46|5.48|5.48|-84.85|25.66|22.95|10.89|
|五粮液|000858.SZ|2024-02-06|5162.15|5162.04|19.34|17.48|4.22|4.22|21.13|14.33|6.98|6.39|2.84|2.84|116.29|5163.17|4181.69|11.6|
|新乳业|002946.SZ|2024-02-06|79.65|78.34|22.03|18.43|3.2|3.2|7.7|5.2|0.8|0.74|0.92|0.92|95|118.27|112.97|11.04|
|有友食品|603697.SH|2024-02-06|26.6|26.6|17.32|17.09|1.46|1.46|13.34|170.92|2.6|2.55|5.28|5.28|-87.96|26.6|23.89|11.33|
|五粮液|000858.SZ|2024-02-05|4912.95|4912.85|18.41|16.63|4.02|4.02|20.11|13.63|6.64|6.09|2.99|2.99|110.68|4913.97|3932.49|10.91|
|新乳业|002946.SZ|2024-02-05|72.98|71.79|20.19|16.89|2.93|2.93|7.06|4.77|0.73|0.68|1.01|1.01|87.05|111.6|106.31|10.39|
|有友食品|603697.SH|2024-02-05|26.39|26.39|17.18|16.95|1.45|1.45|13.23|169.54|2.58|2.53|5.33|5.33|-87.25|26.39|23.68|11.23|
|五粮液|000858.SZ|2024-02-02|4806.21|4806.11|18.01|16.27|3.93|3.93|19.67|13.34|6.5|5.95|3.05|3.05|108.27|4807.23|3825.75|10.62|
|新乳业|002946.SZ|2024-02-02|80.25|78.94|22.2|18.57|3.22|3.22|7.76|5.24|0.8|0.75|0.92|0.92|95.72|118.87|113.58|11.1|
|有友食品|603697.SH|2024-02-02|29.3|29.3|19.07|18.82|1.61|1.61|14.69|188.23|2.86|2.8|4.8|4.8|-96.87|29.3|26.59|12.61|
|五粮液|000858.SZ|2024-02-01|4910.23|4910.13|18.4|16.63|4.02|4.02|20.1|13.63|6.64|6.08|2.99|2.99|110.62|4911.25|3929.78|10.9|
|新乳业|002946.SZ|2024-02-01|82.68|81.33|22.87|19.13|3.32|3.32|8|5.4|0.83|0.77|0.89|0.89|98.61|121.3|116|11.33|
|有友食品|603697.SH|2024-02-01|30.54|30.54|19.88|19.62|1.67|1.67|15.32|196.2|2.98|2.92|4.6|4.6|-100.97|30.54|27.83|13.2|
|五粮液|000858.SZ|2024-01-31|4902.47|4902.37|18.37|16.6|4.01|4.01|20.07|13.61|6.63|6.07|2.99|2.99|110.44|4903.49|3922.01|10.88|
|新乳业|002946.SZ|2024-01-31|82.24|80.9|22.75|19.03|3.3|3.3|7.96|5.37|0.82|0.77|0.9|0.9|98.09|120.86|115.57|11.29|
|有友食品|603697.SH|2024-01-31|30.79|30.79|20.05|19.79|1.69|1.69|15.44|197.85|3.01|2.95|4.56|4.56|-101.81|30.79|28.08|13.32|
|五粮液|000858.SZ|2024-01-30|4957.2|4957.1|18.57|16.78|4.06|4.06|20.29|13.76|6.7|6.14|2.96|2.96|111.67|4958.22|3976.74|11.03|
|新乳业|002946.SZ|2024-01-30|86.31|84.9|23.88|19.97|3.46|3.46|8.35|5.64|0.86|0.81|0.85|0.85|102.95|124.93|119.64|11.69|
|有友食品|603697.SH|2024-01-30|32.8|32.8|21.36|21.08|1.8|1.8|16.45|210.76|3.2|3.14|4.28|4.28|-108.46|32.8|30.09|14.27|
|五粮液|000858.SZ|2024-01-29|5115.18|5115.07|19.16|17.32|4.19|4.19|20.94|14.2|6.92|6.34|2.87|2.87|115.23|5116.2|4134.72|11.47|
|新乳业|002946.SZ|2024-01-29|88.3|86.86|24.43|20.43|3.54|3.54|8.54|5.77|0.88|0.82|0.83|0.83|105.32|126.92|121.63|11.88|
|有友食品|603697.SH|2024-01-29|34.17|34.17|22.25|21.96|1.87|1.87|17.14|219.55|3.34|3.27|4.11|4.11|-112.99|34.17|31.46|14.92|
|五粮液|000858.SZ|2024-01-26|5084.91|5084.8|19.05|17.22|4.16|4.16|20.81|14.11|6.87|6.3|2.89|2.89|114.55|5085.92|4104.45|11.39|
|新乳业|002946.SZ|2024-01-26|89.08|87.63|24.64|20.61|3.57|3.58|8.62|5.82|0.89|0.83|0.83|0.83|106.25|127.7|122.41|11.96|
|有友食品|603697.SH|2024-01-26|34.81|34.81|22.67|22.37|1.91|1.91|17.46|223.68|3.4|3.33|4.04|4.04|-115.11|34.81|32.1|15.23|
|五粮液|000858.SZ|2024-01-25|5089.18|5089.07|19.07|17.23|4.17|4.17|20.83|14.12|6.88|6.3|2.88|2.88|114.65|5090.19|4108.72|11.4|
|新乳业|002946.SZ|2024-01-25|89.86|88.39|24.86|20.79|3.61|3.61|8.69|5.87|0.9|0.84|0.82|0.82|107.18|128.48|123.19|12.04|
|有友食品|603697.SH|2024-01-25|34.81|34.81|22.67|22.37|1.91|1.91|17.46|223.68|3.4|3.33|4.04|4.04|-115.11|34.81|32.1|15.23|
|五粮液|000858.SZ|2024-01-24|4970.4|4970.29|18.62|16.83|4.07|4.07|20.34|13.79|6.72|6.16|2.95|2.95|111.97|4971.42|3989.94|11.07|
|新乳业|002946.SZ|2024-01-24|86.4|84.99|23.9|19.99|3.47|3.47|8.36|5.64|0.86|0.81|0.85|0.85|103.05|125.02|119.72|11.7|
|有友食品|603697.SH|2024-01-24|33.57|33.57|21.86|21.57|1.84|1.84|16.84|215.71|3.28|3.21|4.19|4.19|-111.01|33.57|30.86|14.64|
|五粮液|000858.SZ|2024-01-23|4944.39|4944.29|18.52|16.74|4.05|4.05|20.24|13.72|6.68|6.12|2.97|2.97|111.39|4945.41|3963.93|11|
|新乳业|002946.SZ|2024-01-23|85.45|84.05|23.64|19.77|3.43|3.43|8.27|5.58|0.85|0.8|0.86|0.86|101.92|124.07|118.77|11.61|
|有友食品|603697.SH|2024-01-23|33.19|33.19|21.61|21.32|1.82|1.82|16.65|213.23|3.24|3.18|4.23|4.23|-109.73|33.19|30.48|14.46|
|五粮液|000858.SZ|2024-01-22|4929.64|4929.54|18.47|16.69|4.03|4.03|20.18|13.68|6.66|6.11|2.98|2.98|111.05|4930.66|3949.18|10.96|
|新乳业|002946.SZ|2024-01-22|84.75|83.37|23.44|19.61|3.4|3.4|8.2|5.54|0.85|0.79|0.87|0.87|101.09|123.37|118.08|11.54|
|有友食品|603697.SH|2024-01-22|34.13|34.13|22.22|21.93|1.87|1.87|17.12|219.28|3.33|3.27|4.12|4.12|-112.84|34.13|31.42|14.9|
|五粮液|000858.SZ|2024-01-19|5003|5002.9|18.74|16.94|4.09|4.09|20.48|13.88|6.76|6.2|2.93|2.93|112.71|5004.02|4022.55|11.16|
|新乳业|002946.SZ|2024-01-19|90.81|89.33|25.12|21.01|3.64|3.65|8.79|5.93|0.91|0.85|0.81|0.81|108.32|129.43|124.14|12.13|
|有友食品|603697.SH|2024-01-19|36.74|36.74|23.92|23.61|2.01|2.01|18.43|236.04|3.59|3.52|3.83|3.83|-121.47|36.74|34.03|16.14|
|五粮液|000858.SZ|2024-01-18|4964.58|4964.47|18.6|16.81|4.06|4.06|20.32|13.78|6.71|6.15|2.96|2.96|111.84|4965.59|3984.12|11.05|
|新乳业|002946.SZ|2024-01-18|90.29|88.82|24.98|20.89|3.62|3.62|8.73|5.9|0.9|0.84|0.82|0.82|107.7|128.91|123.62|12.08|
|有友食品|603697.SH|2024-01-18|37.25|37.25|24.25|23.93|2.04|2.04|18.68|239.34|3.64|3.56|3.77|3.77|-123.17|37.25|34.54|16.38|
|五粮液|000858.SZ|2024-01-17|4857.44|4857.34|18.2|16.45|3.98|3.98|19.88|13.48|6.57|6.02|3.02|3.02|109.43|4858.46|3876.99|10.76|
|新乳业|002946.SZ|2024-01-17|92.3|90.53|25.53|21.36|3.7|3.7|8.93|6.03|0.92|0.86|0.8|0.8|110.09|130.92|125.62|12.27|
|有友食品|603697.SH|2024-01-17|38.15|38.15|24.84|24.51|2.09|2.09|19.13|245.11|3.72|3.65|3.68|3.68|-126.14|38.15|35.44|16.81|
|五粮液|000858.SZ|2024-01-16|4984.37|4984.27|18.67|16.88|4.08|4.08|20.4|13.83|6.74|6.17|2.95|2.95|112.29|4985.39|4003.91|11.11|
|新乳业|002946.SZ|2024-01-16|95.5|93.67|26.42|22.1|3.83|3.83|9.24|6.24|0.95|0.89|0.77|0.77|113.91|134.12|128.83|12.59|
|有友食品|603697.SH|2024-01-16|39.52|39.52|25.73|25.39|2.17|2.17|19.82|253.9|3.86|3.78|3.56|3.56|-130.66|39.52|36.81|17.46|
|五粮液|000858.SZ|2024-01-15|4994.85|4994.75|18.71|16.91|4.09|4.09|20.44|13.86|6.75|6.19|2.94|2.94|112.52|4995.87|4014.39|11.14|
|新乳业|002946.SZ|2024-01-15|95.76|93.93|26.49|22.16|3.84|3.84|9.26|6.25|0.96|0.89|0.77|0.77|114.22|134.38|129.09|12.61|
|有友食品|603697.SH|2024-01-15|39.22|39.22|25.53|25.2|2.15|2.15|19.67|251.98|3.83|3.75|3.58|3.58|-129.67|39.22|36.51|17.32|
|五粮液|000858.SZ|2024-01-12|4997.57|4997.46|18.72|16.92|4.09|4.09|20.46|13.87|6.76|6.19|2.94|2.94|112.58|4998.59|4017.11|11.15|
|新乳业|002946.SZ|2024-01-12|96.45|94.61|26.68|22.32|3.87|3.87|9.33|6.3|0.96|0.9|0.76|0.76|115.04|135.07|129.78|12.68|
|有友食品|603697.SH|2024-01-12|38.62|38.62|25.14|24.81|2.12|2.12|19.37|248.13|3.77|3.7|3.64|3.64|-127.69|38.62|35.91|17.03|
|五粮液|000858.SZ|2024-01-11|5031.34|5031.23|18.85|17.04|4.12|4.12|20.59|13.96|6.8|6.23|2.92|2.92|113.34|5032.36|4050.88|11.24|
|新乳业|002946.SZ|2024-01-11|96.28|94.44|26.63|22.28|3.86|3.86|9.31|6.29|0.96|0.9|0.77|0.77|114.84|134.9|129.61|12.66|
|有友食品|603697.SH|2024-01-11|39.05|39.05|25.42|25.09|2.14|2.14|19.58|250.88|3.81|3.74|3.6|3.6|-129.11|39.05|36.34|17.23|
|五粮液|000858.SZ|2024-01-10|4999.51|4999.41|18.73|16.93|4.09|4.09|20.46|13.87|6.76|6.19|2.94|2.94|112.63|5000.53|4019.05|11.15|
|新乳业|002946.SZ|2024-01-10|95.41|93.59|26.39|22.08|3.83|3.83|9.23|6.23|0.95|0.89|0.77|0.77|113.8|134.03|128.74|12.58|
|有友食品|603697.SH|2024-01-10|39.05|39.05|25.42|25.09|2.14|2.14|19.58|250.88|3.81|3.74|3.6|3.6|-129.11|39.05|36.34|17.23|
|五粮液|000858.SZ|2024-01-09|4961.08|4960.98|18.59|16.8|4.06|4.06|20.31|13.77|6.71|6.15|2.96|2.96|111.76|4962.1|3980.62|11.04|
|新乳业|002946.SZ|2024-01-09|94.63|92.83|26.18|21.9|3.8|3.8|9.15|6.18|0.95|0.88|0.78|0.78|112.87|133.25|127.96|12.5|
|有友食品|603697.SH|2024-01-09|38.45|38.45|25.03|24.7|2.11|2.11|19.28|247.03|3.75|3.68|3.65|3.65|-127.13|38.45|35.74|16.95|
|五粮液|000858.SZ|2024-01-08|4972.34|4972.23|18.63|16.84|4.07|4.07|20.35|13.8|6.72|6.16|2.95|2.95|112.02|4973.36|3991.88|11.08|
|新乳业|002946.SZ|2024-01-08|94.72|92.91|26.2|21.92|3.8|3.8|9.16|6.19|0.95|0.88|0.78|0.78|112.98|133.34|128.05|12.51|
|有友食品|603697.SH|2024-01-08|37.77|37.77|24.59|24.26|2.07|2.07|18.94|242.64|3.69|3.61|3.72|3.72|-124.86|37.77|35.06|16.63|
|五粮液|000858.SZ|2024-01-05|5094.22|5094.11|19.09|17.25|4.17|4.17|20.85|14.14|6.89|6.31|2.88|2.88|114.76|5095.24|4113.76|11.41|
|新乳业|002946.SZ|2024-01-05|97.06|95.2|26.85|22.46|3.89|3.89|9.39|6.34|0.97|0.91|0.76|0.76|115.76|135.68|130.38|12.74|
|有友食品|603697.SH|2024-01-05|38.49|38.49|25.06|24.73|2.11|2.11|19.3|247.31|3.76|3.68|3.65|3.65|-127.27|38.49|35.78|16.97|
|五粮液|000858.SZ|2024-01-04|5136.14|5136.04|19.24|17.39|4.2|4.2|21.02|14.25|6.94|6.36|2.86|2.86|115.71|5137.16|4155.68|11.53|
|新乳业|002946.SZ|2024-01-04|98.27|96.39|27.18|22.74|3.94|3.94|9.51|6.42|0.98|0.92|0.75|0.75|117.21|136.89|131.6|12.86|
|有友食品|603697.SH|2024-01-04|38.79|38.79|25.25|24.92|2.13|2.13|19.46|249.23|3.79|3.71|3.62|3.62|-128.26|38.79|36.08|17.11|
|五粮液|000858.SZ|2024-01-03|5235.51|5235.4|19.62|17.73|4.29|4.29|21.43|14.53|7.08|6.49|2.8|2.8|117.94|5236.53|4255.05|11.81|
|新乳业|002946.SZ|2024-01-03|99.14|97.24|27.42|22.94|3.98|3.98|9.59|6.47|0.99|0.92|0.74|0.74|118.24|137.76|132.46|12.94|
|有友食品|603697.SH|2024-01-03|39.69|39.69|25.84|25.5|2.17|2.17|19.91|255|3.87|3.8|3.54|3.54|-131.23|39.69|36.98|17.54|
|五粮液|000858.SZ|2024-01-02|5278.99|5278.88|19.78|17.87|4.32|4.32|21.61|14.65|7.14|6.54|2.78|2.78|118.92|5280.01|4298.53|11.93|
|新乳业|002946.SZ|2024-01-02|99.65|97.39|27.57|23.06|4|4|9.64|6.51|1|0.93|0.74|0.74|118.86|138.27|132.98|12.99|
|有友食品|603697.SH|2024-01-02|40.16|40.16|26.15|25.8|2.2|2.2|20.14|258.02|3.92|3.84|3.5|3.5|-132.78|40.16|37.45|17.76|
|五粮液|000858.SZ|2023-12-29|5446.28|5446.17|20.41|18.44|4.46|4.46|22.29|15.11|7.36|6.75|2.15|2.7|122.69|5447.3|4465.83|12.39|
|新乳业|002946.SZ|2023-12-29|99.4|97.13|27.49|23|3.99|3.99|9.62|6.49|0.99|0.93|0.65|0.74|118.55|138.01|132.72|12.97|
|有友食品|603697.SH|2023-12-29|39.78|39.78|25.9|25.56|2.18|2.18|19.95|255.55|3.88|3.81|5.05|3.53|-131.51|39.78|37.07|17.58|
|五粮液|000858.SZ|2023-12-28|5438.13|5438.02|20.37|18.41|4.45|4.45|22.26|15.09|7.35|6.74|2.16|2.7|122.51|5439.15|4457.67|12.37|
|新乳业|002946.SZ|2023-12-28|98.88|96.62|27.35|22.88|3.97|3.97|9.57|6.46|0.99|0.92|0.66|0.74|117.93|137.5|132.2|12.92|
|有友食品|603697.SH|2023-12-28|39.82|39.82|25.92|25.58|2.18|2.18|19.97|255.82|3.89|3.81|5.04|3.53|-131.65|39.82|37.11|17.6|
|五粮液|000858.SZ|2023-12-27|5194.76|5194.65|19.46|17.59|4.25|4.25|21.26|14.42|7.02|6.44|2.26|2.83|117.03|5195.77|4214.3|11.69|
|新乳业|002946.SZ|2023-12-27|96.54|94.34|26.7|22.34|3.87|3.87|9.34|6.31|0.96|0.9|0.67|0.76|115.15|135.16|129.86|12.69|
|有友食品|603697.SH|2023-12-27|40.03|40.03|26.06|25.72|2.19|2.19|20.08|257.2|3.91|3.83|5.02|3.51|-132.36|40.03|37.32|17.7|
|五粮液|000858.SZ|2023-12-26|5213.78|5213.67|19.53|17.65|4.27|4.27|21.34|14.47|7.05|6.46|2.25|2.82|117.45|5214.79|4233.32|11.75|
|新乳业|002946.SZ|2023-12-26|94.63|92.48|26.18|21.9|3.8|3.8|9.15|6.18|0.95|0.88|0.69|0.78|112.87|133.25|127.96|12.5|
|有友食品|603697.SH|2023-12-26|38.62|38.62|25.14|24.81|2.12|2.12|19.37|248.13|3.77|3.7|5.2|3.64|-127.69|38.62|35.91|17.03|
|五粮液|000858.SZ|2023-12-25|5222.7|5222.59|19.57|17.68|4.27|4.27|21.38|14.49|7.06|6.47|2.25|2.81|117.66|5223.72|4242.24|11.77|
|新乳业|002946.SZ|2023-12-25|96.11|93.92|26.58|22.24|3.86|3.86|9.3|6.28|0.96|0.9|0.68|0.77|114.63|134.72|129.43|12.65|
|有友食品|603697.SH|2023-12-25|39.43|39.43|25.67|25.34|2.16|2.16|19.78|253.35|3.85|3.77|5.09|3.56|-130.38|39.43|36.72|17.42|
|五粮液|000858.SZ|2023-12-22|5178.84|5178.73|19.4|17.54|4.24|4.24|21.2|14.37|7|6.42|2.27|2.83|116.67|5179.86|4198.38|11.65|
|新乳业|002946.SZ|2023-12-22|95.41|93.24|26.39|22.08|3.83|3.83|9.23|6.23|0.95|0.89|0.68|0.77|113.8|134.03|128.74|12.58|
|有友食品|603697.SH|2023-12-22|38.75|38.75|25.23|24.9|2.12|2.12|19.43|248.96|3.78|3.71|5.18|3.63|-128.12|38.75|36.04|17.09|
|五粮液|000858.SZ|2023-12-21|5205.24|5205.13|19.5|17.62|4.26|4.26|21.31|14.45|7.04|6.45|2.25|2.82|117.26|5206.25|4224.78|11.72|
|新乳业|002946.SZ|2023-12-21|96.62|94.42|26.73|22.36|3.88|3.88|9.35|6.31|0.97|0.9|0.67|0.76|115.25|135.24|129.95|12.7|
|有友食品|603697.SH|2023-12-21|39.05|39.05|25.42|25.09|2.14|2.14|19.58|250.88|3.81|3.74|5.14|3.6|-129.11|39.05|36.34|17.23|
|五粮液|000858.SZ|2023-12-20|5128.77|5128.66|19.22|17.37|4.2|4.2|20.99|14.23|6.93|6.35|2.29|2.86|115.54|5129.79|4148.31|11.51|
|新乳业|002946.SZ|2023-12-20|95.93|93.75|26.54|22.2|3.85|3.85|9.28|6.27|0.96|0.89|0.68|0.77|114.42|134.55|129.26|12.63|
|有友食品|603697.SH|2023-12-20|38.41|38.41|25|24.68|2.1|2.1|19.26|246.76|3.75|3.68|5.23|3.66|-126.99|38.41|35.7|16.93|
|五粮液|000858.SZ|2023-12-19|5175.35|5175.24|19.39|17.52|4.24|4.24|21.18|14.36|7|6.41|2.27|2.84|116.59|5176.37|4194.89|11.64|
|新乳业|002946.SZ|2023-12-19|97.66|95.44|27.02|22.6|3.92|3.92|9.45|6.38|0.98|0.91|0.67|0.75|116.49|136.28|130.99|12.8|
|有友食品|603697.SH|2023-12-19|39.13|39.13|25.48|25.14|2.14|2.14|19.63|251.43|3.82|3.74|5.13|3.59|-129.39|39.13|36.42|17.28|
|五粮液|000858.SZ|2023-12-18|5201.35|5201.24|19.49|17.61|4.26|4.26|21.29|14.43|7.03|6.44|2.26|2.82|117.17|5202.37|4220.9|11.71|
|新乳业|002946.SZ|2023-12-18|97.4|95.19|26.94|22.54|3.91|3.91|9.42|6.36|0.97|0.91|0.67|0.76|116.18|136.02|130.73|12.77|
|有友食品|603697.SH|2023-12-18|38.49|38.49|25.06|24.73|2.11|2.11|19.3|247.31|3.76|3.68|5.22|3.65|-127.27|38.49|35.78|16.97|
|五粮液|000858.SZ|2023-12-15|5189.71|5189.6|19.44|17.57|4.25|4.25|21.24|14.4|7.02|6.43|2.26|2.83|116.91|5190.73|4209.25|11.68|
|新乳业|002946.SZ|2023-12-15|98.44|96.2|27.23|22.78|3.95|3.95|9.52|6.43|0.98|0.92|0.66|0.75|117.42|137.06|131.77|12.88|
|有友食品|603697.SH|2023-12-15|39.05|39.05|25.42|25.09|2.14|2.14|19.58|250.88|3.81|3.74|5.14|3.6|-129.11|39.05|36.34|17.23|
|五粮液|000858.SZ|2023-12-14|5148.95|5148.84|19.29|17.43|4.21|4.21|21.08|14.29|6.96|6.38|2.28|2.85|115.99|5149.97|4168.49|11.57|
|新乳业|002946.SZ|2023-12-14|98.62|96.37|27.28|22.82|3.96|3.96|9.54|6.44|0.99|0.92|0.66|0.75|117.62|137.24|131.94|12.89|
|有友食品|603697.SH|2023-12-14|39.22|39.22|25.53|25.2|2.15|2.15|19.67|251.98|3.83|3.75|5.12|3.58|-129.67|39.22|36.51|17.32|
|五粮液|000858.SZ|2023-12-13|5192.82|5192.71|19.46|17.58|4.25|4.25|21.25|14.41|7.02|6.43|2.26|2.83|116.98|5193.83|4212.36|11.69|
|新乳业|002946.SZ|2023-12-13|99.31|97.05|27.47|22.98|3.99|3.99|9.61|6.49|0.99|0.93|0.66|0.74|118.45|137.93|132.64|12.96|
|有友食品|603697.SH|2023-12-13|40.2|40.2|26.17|25.83|2.2|2.2|20.16|258.3|3.92|3.85|5|3.5|-132.92|40.2|37.49|17.78|
|五粮液|000858.SZ|2023-12-12|5407.08|5406.97|20.26|18.31|4.43|4.43|22.13|15.01|7.31|6.7|2.17|2.71|121.81|5408.1|4426.62|12.28|
|新乳业|002946.SZ|2023-12-12|103.2|100.86|28.55|23.88|4.14|4.14|9.98|6.74|1.03|0.96|0.63|0.71|123.1|141.82|136.53|13.34|
|有友食品|603697.SH|2023-12-12|41.4|41.4|26.95|26.6|2.27|2.27|20.76|265.99|4.04|3.96|4.85|3.39|-136.88|41.4|38.69|18.35|
|五粮液|000858.SZ|2023-12-11|5403.2|5403.08|20.24|18.29|4.42|4.42|22.12|14.99|7.3|6.69|2.17|2.72|121.72|5404.22|4422.74|12.27|
|新乳业|002946.SZ|2023-12-11|101.99|99.67|28.21|23.6|4.09|4.09|9.87|6.66|1.02|0.95|0.64|0.72|121.65|140.61|135.32|13.22|
|有友食品|603697.SH|2023-12-11|41.02|41.02|26.7|26.35|2.25|2.25|20.57|263.52|4|3.92|4.9|3.43|-135.61|41.02|38.31|18.17|
|五粮液|000858.SZ|2023-12-08|5547.98|5547.86|20.79|18.78|4.54|4.54|22.71|15.4|7.5|6.87|2.12|2.65|124.98|5549|4567.52|12.67|
|新乳业|002946.SZ|2023-12-08|102.08|99.76|28.24|23.62|4.1|4.1|9.88|6.67|1.02|0.95|0.64|0.72|121.75|140.7|135.41|13.23|
|有友食品|603697.SH|2023-12-08|41.87|41.87|27.26|26.9|2.29|2.29|21|269.01|4.09|4.01|4.8|3.36|-138.44|41.87|39.16|18.57|
|五粮液|000858.SZ|2023-12-07|5532.07|5531.95|20.73|18.73|4.53|4.53|22.64|15.35|7.48|6.85|2.12|2.65|124.62|5533.09|4551.61|12.63|
|新乳业|002946.SZ|2023-12-07|104.33|101.96|28.86|24.14|4.19|4.19|10.09|6.81|1.04|0.97|0.62|0.71|124.44|142.95|137.66|13.45|
|有友食品|603697.SH|2023-12-07|43.97|43.97|28.62|28.25|2.41|2.41|22.05|282.48|4.29|4.21|4.57|3.2|-145.37|43.97|41.26|19.57|
|五粮液|000858.SZ|2023-12-06|5593.4|5593.28|20.96|18.94|4.58|4.58|22.89|15.52|7.56|6.93|2.1|2.62|126.01|5594.42|4612.94|12.8|
|新乳业|002946.SZ|2023-12-06|104.16|101.79|28.81|24.1|4.18|4.18|10.08|6.8|1.04|0.97|0.62|0.71|124.23|142.78|137.48|13.43|
|有友食品|603697.SH|2023-12-06|43.15|43.15|28.1|27.73|2.36|2.36|21.64|277.26|4.21|4.13|4.65|3.26|-142.68|43.15|40.44|19.18|
|五粮液|000858.SZ|2023-12-05|5537.89|5537.77|20.75|18.75|4.53|4.53|22.67|15.37|7.49|6.86|2.12|2.65|124.76|5538.91|4557.43|12.65|
|新乳业|002946.SZ|2023-12-05|104.5|102.12|28.91|24.18|4.19|4.19|10.11|6.83|1.04|0.97|0.62|0.7|124.65|143.12|137.83|13.47|
|有友食品|603697.SH|2023-12-05|44.91|44.91|29.24|28.85|2.46|2.46|22.52|288.52|4.38|4.3|4.47|3.13|-148.48|44.91|42.2|20.01|
|五粮液|000858.SZ|2023-12-04|5661.33|5661.21|21.21|19.17|4.63|4.63|23.17|15.71|7.65|7.01|2.07|2.59|127.54|5662.34|4680.87|12.99|
|新乳业|002946.SZ|2023-12-04|103.64|101.28|28.67|23.98|4.16|4.16|10.03|6.77|1.04|0.97|0.63|0.71|123.61|142.26|136.96|13.38|
|有友食品|603697.SH|2023-12-04|43.62|43.62|28.4|28.03|2.39|2.39|21.88|280.28|4.26|4.17|4.6|3.22|-144.24|43.62|40.91|19.41|
|五粮液|000858.SZ|2023-12-01|5714.12|5713.99|21.41|19.35|4.68|4.68|23.39|15.86|7.73|7.08|2.05|2.57|128.73|5715.13|4733.66|13.13|
|新乳业|002946.SZ|2023-12-01|107.53|105.09|29.75|24.88|4.32|4.32|10.4|7.02|1.07|1|0.6|0.69|128.26|146.15|140.86|13.76|
|有友食品|603697.SH|2023-12-01|41.79|41.79|27.2|26.85|2.29|2.29|20.96|268.46|4.08|4|4.81|3.36|-138.16|41.79|39.08|18.53|
|五粮液|000858.SZ|2023-11-30|5789.42|5789.3|21.69|19.6|4.74|4.74|23.7|16.07|7.83|7.17|2.03|2.54|130.42|5790.44|4808.96|13.34|
|新乳业|002946.SZ|2023-11-30|109.01|106.52|30.15|25.22|4.37|4.37|10.55|7.12|1.09|1.02|0.6|0.68|130.02|147.63|142.33|13.91|
|有友食品|603697.SH|2023-11-30|37.98|37.98|24.73|24.4|2.08|2.08|19.05|244.01|3.71|3.63|5.29|3.7|-125.57|37.98|35.27|16.73|
|五粮液|000858.SZ|2023-11-29|5756.42|5756.3|21.57|19.49|4.71|4.71|23.56|15.97|7.78|7.13|2.04|2.55|129.68|5757.44|4775.97|13.25|
|新乳业|002946.SZ|2023-11-29|110.13|107.62|30.46|25.48|4.42|4.42|10.65|7.19|1.1|1.03|0.59|0.67|131.36|148.75|143.46|14.02|
|有友食品|603697.SH|2023-11-29|37.34|37.34|24.31|23.99|2.05|2.05|18.73|239.89|3.64|3.57|5.38|3.76|-123.45|37.34|34.63|16.42|
|五粮液|000858.SZ|2023-11-28|5773.89|5773.77|21.63|19.55|4.73|4.73|23.63|16.02|7.81|7.15|2.03|2.54|130.07|5774.91|4793.43|13.3|
|新乳业|002946.SZ|2023-11-28|110.82|108.3|30.66|25.64|4.45|4.45|10.72|7.24|1.11|1.03|0.59|0.66|132.18|149.44|144.15|14.09|
|有友食品|603697.SH|2023-11-28|36.91|36.91|24.03|23.71|2.02|2.02|18.51|237.14|3.6|3.53|5.44|3.81|-122.04|36.91|34.2|16.22|
|五粮液|000858.SZ|2023-11-27|5793.3|5793.18|21.71|19.62|4.74|4.74|23.71|16.08|7.83|7.18|2.03|2.53|130.51|5794.32|4812.84|13.35|
|新乳业|002946.SZ|2023-11-27|109.96|107.45|30.42|25.44|4.41|4.41|10.64|7.18|1.1|1.03|0.59|0.67|131.15|148.58|143.29|14|
|有友食品|603697.SH|2023-11-27|37|37|24.09|23.77|2.03|2.03|18.55|237.69|3.61|3.54|5.43|3.8|-122.32|37|34.29|16.26|
|五粮液|000858.SZ|2023-11-24|5947.79|5947.66|22.28|20.14|4.87|4.87|24.35|16.51|8.04|7.37|1.97|2.47|133.99|5948.81|4967.33|13.78|
|新乳业|002946.SZ|2023-11-24|111.08|108.55|30.73|25.7|4.46|4.46|10.75|7.26|1.11|1.04|0.59|0.66|132.49|149.7|144.41|14.11|
|有友食品|603697.SH|2023-11-24|36.4|36.4|23.7|23.39|1.99|1.99|18.25|233.84|3.55|3.48|5.52|3.86|-120.34|36.4|33.69|15.98|
|五粮液|000858.SZ|2023-11-23|5941.58|5941.45|22.26|20.12|4.86|4.86|24.32|16.49|8.03|7.36|1.97|2.47|133.85|5942.6|4961.12|13.77|
|新乳业|002946.SZ|2023-11-23|111.17|108.64|30.75|25.72|4.46|4.46|10.75|7.26|1.11|1.04|0.59|0.66|132.6|149.79|144.5|14.12|
|有友食品|603697.SH|2023-11-23|36.01|36.01|23.45|23.14|1.97|1.97|18.06|231.37|3.52|3.45|5.58|3.9|-119.07|36.01|33.3|15.79|
|五粮液|000858.SZ|2023-11-22|5958.66|5958.53|22.32|20.18|4.88|4.88|24.39|16.54|8.06|7.38|1.97|2.46|134.23|5959.67|4978.2|13.81|
|新乳业|002946.SZ|2023-11-22|111.95|109.4|30.97|25.9|4.49|4.49|10.83|7.31|1.12|1.04|0.58|0.66|133.53|150.57|145.28|14.2|
|有友食品|603697.SH|2023-11-22|35.88|35.88|23.36|23.06|1.97|1.97|18|230.54|3.5|3.43|5.6|3.92|-118.64|35.88|33.17|15.73|
|五粮液|000858.SZ|2023-11-21|6028.14|6028.01|22.59|20.41|4.93|4.93|24.67|16.73|8.15|7.47|1.95|2.44|135.8|6029.16|5047.68|14.01|
|新乳业|002946.SZ|2023-11-21|112.04|109.49|30.99|25.92|4.5|4.5|10.84|7.32|1.12|1.05|0.58|0.66|133.63|150.66|145.36|14.2|
|有友食品|603697.SH|2023-11-21|36.01|36.01|23.45|23.14|1.97|1.97|18.06|231.37|3.52|3.45|5.58|3.9|-119.07|36.01|33.3|15.79|
|五粮液|000858.SZ|2023-11-20|5993.2|5993.08|22.45|20.29|4.91|4.91|24.53|16.63|8.1|7.42|1.96|2.45|135.01|5994.22|5012.74|13.91|
|新乳业|002946.SZ|2023-11-20|110.65|108.13|30.61|25.6|4.44|4.44|10.7|7.23|1.11|1.03|0.59|0.67|131.98|149.27|143.98|14.07|
|有友食品|603697.SH|2023-11-20|36.23|36.23|23.58|23.28|1.98|1.98|18.17|232.74|3.54|3.47|5.55|3.88|-119.77|36.23|33.52|15.9|
|五粮液|000858.SZ|2023-11-17|6016.49|6016.37|22.54|20.37|4.92|4.92|24.63|16.7|8.13|7.45|1.95|2.44|135.54|6017.51|5036.03|13.97|
|新乳业|002946.SZ|2023-11-17|109.61|107.12|30.32|25.36|4.4|4.4|10.6|7.16|1.1|1.02|0.59|0.67|130.74|148.23|142.94|13.97|
|有友食品|603697.SH|2023-11-17|35.54|35.54|23.14|22.84|1.95|1.95|17.82|228.35|3.47|3.4|5.65|3.95|-117.51|35.54|32.83|15.57|
|五粮液|000858.SZ|2023-11-16|6069.67|6069.54|22.74|20.55|4.97|4.97|24.84|16.84|8.21|7.52|1.93|2.42|136.74|6070.69|5089.21|14.12|
|新乳业|002946.SZ|2023-11-16|109.7|107.2|30.34|25.38|4.4|4.4|10.61|7.16|1.1|1.02|0.59|0.67|130.84|148.32|143.03|13.98|
|有友食品|603697.SH|2023-11-16|35.63|35.63|23.19|22.89|1.95|1.95|17.87|228.9|3.48|3.41|5.64|3.94|-117.79|35.63|32.92|15.61|
|五粮液|000858.SZ|2023-11-15|6103.83|6103.7|22.87|20.67|5|5|24.98|16.94|8.25|7.56|1.92|2.41|137.5|6104.85|5123.37|14.22|
|新乳业|002946.SZ|2023-11-15|110.74|108.22|30.63|25.62|4.44|4.44|10.71|7.23|1.11|1.03|0.59|0.67|132.08|149.36|144.06|14.08|
|有友食品|603697.SH|2023-11-15|35.8|35.8|23.31|23|1.96|1.96|17.95|230|3.49|3.43|5.61|3.93|-118.36|35.8|33.09|15.69|
|五粮液|000858.SZ|2023-11-14|6051.43|6051.3|22.67|20.49|4.95|4.95|24.77|16.79|8.18|7.5|1.94|2.43|136.32|6052.45|5070.97|14.07|
|新乳业|002946.SZ|2023-11-14|109.96|107.45|30.42|25.44|4.41|4.41|10.64|7.18|1.1|1.03|0.59|0.67|131.15|148.58|143.29|14|
|有友食品|603697.SH|2023-11-14|35.5|35.5|23.11|22.81|1.95|1.95|17.8|228.07|3.47|3.4|5.66|3.96|-117.37|35.5|32.79|15.55|
|五粮液|000858.SZ|2023-11-13|6011.83|6011.71|22.52|20.36|4.92|4.92|24.61|16.68|8.13|7.45|1.95|2.44|135.43|6012.85|5031.38|13.96|
|新乳业|002946.SZ|2023-11-13|110.39|107.88|30.54|25.54|4.43|4.43|10.68|7.21|1.1|1.03|0.59|0.67|131.67|149.01|143.72|14.04|
|有友食品|603697.SH|2023-11-13|35.33|35.33|23|22.7|1.94|1.94|17.72|226.97|3.45|3.38|5.69|3.98|-116.8|35.33|32.62|15.47|
|五粮液|000858.SZ|2023-11-10|6090.24|6090.11|22.82|20.62|4.98|4.98|24.93|16.9|8.23|7.54|1.93|2.41|137.2|6091.26|5109.78|14.18|
|新乳业|002946.SZ|2023-11-10|111.17|108.64|30.75|25.72|4.46|4.46|10.75|7.26|1.11|1.04|0.59|0.66|132.6|149.79|144.5|14.12|
|有友食品|603697.SH|2023-11-10|35.2|35.2|22.92|22.62|1.93|1.93|17.65|226.15|3.44|3.37|5.71|3.99|-116.38|35.2|32.49|15.41|
|五粮液|000858.SZ|2023-11-09|6154.29|6154.16|23.06|20.84|5.04|5.04|25.19|17.08|8.32|7.62|1.91|2.39|138.64|6155.31|5173.83|14.36|
|新乳业|002946.SZ|2023-11-09|112.9|110.33|31.23|26.12|4.53|4.53|10.92|7.37|1.13|1.05|0.58|0.65|134.66|151.52|146.23|14.29|
|有友食品|603697.SH|2023-11-09|35.46|35.46|23.08|22.78|1.94|1.94|17.78|227.8|3.46|3.39|5.67|3.96|-117.23|35.46|32.75|15.53|
|五粮液|000858.SZ|2023-11-08|6157.39|6157.26|23.07|20.85|5.04|5.04|25.2|17.09|8.32|7.63|1.91|2.38|138.71|6158.41|5176.94|14.36|
|新乳业|002946.SZ|2023-11-08|113.16|110.59|31.3|26.18|4.54|4.54|10.95|7.39|1.13|1.06|0.57|0.65|134.97|151.78|146.49|14.31|
|有友食品|603697.SH|2023-11-08|35.71|35.71|23.25|22.95|1.96|1.96|17.91|229.45|3.49|3.42|5.62|3.94|-118.08|35.71|33|15.65|
|五粮液|000858.SZ|2023-11-07|6183.79|6183.66|23.17|20.94|5.06|5.06|25.31|17.16|8.36|7.66|1.9|2.37|139.31|6184.81|5203.33|14.44|
|新乳业|002946.SZ|2023-11-07|113.16|110.59|31.3|26.18|4.54|4.54|10.95|7.39|1.13|1.06|0.57|0.65|134.97|151.78|146.49|14.31|
|有友食品|603697.SH|2023-11-07|35.8|35.8|23.31|23|1.96|1.96|17.95|230|3.49|3.43|5.61|3.93|-118.36|35.8|33.09|15.69|
|五粮液|000858.SZ|2023-11-06|6204.36|6204.23|23.25|21.01|5.08|5.08|25.4|17.22|8.39|7.69|1.89|2.37|139.77|6205.38|5223.9|14.49|
|新乳业|002946.SZ|2023-11-06|112.99|110.42|31.25|26.14|4.53|4.53|10.93|7.38|1.13|1.05|0.58|0.65|134.77|151.61|146.32|14.3|
|有友食品|603697.SH|2023-11-06|36.1|36.1|23.5|23.19|1.98|1.98|18.1|231.92|3.52|3.45|5.57|3.89|-119.35|36.1|33.39|15.84|
|五粮液|000858.SZ|2023-11-03|6197.76|6197.63|23.22|20.98|5.07|5.07|25.37|17.2|8.38|7.68|1.89|2.37|139.62|6198.78|5217.3|14.48|
|新乳业|002946.SZ|2023-11-03|113.85|111.26|31.49|26.34|4.57|4.57|11.01|7.44|1.14|1.06|0.57|0.65|135.8|152.47|147.18|14.38|
|有友食品|603697.SH|2023-11-03|36.01|36.01|23.45|23.14|1.97|1.97|18.06|231.37|3.52|3.45|5.58|3.9|-119.07|36.01|33.3|15.79|
|五粮液|000858.SZ|2023-11-02|6129.06|6128.93|22.96|20.75|5.02|5.02|25.09|17.01|8.29|7.59|1.91|2.4|138.07|6130.08|5148.6|14.29|
|新乳业|002946.SZ|2023-11-02|111.34|108.81|30.8|25.76|4.47|4.47|10.77|7.27|1.11|1.04|0.58|0.66|132.8|149.96|144.67|14.14|
|有友食品|603697.SH|2023-11-02|35.67|35.67|23.22|22.92|1.95|1.95|17.89|229.17|3.48|3.41|5.63|3.94|-117.94|35.67|32.96|15.63|
|五粮液|000858.SZ|2023-11-01|6210.57|6210.44|23.27|21.03|5.08|5.08|25.42|17.24|8.4|7.69|1.89|2.36|139.91|6211.59|5230.11|14.51|
|新乳业|002946.SZ|2023-11-01|112.99|110.42|31.25|26.14|4.53|4.53|10.93|7.38|1.13|1.05|0.58|0.65|134.77|151.61|146.32|14.3|
|有友食品|603697.SH|2023-11-01|35.88|35.88|23.36|23.06|1.97|1.97|18|230.54|3.5|3.43|5.6|3.92|-118.64|35.88|33.17|15.73|
|五粮液|000858.SZ|2023-10-31|6055.31|6055.18|22.69|20.5|4.96|4.96|24.79|16.8|8.19|7.5|1.94|2.42|136.41|6056.33|5074.85|14.08|
|新乳业|002946.SZ|2023-10-31|115.33|112.7|31.9|26.69|4.63|4.63|11.16|7.53|1.15|1.08|0.56|0.64|137.55|153.95|148.65|14.53|
|有友食品|603697.SH|2023-10-31|35.54|35.54|23.14|22.84|1.95|1.95|17.82|228.35|3.47|3.4|5.65|3.95|-117.51|35.54|32.83|15.57|
|五粮液|000858.SZ|2023-10-30|6078.6|6078.47|22.77|20.58|4.98|4.98|24.88|16.87|8.22|7.53|1.93|2.42|136.94|6079.62|5098.14|14.15|
|新乳业|002946.SZ|2023-10-30|123.12|120.32|34.06|30.1|5.12|5.12|11.91|9.38|1.23|1.17|0.53|0.6|130.7|162.91|157.38|15.38|
|有友食品|603697.SH|2023-10-30|35.63|35.63|23.19|22.89|1.95|1.95|17.87|228.9|3.48|3.41|5.64|3.94|-117.79|35.63|32.92|15.61|
|五粮液|000858.SZ|2023-10-27|5938.47|5938.35|22.25|20.74|5.1|5.1|24.31|17.53|8.03|7.59|1.98|2.47|140.15|5940.49|5014.92|13.91|
|新乳业|002946.SZ|2023-10-27|119.66|116.93|33.1|29.25|4.97|4.97|11.58|9.12|1.2|1.14|0.54|0.62|127.03|159.44|153.92|15.04|
|有友食品|603697.SH|2023-10-27|36.01|36.01|23.45|20.82|2|2|18.06|52.05|3.52|3.54|5.58|3.9|-123.31|36.03|34.88|16.55|
|五粮液|000858.SZ|2023-10-26|5863.17|5863.04|21.97|20.48|5.04|5.04|24|17.31|7.93|7.49|2|2.5|138.37|5865.19|4939.61|13.71|
|新乳业|002946.SZ|2023-10-26|115.76|113.12|32.02|28.3|4.81|4.81|11.2|8.82|1.16|1.1|0.56|0.64|122.89|155.55|150.02|14.66|
|有友食品|603697.SH|2023-10-26|34.77|34.77|22.64|20.1|1.93|1.93|17.44|50.26|3.39|3.42|5.78|4.04|-119.07|34.79|33.64|15.96|
|五粮液|000858.SZ|2023-10-25|5796.79|5796.67|21.72|20.25|4.98|4.98|23.73|17.11|7.84|7.41|2.02|2.53|136.81|5798.81|4873.24|13.52|
|新乳业|002946.SZ|2023-10-25|114.98|112.36|31.81|28.11|4.78|4.78|11.12|8.76|1.15|1.09|0.57|0.64|122.06|154.77|149.24|14.58|
|有友食品|603697.SH|2023-10-25|34.6|34.6|22.53|20.01|1.92|1.92|17.35|50.01|3.38|3.41|5.81|4.06|-118.48|34.62|33.47|15.88|
|五粮液|000858.SZ|2023-10-24|5591.46|5591.34|20.95|19.53|4.8|4.8|22.89|16.51|7.56|7.15|2.1|2.63|131.96|5593.47|4667.9|12.95|
|新乳业|002946.SZ|2023-10-24|115.41|112.79|31.93|28.21|4.8|4.8|11.16|8.79|1.15|1.1|0.56|0.64|122.52|155.2|149.67|14.62|
|有友食品|603697.SH|2023-10-24|34.34|34.34|22.36|19.86|1.91|1.91|17.22|49.64|3.35|3.38|5.85|4.09|-117.6|34.37|33.22|15.75|
|五粮液|000858.SZ|2023-10-23|5579.81|5579.69|20.91|19.49|4.79|4.79|22.84|16.47|7.54|7.13|2.1|2.63|131.69|5581.83|4656.26|12.92|
|新乳业|002946.SZ|2023-10-23|115.85|113.21|32.05|28.32|4.81|4.81|11.21|8.83|1.16|1.1|0.56|0.64|122.98|155.63|150.11|14.67|
|有友食品|603697.SH|2023-10-23|33.15|33.15|21.58|19.16|1.84|1.84|16.62|47.91|3.24|3.26|6.06|4.24|-113.5|33.17|32.02|15.19|
|五粮液|000858.SZ|2023-10-20|5577.87|5577.75|20.9|19.48|4.79|4.79|22.83|16.47|7.54|7.13|2.1|2.63|131.64|5579.89|4654.31|12.91|
|新乳业|002946.SZ|2023-10-20|117.92|115.24|32.62|28.83|4.9|4.9|11.41|8.99|1.18|1.12|0.55|0.62|125.19|157.71|152.18|14.87|
|有友食品|603697.SH|2023-10-20|33.92|33.92|22.08|19.61|1.88|1.88|17.01|49.02|3.31|3.34|5.92|4.14|-116.14|33.94|32.79|15.55|
|五粮液|000858.SZ|2023-10-19|5599.22|5599.1|20.98|19.56|4.81|4.81|22.92|16.53|7.57|7.16|2.1|2.62|132.15|5601.24|4675.66|12.97|
|新乳业|002946.SZ|2023-10-19|119.22|116.51|32.98|29.15|4.95|4.95|11.53|9.09|1.19|1.13|0.55|0.62|126.57|159.01|153.48|15|
|有友食品|603697.SH|2023-10-19|33.96|33.96|22.11|19.63|1.89|1.89|17.03|49.09|3.31|3.34|5.92|4.14|-116.28|33.98|32.83|15.57|
|五粮液|000858.SZ|2023-10-18|5792.91|5792.79|21.7|20.23|4.98|4.98|23.71|17.1|7.83|7.4|2.03|2.53|136.72|5794.93|4869.36|13.51|
|新乳业|002946.SZ|2023-10-18|120.26|117.52|33.27|29.4|5|5|11.63|9.16|1.2|1.14|0.54|0.61|127.67|160.05|154.52|15.1|
|有友食品|603697.SH|2023-10-18|34.34|34.34|22.36|19.86|1.91|1.91|17.22|49.64|3.35|3.38|5.85|4.09|-117.6|34.37|33.22|15.75|
|五粮液|000858.SZ|2023-10-17|5838.33|5838.2|21.87|20.39|5.02|5.02|23.9|17.24|7.89|7.46|2.01|2.51|137.79|5840.34|4914.77|13.64|
|新乳业|002946.SZ|2023-10-17|123.12|120.32|34.06|30.1|5.12|5.12|11.91|9.38|1.23|1.17|0.53|0.6|130.7|162.91|157.38|15.38|
|有友食品|603697.SH|2023-10-17|34.99|34.99|22.78|20.23|1.94|1.94|17.55|50.57|3.42|3.44|5.74|4.02|-119.8|35.01|33.86|16.06|
|五粮液|000858.SZ|2023-10-16|5827.85|5827.72|21.83|20.36|5.01|5.01|23.85|17.2|7.88|7.45|2.01|2.52|137.54|5829.86|4904.29|13.61|
|新乳业|002946.SZ|2023-10-16|123.64|120.82|34.2|30.23|5.14|5.14|11.96|9.42|1.24|1.17|0.53|0.6|131.26|163.43|157.9|15.43|
|有友食品|603697.SH|2023-10-16|34.99|34.99|22.78|20.23|1.94|1.94|17.55|50.57|3.42|3.44|5.74|4.02|-119.8|35.01|33.86|16.06|
|五粮液|000858.SZ|2023-10-13|5963.31|5963.19|22.34|20.83|5.12|5.12|24.41|17.6|8.06|7.62|1.97|2.46|140.74|5965.33|5039.76|13.98|
|新乳业|002946.SZ|2023-10-13|123.64|120.82|34.2|30.23|5.14|5.14|11.96|9.42|1.24|1.17|0.53|0.6|131.26|163.43|157.9|15.43|
|有友食品|603697.SH|2023-10-13|35.07|35.07|22.83|20.28|1.95|1.95|17.59|50.69|3.42|3.45|5.73|4.01|-120.09|35.09|33.94|16.1|
|五粮液|000858.SZ|2023-10-12|6044.83|6044.7|22.65|21.11|5.19|5.19|24.74|17.85|8.17|7.72|1.94|2.43|142.66|6046.85|5121.27|14.21|
|新乳业|002946.SZ|2023-10-12|124.94|122.09|34.56|30.54|5.19|5.19|12.09|9.52|1.25|1.19|0.52|0.59|132.63|164.73|159.2|15.56|
|有友食品|603697.SH|2023-10-12|35.63|35.63|23.19|20.6|1.98|1.98|17.87|51.5|3.48|3.51|5.64|3.94|-122|35.65|34.5|16.36|
|五粮液|000858.SZ|2023-10-11|5966.03|5965.91|22.35|20.84|5.13|5.13|24.42|17.61|8.07|7.62|1.97|2.46|140.8|5968.05|5042.48|13.99|
|新乳业|002946.SZ|2023-10-11|125.37|122.52|34.68|30.65|5.21|5.21|12.13|9.55|1.25|1.19|0.52|0.59|133.09|165.16|159.63|15.6|
|有友食品|603697.SH|2023-10-11|35.84|35.84|23.33|20.72|1.99|1.99|17.98|51.81|3.5|3.53|5.6|3.92|-122.73|35.86|34.71|16.46|
|五粮液|000858.SZ|2023-10-10|5954.77|5954.65|22.31|20.8|5.12|5.12|24.37|17.58|8.05|7.61|1.97|2.47|140.54|5956.79|5031.22|13.96|
|新乳业|002946.SZ|2023-10-10|123.72|120.91|34.22|30.25|5.14|5.14|11.97|9.43|1.24|1.18|0.53|0.6|131.35|163.51|157.98|15.44|
|有友食品|603697.SH|2023-10-10|35.84|35.84|23.33|20.72|1.99|1.99|17.98|51.81|3.5|3.53|5.6|3.92|-122.73|35.86|34.71|16.46|
|五粮液|000858.SZ|2023-10-09|5988.16|5988.03|22.44|20.92|5.15|5.15|24.51|17.68|8.1|7.65|1.96|2.45|141.32|5990.17|5064.6|14.05|
|新乳业|002946.SZ|2023-10-09|123.46|120.65|34.15|30.18|5.13|5.13|11.94|9.41|1.23|1.17|0.53|0.6|131.07|163.25|157.73|15.41|
|有友食品|603697.SH|2023-10-09|36.27|36.27|23.61|20.97|2.02|2.02|18.19|52.42|3.54|3.57|5.54|3.87|-124.19|36.29|35.14|16.67|
|五粮液|000858.SZ|2023-09-28|6059.19|6059.06|22.7|21.16|5.21|5.21|24.8|17.89|8.19|7.74|1.94|2.42|143|6061.21|5135.63|14.25|
|新乳业|002946.SZ|2023-09-28|124.5|121.67|34.44|30.44|5.17|5.17|12.04|9.49|1.24|1.18|0.52|0.59|132.17|164.29|158.76|15.51|
|有友食品|603697.SH|2023-09-28|37.21|37.21|24.22|21.51|2.07|2.07|18.66|53.78|3.63|3.66|5.4|3.78|-127.41|37.23|36.08|17.11|
|五粮液|000858.SZ|2023-09-27|6078.21|6078.08|22.77|21.23|5.22|5.22|24.88|17.94|8.22|7.77|1.93|2.42|143.45|6080.23|5154.65|14.3|
|新乳业|002946.SZ|2023-09-27|126.5|123.62|34.99|30.92|5.26|5.26|12.24|9.64|1.26|1.2|0.51|0.58|134.29|166.28|160.76|15.71|
|有友食品|603697.SH|2023-09-27|37.51|37.51|24.42|21.69|2.08|2.08|18.81|54.22|3.66|3.69|5.36|3.75|-128.44|37.53|36.38|17.26|
|五粮液|000858.SZ|2023-09-26|6080.54|6080.41|22.78|21.24|5.22|5.22|24.89|17.95|8.22|7.77|1.93|2.41|143.5|6082.56|5156.98|14.31|
|新乳业|002946.SZ|2023-09-26|124.76|121.92|34.51|30.5|5.18|5.18|12.07|9.51|1.25|1.19|0.52|0.59|132.45|164.55|159.02|15.54|
|有友食品|603697.SH|2023-09-26|37.29|37.29|24.28|21.56|2.07|2.07|18.7|53.91|3.64|3.67|5.39|3.77|-127.71|37.32|36.17|17.15|
|五粮液|000858.SZ|2023-09-25|6167.88|6167.74|23.11|21.54|5.3|5.3|25.25|18.21|8.34|7.88|1.9|2.38|145.57|6169.89|5244.32|14.55|
|新乳业|002946.SZ|2023-09-25|125.89|123.02|34.82|30.78|5.23|5.23|12.18|9.59|1.26|1.2|0.52|0.59|133.65|165.68|160.15|15.65|
|有友食品|603697.SH|2023-09-25|37.81|37.81|24.61|21.86|2.1|2.1|18.96|54.65|3.69|3.72|5.31|3.72|-129.46|37.83|36.68|17.4|
|五粮液|000858.SZ|2023-09-22|6207.47|6207.34|23.26|21.68|5.33|5.33|25.41|18.33|8.39|7.93|1.89|2.36|146.5|6209.48|5283.91|14.66|
|新乳业|002946.SZ|2023-09-22|128.14|125.22|35.45|31.33|5.33|5.33|12.4|9.76|1.28|1.22|0.51|0.57|136.04|167.93|162.4|15.87|
|有友食品|603697.SH|2023-09-22|38.49|38.49|25.06|22.26|2.14|2.14|19.3|55.64|3.76|3.79|5.22|3.65|-131.81|38.51|37.37|17.72|
|五粮液|000858.SZ|2023-09-21|6119.74|6119.61|22.93|21.38|5.26|5.26|25.05|18.07|8.27|7.82|1.92|2.4|144.43|6121.76|5196.19|14.42|
|新乳业|002946.SZ|2023-09-21|127.19|124.29|35.18|31.09|5.29|5.29|12.3|9.69|1.27|1.21|0.51|0.58|135.02|166.98|161.45|15.78|
|有友食品|603697.SH|2023-09-21|38.02|38.02|24.75|21.98|2.11|2.11|19.07|54.96|3.71|3.74|5.28|3.7|-130.2|38.04|36.9|17.5|
|五粮液|000858.SZ|2023-09-20|6204.36|6204.23|23.25|21.67|5.33|5.33|25.4|18.32|8.39|7.93|1.89|2.37|146.43|6206.38|5280.81|14.65|
|新乳业|002946.SZ|2023-09-20|127.97|125.05|35.4|31.28|5.32|5.32|12.38|9.75|1.28|1.22|0.51|0.58|135.85|167.76|162.23|15.85|
|有友食品|603697.SH|2023-09-20|38.62|38.62|25.14|22.33|2.15|2.15|19.37|55.82|3.77|3.8|5.2|3.64|-132.25|38.64|37.49|17.78|
|五粮液|000858.SZ|2023-09-19|6245.9|6245.76|23.4|21.82|5.37|5.37|25.57|18.44|8.44|7.98|1.88|2.35|147.41|6247.91|5322.34|14.77|
|新乳业|002946.SZ|2023-09-19|128.75|125.82|35.61|31.47|5.35|5.35|12.45|9.81|1.29|1.22|0.51|0.57|136.68|168.53|163.01|15.93|
|有友食品|603697.SH|2023-09-19|38.58|38.58|25.12|22.3|2.14|2.14|19.35|55.76|3.77|3.8|5.21|3.64|-132.1|38.6|37.45|17.76|
|五粮液|000858.SZ|2023-09-18|6319.26|6319.12|23.68|22.07|5.43|5.43|25.87|18.66|8.54|8.08|1.86|2.32|149.14|6321.27|5395.7|14.97|
|新乳业|002946.SZ|2023-09-18|129.7|126.75|35.88|31.71|5.39|5.39|12.55|9.88|1.3|1.23|0.5|0.57|137.69|169.49|163.96|16.02|
|有友食品|603697.SH|2023-09-18|38.79|38.79|25.25|22.43|2.16|2.16|19.46|56.07|3.79|3.82|5.18|3.62|-132.83|38.81|37.66|17.86|
|五粮液|000858.SZ|2023-09-15|6199.32|6199.19|23.23|21.65|5.33|5.33|25.37|18.3|8.38|7.92|1.89|2.37|146.31|6201.33|5275.76|14.64|
|新乳业|002946.SZ|2023-09-15|129.09|126.15|35.71|31.56|5.36|5.36|12.49|9.84|1.29|1.23|0.5|0.57|137.05|168.88|163.35|15.96|
|有友食品|603697.SH|2023-09-15|38.24|38.24|24.89|22.11|2.12|2.12|19.18|55.27|3.73|3.76|5.25|3.68|-130.93|38.26|37.11|17.6|
|五粮液|000858.SZ|2023-09-14|6288.2|6288.07|23.56|21.96|5.4|5.4|25.74|18.56|8.5|8.04|1.87|2.33|148.41|6290.22|5364.65|14.88|
|新乳业|002946.SZ|2023-09-14|128.49|125.56|35.54|31.41|5.34|5.34|12.43|9.79|1.28|1.22|0.51|0.57|136.4|168.28|162.75|15.9|
|有友食品|603697.SH|2023-09-14|38.32|38.32|24.95|22.16|2.13|2.13|19.22|55.39|3.74|3.77|5.24|3.67|-131.22|38.34|37.19|17.64|
|五粮液|000858.SZ|2023-09-13|6352.25|6352.12|23.8|22.19|5.46|5.46|26|18.75|8.59|8.12|1.85|2.31|149.92|6354.27|5428.7|15.06|
|新乳业|002946.SZ|2023-09-13|129.7|126.75|35.88|31.71|5.39|5.39|12.55|9.88|1.3|1.23|0.5|0.57|137.69|169.49|163.96|16.02|
|有友食品|603697.SH|2023-09-13|38.62|38.62|25.14|22.33|2.15|2.15|19.37|55.82|3.77|3.8|5.2|3.64|-132.25|38.64|37.49|17.78|
|五粮液|000858.SZ|2023-09-12|6326.24|6326.11|23.7|22.1|5.44|5.44|25.89|18.68|8.55|8.08|1.85|2.32|149.3|6328.26|5402.69|14.99|
|新乳业|002946.SZ|2023-09-12|131.08|128.1|36.26|32.05|5.45|5.45|12.68|9.99|1.31|1.25|0.5|0.56|139.16|170.87|165.34|16.16|
|有友食品|603697.SH|2023-09-12|38.96|38.96|25.37|22.53|2.17|2.17|19.54|56.32|3.8|3.83|5.16|3.61|-133.42|38.98|37.84|17.95|
|五粮液|000858.SZ|2023-09-11|6379.42|6379.29|23.9|22.28|5.48|5.48|26.11|18.83|8.62|8.15|1.84|2.3|150.56|6381.44|5455.87|15.14|
|新乳业|002946.SZ|2023-09-11|130.22|127.25|36.02|31.83|5.41|5.41|12.6|9.92|1.3|1.24|0.5|0.57|138.24|170.01|164.48|16.07|
|有友食品|603697.SH|2023-09-11|38.45|38.45|25.03|22.23|2.14|2.14|19.28|55.58|3.75|3.78|5.22|3.65|-131.66|38.47|37.32|17.7|
|五粮液|000858.SZ|2023-09-08|6285.1|6284.97|23.55|21.95|5.4|5.4|25.73|18.55|8.5|8.03|1.87|2.34|148.33|6287.12|5361.54|14.88|
|新乳业|002946.SZ|2023-09-08|126.93|124.04|35.11|31.03|5.27|5.27|12.28|9.67|1.27|1.21|0.51|0.58|134.75|166.72|161.19|15.75|
|有友食品|603697.SH|2023-09-08|37.77|37.77|24.59|21.83|2.1|2.1|18.94|54.59|3.69|3.72|5.32|3.72|-129.32|37.79|36.64|17.38|
|五粮液|000858.SZ|2023-09-07|6330.9|6330.77|23.72|22.11|5.44|5.44|25.91|18.69|8.56|8.09|1.85|2.32|149.41|6332.92|5407.35|15|
|新乳业|002946.SZ|2023-09-07|128.57|125.65|35.57|31.43|5.34|5.34|12.44|9.8|1.28|1.22|0.51|0.57|136.49|168.36|162.83|15.91|
|有友食品|603697.SH|2023-09-07|38.15|38.15|24.84|22.06|2.12|2.12|19.13|55.14|3.72|3.75|5.27|3.68|-130.64|38.17|37.02|17.56|
|五粮液|000858.SZ|2023-09-06|6431.44|6431.3|24.1|22.47|5.53|5.53|26.32|18.99|8.69|8.22|1.82|2.28|151.79|6433.45|5507.88|15.28|
|新乳业|002946.SZ|2023-09-06|130.82|127.85|36.19|31.98|5.44|5.44|12.66|9.97|1.31|1.24|0.5|0.56|138.88|170.61|165.08|16.13|
|有友食品|603697.SH|2023-09-06|38.66|38.66|25.17|22.35|2.15|2.15|19.39|55.89|3.77|3.81|5.2|3.63|-132.39|38.68|37.54|17.8|
|五粮液|000858.SZ|2023-09-05|6432.6|6432.46|24.1|22.47|5.53|5.53|26.33|18.99|8.7|8.22|1.82|2.28|151.81|6434.62|5509.04|15.29|
|新乳业|002946.SZ|2023-09-05|131.26|128.27|36.31|32.09|5.45|5.45|12.7|10|1.31|1.25|0.5|0.56|139.34|171.05|165.52|16.17|
|有友食品|603697.SH|2023-09-05|38.83|38.83|25.28|22.45|2.16|2.16|19.48|56.13|3.79|3.82|5.17|3.62|-132.98|38.86|37.71|17.88|
|五粮液|000858.SZ|2023-09-04|6518.38|6518.25|24.42|22.77|5.6|5.6|26.68|19.24|8.81|8.33|1.8|2.25|153.84|6520.4|5594.83|15.52|
|新乳业|002946.SZ|2023-09-04|133.51|130.47|36.93|32.64|5.55|5.55|12.92|10.17|1.33|1.27|0.49|0.55|141.73|173.3|167.77|16.39|
|有友食品|603697.SH|2023-09-04|38.96|38.96|25.37|22.53|2.17|2.17|19.54|56.32|3.8|3.83|5.16|3.61|-133.42|38.98|37.84|17.95|
|五粮液|000858.SZ|2023-09-01|6200.48|6200.35|23.23|21.66|5.33|5.33|25.38|18.3|8.38|7.92|1.89|2.37|146.34|6202.5|5276.92|14.64|
|新乳业|002946.SZ|2023-09-01|131.86|128.86|36.48|32.24|5.48|5.48|12.76|10.05|1.32|1.25|0.49|0.56|139.99|171.65|166.12|16.23|
|有友食品|603697.SH|2023-09-01|37.98|37.98|24.73|21.96|2.11|2.11|19.05|54.9|3.71|3.74|5.29|3.7|-130.05|38|36.85|17.48|
|五粮液|000858.SZ|2023-08-31|6051.82|6051.69|22.67|21.14|5.2|5.2|24.77|17.87|8.18|7.73|1.94|2.43|142.83|6053.83|5128.26|14.23|
|新乳业|002946.SZ|2023-08-31|129.09|126.15|35.71|31.56|5.36|5.36|12.49|9.84|1.29|1.23|0.5|0.57|137.05|168.88|163.35|15.96|
|有友食品|603697.SH|2023-08-31|37.29|37.29|24.28|21.56|2.07|2.07|18.7|53.91|3.64|3.67|5.39|3.77|-127.71|37.32|36.17|17.15|
|五粮液|000858.SZ|2023-08-30|6125.95|6125.82|22.95|21.4|5.26|5.26|25.07|18.08|8.28|7.83|1.92|2.4|144.58|6127.97|5202.4|14.43|
|新乳业|002946.SZ|2023-08-30|128.14|125.22|35.45|31.33|5.33|5.33|12.4|9.76|1.28|1.22|0.51|0.57|136.04|167.93|162.4|15.87|
|有友食品|603697.SH|2023-08-30|37.81|37.81|24.61|21.86|2.1|2.1|18.96|54.65|3.69|3.72|5.31|3.72|-129.46|37.83|36.68|17.4|
|五粮液|000858.SZ|2023-08-29|6187.28|6187.15|23.18|21.61|5.32|5.32|25.33|18.27|8.36|7.91|1.9|2.37|146.02|6189.3|5263.73|14.6|
|新乳业|002946.SZ|2023-08-29|125.11|122.26|34.61|30.58|5.2|5.2|12.1|9.53|1.25|1.19|0.52|0.59|132.82|164.9|159.37|15.57|
|有友食品|603697.SH|2023-08-29|37.64|37.64|24.5|21.76|2.09|2.09|18.88|54.4|3.67|3.7|5.34|3.73|-128.88|37.66|36.51|17.32|
|五粮液|000858.SZ|2023-08-28|6113.14|6113.02|22.9|21.35|5.25|5.25|25.02|18.05|8.26|7.81|1.92|2.4|144.27|6115.16|5189.59|14.4|
|新乳业|002946.SZ|2023-08-28|117.58|114.9|32.52|31.01|4.88|4.98|11.37|10.35|1.18|1.15|0.55|0.63|127.81|162.32|155.67|15.21|
|有友食品|603697.SH|2023-08-28|37|37|24.09|21.39|2.06|2.06|18.55|53.47|3.61|3.64|5.43|3.8|-126.68|37.02|35.87|17.01|
|五粮液|000858.SZ|2023-08-25|6270.74|6270.61|23.49|22.07|4.95|5.6|25.67|16.78|8.48|8.09|1.87|2.34|146.18|6273.7|5262.41|14.6|
|新乳业|002946.SZ|2023-08-25|117.49|114.82|32.5|30.99|4.87|4.98|11.37|10.34|1.17|1.15|0.55|0.63|127.72|162.23|155.59|15.2|
|有友食品|603697.SH|2023-08-25|37|37|24.09|21.39|2.06|2.06|18.55|53.47|3.61|3.64|5.43|3.8|-126.68|37.02|35.87|17.01|
|五粮液|000858.SZ|2023-08-24|6298.3|6298.16|23.6|22.17|4.98|5.63|25.78|16.85|8.51|8.12|1.86|2.33|146.82|6301.26|5289.97|14.68|
|新乳业|002946.SZ|2023-08-24|120.95|118.2|33.46|31.9|5.02|5.13|11.7|10.64|1.21|1.18|0.54|0.61|131.48|165.7|159.05|15.54|
|有友食品|603697.SH|2023-08-24|37.55|37.55|24.45|21.71|2.09|2.09|18.83|54.28|3.67|3.7|5.35|3.74|-128.59|37.57|36.42|17.28|
|五粮液|000858.SZ|2023-08-23|6210.96|6210.83|23.27|21.86|4.91|5.55|25.42|16.62|8.4|8.01|1.89|2.36|144.78|6213.92|5202.64|14.44|
|新乳业|002946.SZ|2023-08-23|118.44|115.75|32.76|31.24|4.91|5.02|11.46|10.42|1.18|1.16|0.55|0.62|128.75|163.19|156.54|15.3|
|有友食品|603697.SH|2023-08-23|36.7|36.7|23.89|21.22|2.04|2.04|18.4|53.04|3.58|3.61|5.47|3.83|-125.66|36.72|35.57|16.87|
|五粮液|000858.SZ|2023-08-22|6294.03|6293.89|23.58|22.15|4.97|5.63|25.76|16.84|8.51|8.12|1.86|2.33|146.72|6296.99|5285.7|14.67|
|新乳业|002946.SZ|2023-08-22|121.04|118.28|33.48|31.93|5.02|5.13|11.71|10.65|1.21|1.19|0.54|0.61|131.57|165.78|159.14|15.55|
|有友食品|603697.SH|2023-08-22|37.59|37.59|24.48|21.74|2.09|2.09|18.85|54.34|3.67|3.7|5.34|3.74|-128.73|37.62|36.47|17.3|
|五粮液|000858.SZ|2023-08-21|6287.04|6286.91|23.56|22.13|4.97|5.62|25.73|16.82|8.5|8.11|1.87|2.33|146.56|6290|5278.72|14.65|
|新乳业|002946.SZ|2023-08-21|121.04|118.28|33.48|31.93|5.02|5.13|11.71|10.65|1.21|1.19|0.54|0.61|131.57|165.78|159.14|15.55|
|有友食品|603697.SH|2023-08-21|37.94|37.94|24.7|21.93|2.11|2.11|19.03|54.83|3.7|3.73|5.3|3.7|-129.9|37.96|36.81|17.46|
|五粮液|000858.SZ|2023-08-18|6347.59|6347.46|23.78|22.34|5.02|5.67|25.98|16.99|8.58|8.18|1.85|2.31|147.97|6350.55|5339.27|14.81|
|新乳业|002946.SZ|2023-08-18|123.03|120.23|34.03|32.45|5.1|5.21|11.9|10.83|1.23|1.2|0.53|0.6|133.74|167.77|161.13|15.74|
|有友食品|603697.SH|2023-08-18|39.73|39.73|25.87|22.12|2.08|2.28|19.93|25.84|3.88|4.01|5.06|3.54|4231.27|39.75|35.53|16.85|
|五粮液|000858.SZ|2023-08-17|6538.18|6538.04|24.5|23.01|5.17|5.84|26.76|17.5|8.84|8.43|1.79|2.25|152.41|6541.14|5529.86|15.34|
|新乳业|002946.SZ|2023-08-17|123.9|121.08|34.27|32.68|5.14|5.25|11.99|10.9|1.24|1.21|0.53|0.59|134.68|168.64|161.99|15.83|
|有友食品|603697.SH|2023-08-17|40.59|40.59|26.42|22.6|2.13|2.33|20.36|26.39|3.96|4.1|4.95|3.46|4322.36|40.61|36.38|17.26|
|五粮液|000858.SZ|2023-08-16|6470.64|6470.5|24.24|22.78|5.11|5.78|26.49|17.32|8.75|8.34|1.81|2.27|150.84|6473.6|5462.32|15.16|
|新乳业|002946.SZ|2023-08-16|121.47|118.71|33.6|32.04|5.04|5.15|11.75|10.69|1.21|1.19|0.54|0.61|132.04|166.22|159.57|15.59|
|有友食品|603697.SH|2023-08-16|40.12|40.12|26.12|22.34|2.1|2.3|20.12|26.09|3.92|4.05|5.01|3.5|4272.26|40.14|35.91|17.03|
|五粮液|000858.SZ|2023-08-15|6462.88|6462.74|24.21|22.75|5.11|5.78|26.45|17.3|8.74|8.33|1.82|2.27|150.65|6465.84|5454.55|15.13|
|新乳业|002946.SZ|2023-08-15|121.91|119.13|33.72|32.15|5.06|5.17|11.79|10.73|1.22|1.19|0.53|0.6|132.52|166.65|160|15.63|
|有友食品|603697.SH|2023-08-15|40.29|40.29|26.23|22.43|2.11|2.31|20.21|26.2|3.93|4.06|4.99|3.49|4290.48|40.31|36.08|17.11|
|五粮液|000858.SZ|2023-08-14|6545.17|6545.03|24.52|23.04|5.17|5.85|26.79|17.52|8.85|8.44|1.79|2.24|152.57|6548.13|5536.84|15.36|
|新乳业|002946.SZ|2023-08-14|126.58|123.7|35.02|33.39|5.25|5.37|12.25|11.14|1.26|1.24|0.51|0.58|137.6|171.32|164.68|16.09|
|有友食品|603697.SH|2023-08-14|40.76|40.76|26.54|22.69|2.14|2.34|20.44|26.51|3.98|4.11|4.93|3.45|4340.58|40.78|36.55|17.34|
|五粮液|000858.SZ|2023-08-11|6690.34|6690.2|25.07|23.55|5.29|5.98|27.38|17.9|9.04|8.63|1.75|2.19|155.96|6693.3|5682.01|15.77|
|新乳业|002946.SZ|2023-08-11|128.57|125.65|35.57|33.91|5.33|5.45|12.44|11.32|1.28|1.26|0.51|0.57|139.76|173.32|166.67|16.29|
|有友食品|603697.SH|2023-08-11|40.63|40.63|26.45|22.62|2.13|2.33|20.38|26.42|3.97|4.1|4.94|3.46|4326.92|40.65|36.43|17.28|
|五粮液|000858.SZ|2023-08-10|6843.66|6843.52|25.64|24.09|5.41|6.12|28.01|18.31|9.25|8.82|1.71|2.15|159.53|6846.62|5835.34|16.19|
|新乳业|002946.SZ|2023-08-10|133.08|130.05|36.81|35.1|5.52|5.64|12.87|11.71|1.33|1.3|0.49|0.55|144.66|177.82|171.17|16.73|
|有友食品|603697.SH|2023-08-10|41.66|41.66|27.12|23.19|2.18|2.39|20.89|27.09|4.07|4.2|4.82|3.37|4436.23|41.68|37.45|17.76|
|五粮液|000858.SZ|2023-08-09|6877.43|6877.29|25.77|24.21|5.43|6.15|28.15|18.4|9.3|8.87|1.71|2.13|160.32|6880.39|5869.11|16.28|
|新乳业|002946.SZ|2023-08-09|132.99|129.96|36.79|35.08|5.51|5.64|12.87|11.7|1.33|1.3|0.49|0.55|144.56|177.73|171.08|16.72|
|有友食品|603697.SH|2023-08-09|41.49|41.49|27.01|23.1|2.18|2.38|20.81|26.98|4.05|4.19|4.84|3.39|4418.01|41.51|37.28|17.68|
|五粮液|000858.SZ|2023-08-08|6865.79|6865.64|25.72|24.17|5.42|6.14|28.1|18.37|9.28|8.85|1.71|2.14|160.05|6868.75|5857.46|16.25|
|新乳业|002946.SZ|2023-08-08|135.85|132.75|37.58|35.83|5.63|5.76|13.14|11.96|1.36|1.33|0.48|0.54|147.67|180.59|173.94|17|
|有友食品|603697.SH|2023-08-08|41.96|41.96|27.32|23.36|2.2|2.4|21.04|27.28|4.1|4.23|4.79|3.35|4468.11|41.98|37.75|17.91|
|五粮液|000858.SZ|2023-08-07|6882.48|6882.33|25.79|24.23|5.44|6.15|28.17|18.42|9.3|8.87|1.7|2.13|160.44|6885.44|5874.15|16.3|
|新乳业|002946.SZ|2023-08-07|134.37|131.31|37.17|35.44|5.57|5.7|13|11.83|1.34|1.32|0.48|0.55|146.07|179.12|172.47|16.85|
|有友食品|603697.SH|2023-08-07|41.74|41.74|27.18|23.24|2.19|2.39|20.94|27.15|4.07|4.21|4.81|3.37|4445.34|41.76|37.54|17.8|
|五粮液|000858.SZ|2023-08-04|6958.95|6958.8|26.07|24.49|5.5|6.22|28.48|18.62|9.41|8.97|1.69|2.11|162.22|6961.91|5950.62|16.51|
|新乳业|002946.SZ|2023-08-04|135.41|132.33|37.46|35.72|5.62|5.74|13.1|11.92|1.35|1.33|0.48|0.54|147.2|180.16|173.51|16.95|
|有友食品|603697.SH|2023-08-04|42.43|42.43|27.62|23.62|2.22|2.43|21.28|27.59|4.14|4.28|4.73|3.31|4518.21|42.45|38.22|18.13|
|五粮液|000858.SZ|2023-08-03|6932.55|6932.41|25.97|24.4|5.48|6.2|28.38|18.55|9.37|8.94|1.69|2.12|161.6|6935.51|5924.23|16.44|
|新乳业|002946.SZ|2023-08-03|136.54|133.43|37.77|36.01|5.66|5.79|13.21|12.02|1.36|1.34|0.48|0.54|148.42|181.28|174.63|17.06|
|有友食品|603697.SH|2023-08-03|43.24|43.24|28.15|24.07|2.27|2.48|21.69|28.12|4.22|4.36|4.65|3.25|4604.75|43.26|39.03|18.51|
|五粮液|000858.SZ|2023-08-02|6908.49|6908.34|25.88|24.32|5.46|6.17|28.28|18.49|9.34|8.91|1.7|2.12|161.04|6911.44|5900.16|16.37|
|新乳业|002946.SZ|2023-08-02|135.24|132.16|37.41|35.67|5.61|5.73|13.08|11.9|1.35|1.32|0.48|0.54|147.01|179.98|173.33|16.94|
|有友食品|603697.SH|2023-08-02|42.17|42.17|27.45|23.48|2.21|2.42|21.15|27.42|4.12|4.25|4.76|3.33|4490.89|42.19|37.97|18.01|
|五粮液|000858.SZ|2023-08-01|6982.24|6982.09|26.16|24.58|5.52|6.24|28.58|18.69|9.44|9|1.68|2.1|162.76|6985.19|5973.91|16.58|
|新乳业|002946.SZ|2023-08-01|137.06|133.94|37.91|36.15|5.68|5.81|13.26|12.06|1.37|1.34|0.47|0.54|148.99|181.8|175.15|17.11|
|有友食品|603697.SH|2023-08-01|42.3|42.3|27.54|23.55|2.22|2.42|21.21|27.51|4.13|4.27|4.75|3.32|4504.55|42.32|38.09|18.07|
|五粮液|000858.SZ|2023-07-31|7025.71|7025.56|26.32|24.73|5.55|6.28|28.76|18.8|9.5|9.06|1.67|2.09|163.77|7028.67|6017.39|16.7|
|新乳业|002946.SZ|2023-07-31|135.85|132.75|37.58|35.83|5.63|5.76|13.14|11.96|1.36|1.33|0.48|0.54|147.67|180.59|173.94|17|
|有友食品|603697.SH|2023-07-31|42|42|27.34|23.38|2.2|2.41|21.06|27.31|4.1|4.24|4.78|3.35|4472.67|42.02|37.79|17.93|
|五粮液|000858.SZ|2023-07-28|7032.7|7032.55|26.35|24.75|5.56|6.29|28.79|18.82|9.51|9.07|1.67|2.09|163.94|7035.66|6024.37|16.72|
|新乳业|002946.SZ|2023-07-28|132.47|129.45|36.64|34.94|5.49|5.61|12.81|11.66|1.32|1.3|0.49|0.56|144|177.21|170.56|16.67|
|有友食品|603697.SH|2023-07-28|41.87|41.87|27.26|23.31|2.2|2.4|21|27.23|4.09|4.22|4.8|3.36|4459|41.89|37.67|17.86|
|五粮液|000858.SZ|2023-07-27|6927.12|6926.97|25.95|24.38|5.47|6.19|28.35|18.54|9.36|8.93|1.69|2.12|161.48|6930.08|5918.79|16.42|
|新乳业|002946.SZ|2023-07-27|127.71|124.8|35.33|33.68|5.3|5.41|12.35|11.24|1.28|1.25|0.51|0.58|138.82|172.45|165.8|16.2|
|有友食品|603697.SH|2023-07-27|41.02|41.02|26.7|22.84|2.15|2.35|20.57|26.67|4|4.14|4.9|3.43|4367.91|41.04|36.81|17.46|
|五粮液|000858.SZ|2023-07-26|6901.5|6901.35|25.86|24.29|5.45|6.17|28.25|18.47|9.33|8.9|1.7|2.13|160.88|6904.46|5893.17|16.35|
|新乳业|002946.SZ|2023-07-26|126.58|123.7|35.02|33.39|5.25|5.37|12.25|11.14|1.26|1.24|0.51|0.58|137.6|171.32|164.68|16.09|
|有友食品|603697.SH|2023-07-26|41.1|41.1|26.76|22.88|2.16|2.35|20.61|26.73|4.01|4.15|4.89|3.42|4377.02|41.12|36.9|17.5|
|五粮液|000858.SZ|2023-07-25|6967.49|6967.34|26.1|24.52|5.5|6.23|28.52|18.65|9.42|8.98|1.68|2.11|162.42|6970.44|5959.16|16.53|
|新乳业|002946.SZ|2023-07-25|126.75|123.87|35.06|33.43|5.26|5.37|12.26|11.16|1.27|1.24|0.51|0.58|137.79|171.5|164.85|16.11|
|有友食品|603697.SH|2023-07-25|41.14|41.14|26.79|22.91|2.16|2.36|20.64|26.76|4.02|4.15|4.88|3.42|4381.57|41.17|36.94|17.52|
|五粮液|000858.SZ|2023-07-24|6573.89|6573.75|24.63|23.14|5.19|5.88|26.91|17.59|8.89|8.48|1.78|2.23|153.24|6576.85|5565.57|15.44|
|新乳业|002946.SZ|2023-07-24|125.98|123.11|34.85|33.23|5.22|5.34|12.19|11.09|1.26|1.23|0.52|0.58|136.94|170.72|164.07|16.03|
|有友食品|603697.SH|2023-07-24|40.8|40.8|26.56|22.72|2.14|2.34|20.46|26.53|3.98|4.12|4.92|3.44|4345.14|40.82|36.6|17.36|
|五粮液|000858.SZ|2023-07-21|6648.03|6647.89|24.91|23.4|5.25|5.94|27.21|17.79|8.99|8.57|1.76|2.21|154.97|6650.99|5639.71|15.65|
|新乳业|002946.SZ|2023-07-21|130.04|127.08|35.97|34.3|5.39|5.51|12.58|11.44|1.3|1.27|0.5|0.57|141.36|174.79|168.14|16.43|
|有友食品|603697.SH|2023-07-21|41.32|41.32|26.9|23|2.17|2.37|20.72|26.87|4.03|4.17|4.86|3.4|4399.79|41.34|37.11|17.6|
|五粮液|000858.SZ|2023-07-20|6542.84|6542.7|24.51|23.03|5.17|5.85|26.78|17.51|8.85|8.44|1.79|2.24|152.52|6545.8|5534.51|15.36|
|新乳业|002946.SZ|2023-07-20|125.89|123.02|34.82|33.2|5.22|5.34|12.18|11.08|1.26|1.23|0.52|0.59|136.84|170.63|163.98|16.02|
|有友食品|603697.SH|2023-07-20|40.29|40.29|26.23|22.43|2.11|2.31|20.21|26.2|3.93|4.06|4.99|3.49|4290.48|40.31|36.08|17.11|
|五粮液|000858.SZ|2023-07-19|6533.52|6533.38|24.48|23|5.16|5.84|26.74|17.48|8.83|8.42|1.8|2.25|152.3|6536.48|5525.2|15.33|
|新乳业|002946.SZ|2023-07-19|124.5|121.67|34.44|32.84|5.16|5.28|12.04|10.96|1.24|1.22|0.52|0.59|135.34|169.25|162.6|15.89|
|有友食品|603697.SH|2023-07-19|39.52|39.52|25.73|22|2.07|2.26|19.82|25.7|3.86|3.99|5.08|3.56|4208.5|39.54|35.31|16.75|
|五粮液|000858.SZ|2023-07-18|6536.63|6536.49|24.49|23.01|5.16|5.84|26.76|17.49|8.84|8.43|1.8|2.25|152.37|6539.59|5528.3|15.34|
|新乳业|002946.SZ|2023-07-18|124.09|121.16|34.33|32.73|5.15|5.24|12|10.92|1.24|1.22|0.52|0.59|134.89|168.84|162.19|15.85|
|有友食品|603697.SH|2023-07-18|39.69|39.69|25.84|22.1|2.08|2.27|19.91|25.81|3.87|4|5.06|3.54|4226.72|39.71|35.48|16.83|
|五粮液|000858.SZ|2023-07-17|6585.54|6585.4|24.67|23.18|5.2|5.89|26.96|17.62|8.9|8.49|1.78|2.23|153.51|6588.49|5577.21|15.47|
|新乳业|002946.SZ|2023-07-17|125.13|122.18|34.61|33.01|5.19|5.29|12.11|11.01|1.25|1.23|0.52|0.59|136.02|169.88|163.23|15.95|
|有友食品|603697.SH|2023-07-17|39.22|39.22|25.53|21.84|2.06|2.25|19.67|25.5|3.83|3.96|5.12|3.58|4176.61|39.24|35.01|16.61|
|五粮液|000858.SZ|2023-07-14|6675.98|6675.84|25.01|23.5|5.27|5.97|27.33|17.87|9.03|8.61|1.76|2.2|155.62|6678.94|5667.65|15.73|
|新乳业|002946.SZ|2023-07-14|125.57|122.6|34.73|33.12|5.21|5.31|12.15|11.05|1.25|1.23|0.52|0.59|136.5|170.31|163.66|15.99|
|有友食品|603697.SH|2023-07-14|39.43|39.43|25.67|21.95|2.07|2.26|19.78|25.64|3.85|3.98|5.09|3.56|4199.39|39.45|35.23|16.71|
|五粮液|000858.SZ|2023-07-13|6701.6|6701.45|25.11|23.59|5.29|5.99|27.43|17.93|9.06|8.64|1.75|2.19|156.22|6704.55|5693.27|15.8|
|新乳业|002946.SZ|2023-07-13|126.17|123.19|34.9|33.28|5.23|5.33|12.21|11.1|1.26|1.24|0.52|0.58|137.15|170.92|164.27|16.05|
|有友食品|603697.SH|2023-07-13|39.65|39.65|25.81|22.07|2.08|2.27|19.88|25.78|3.87|4|5.07|3.54|4222.16|39.67|35.44|16.81|
|五粮液|000858.SZ|2023-07-12|6422.51|6422.37|24.06|22.61|5.07|5.74|26.29|17.19|8.68|8.28|1.83|2.29|149.71|6425.47|5414.18|15.02|
|新乳业|002946.SZ|2023-07-12|125.91|122.94|34.83|33.21|5.22|5.32|12.18|11.08|1.26|1.23|0.52|0.58|136.87|170.66|164.01|16.03|
|有友食品|603697.SH|2023-07-12|39.3|39.3|25.59|21.88|2.06|2.25|19.71|25.56|3.84|3.97|5.11|3.58|4185.72|39.33|35.1|16.65|
|五粮液|000858.SZ|2023-07-11|6410.09|6409.95|24.02|22.56|5.06|5.73|26.24|17.15|8.67|8.26|1.83|2.29|149.42|6413.05|5401.76|14.99|
|新乳业|002946.SZ|2023-07-11|125.83|122.85|34.81|33.19|5.22|5.32|12.17|11.07|1.26|1.23|0.52|0.59|136.78|170.57|163.92|16.02|
|有友食品|603697.SH|2023-07-11|39.56|39.56|25.76|22.03|2.07|2.27|19.84|25.73|3.86|3.99|5.08|3.55|4213.05|39.58|35.36|16.77|
|五粮液|000858.SZ|2023-07-10|6389.13|6388.99|23.94|22.49|5.05|5.71|26.15|17.1|8.64|8.24|1.84|2.3|148.94|6392.09|5380.8|14.93|
|新乳业|002946.SZ|2023-07-10|126.69|123.7|35.05|33.42|5.25|5.35|12.26|11.15|1.27|1.24|0.51|0.58|137.72|171.44|164.79|16.1|
|有友食品|603697.SH|2023-07-10|39.9|39.9|25.98|22.22|2.09|2.29|20.01|25.95|3.9|4.03|5.03|3.52|4249.49|39.92|35.7|16.93|
|五粮液|000858.SZ|2023-07-07|6352.64|6352.51|23.8|22.36|5.02|5.68|26|17|8.59|8.19|1.85|2.31|148.08|6355.6|5344.31|14.83|
|新乳业|002946.SZ|2023-07-07|125.65|122.68|34.76|33.14|5.21|5.31|12.16|11.06|1.26|1.23|0.52|0.59|136.59|170.4|163.75|16|
|有友食品|603697.SH|2023-07-07|39.65|39.65|25.81|22.07|2.08|2.27|19.88|25.78|3.87|4|5.07|3.54|4222.16|39.67|35.44|16.81|
|五粮液|000858.SZ|2023-07-06|6377.48|6377.35|23.89|22.45|5.04|5.7|26.1|17.07|8.62|8.22|1.84|2.3|148.66|6380.44|5369.16|14.9|
|新乳业|002946.SZ|2023-07-06|125.31|122.35|34.66|33.05|5.2|5.29|12.12|11.03|1.25|1.23|0.52|0.59|136.21|170.05|163.4|15.97|
|有友食品|603697.SH|2023-07-06|39.52|39.52|25.73|22|2.07|2.26|19.82|25.7|3.86|3.99|5.08|3.56|4208.5|39.54|35.31|16.75|
|五粮液|000858.SZ|2023-07-05|6419.4|6419.27|24.05|22.6|5.07|5.74|26.28|17.18|8.68|8.28|1.83|2.29|149.64|6422.36|5411.08|15.01|
|新乳业|002946.SZ|2023-07-05|126.17|123.19|34.9|33.28|5.23|5.33|12.21|11.1|1.26|1.24|0.52|0.58|137.15|170.92|164.27|16.05|
|有友食品|603697.SH|2023-07-05|40.37|40.37|26.29|22.48|2.12|2.31|20.25|26.26|3.94|4.07|4.98|3.48|4299.59|40.4|36.17|17.15|
|五粮液|000858.SZ|2023-07-04|6529.64|6529.5|24.46|22.98|5.16|5.84|26.73|17.47|8.83|8.42|1.8|2.25|152.21|6532.6|5521.32|15.32|
|新乳业|002946.SZ|2023-07-04|126.95|123.95|35.12|33.49|5.26|5.36|12.28|11.17|1.27|1.24|0.51|0.58|138|171.7|165.05|16.13|
|有友食品|603697.SH|2023-07-04|40.33|40.33|26.26|22.45|2.12|2.31|20.23|26.23|3.94|4.07|4.98|3.48|4295.03|40.35|36.13|17.13|
|五粮液|000858.SZ|2023-07-03|6496.26|6496.12|24.34|22.87|5.13|5.81|26.59|17.38|8.78|8.38|1.81|2.26|151.43|6499.22|5487.93|15.23|
|新乳业|002946.SZ|2023-07-03|128.08|125.1|35.43|33.78|5.31|5.41|12.39|11.27|1.28|1.25|0.51|0.58|139.23|172.82|166.18|16.24|
|有友食品|603697.SH|2023-07-03|39.9|39.9|25.98|22.22|2.09|2.29|20.01|25.95|3.9|4.03|5.03|3.52|4249.49|39.92|35.7|16.93|
|五粮液|000858.SZ|2023-06-30|6349.15|6349.01|23.79|22.35|5.02|5.67|25.99|16.99|8.58|8.19|1.85|2.31|148|6352.1|5340.82|14.82|
|新乳业|002946.SZ|2023-06-30|124.35|121.46|34.4|32.8|5.16|5.25|12.03|10.94|1.24|1.22|0.52|0.59|135.18|169.1|162.45|15.87|
|有友食品|603697.SH|2023-06-30|39.22|39.22|25.53|21.84|2.06|2.25|19.67|25.5|3.83|3.96|5.12|3.58|4176.61|39.24|35.01|16.61|
|五粮液|000858.SZ|2023-06-29|6358.46|6358.33|23.82|22.38|5.02|5.68|26.03|17.02|8.6|8.2|1.85|2.31|148.22|6361.42|5350.14|14.84|
|新乳业|002946.SZ|2023-06-29|123.23|120.36|34.09|32.5|5.11|5.21|11.92|10.84|1.23|1.21|0.53|0.6|133.95|167.97|161.32|15.76|
|有友食品|603697.SH|2023-06-29|38.32|38.32|24.95|21.34|2.01|2.2|19.22|24.92|3.74|3.87|5.24|3.67|4080.97|38.34|34.12|16.18|
|五粮液|000858.SZ|2023-06-28|6469.48|6469.34|24.24|22.77|5.11|5.78|26.48|17.31|8.75|8.34|1.81|2.27|150.81|6472.43|5461.15|15.15|
|新乳业|002946.SZ|2023-06-28|128.51|125.52|35.55|33.9|5.33|5.43|12.43|11.31|1.28|1.26|0.51|0.57|139.7|173.26|166.61|16.28|
|有友食品|603697.SH|2023-06-28|38.92|38.92|25.34|21.67|2.04|2.23|19.52|25.31|3.8|3.93|5.16|3.61|4144.73|38.94|34.72|16.46|
|五粮液|000858.SZ|2023-06-27|6448.13|6447.99|24.16|22.7|5.09|5.76|26.39|17.26|8.72|8.31|1.82|2.28|150.31|6451.09|5439.8|15.09|
|新乳业|002946.SZ|2023-06-27|129.21|126.2|35.74|34.08|5.36|5.46|12.5|11.37|1.29|1.27|0.5|0.57|140.45|173.95|167.3|16.35|
|有友食品|603697.SH|2023-06-27|38.54|38.54|25.09|21.45|2.02|2.21|19.33|25.06|3.76|3.89|5.21|3.65|4103.74|38.56|34.33|16.28|
|五粮液|000858.SZ|2023-06-26|6469.09|6468.95|24.24|22.77|5.11|5.11|26.48|17.31|8.75|8.34|1.81|1.81|150.8|6472.05|5460.76|15.15|
|新乳业|002946.SZ|2023-06-26|129.21|126.2|35.74|34.08|5.36|5.46|12.5|11.37|1.29|1.27|0.5|0.57|140.45|173.95|167.3|16.35|
|有友食品|603697.SH|2023-06-26|38.49|38.49|25.06|21.43|2.02|2.21|19.3|25.03|3.76|3.88|5.22|3.65|4099.19|38.51|34.29|16.26|
|五粮液|000858.SZ|2023-06-21|6653.08|6652.94|24.93|23.42|5.26|5.26|27.23|17.8|8.99|8.58|1.76|1.76|155.09|6656.03|5644.75|15.66|
|新乳业|002946.SZ|2023-06-21|135.01|131.87|37.35|35.61|5.6|5.7|13.06|11.88|1.35|1.32|0.48|0.55|146.76|179.76|173.11|16.91|
|有友食品|603697.SH|2023-06-21|39.39|39.39|25.64|21.93|2.07|2.26|19.76|25.62|3.85|3.97|5.1|3.57|4194.83|39.41|35.19|16.69|
|五粮液|000858.SZ|2023-06-20|6754.39|6754.24|25.31|23.77|5.34|5.34|27.65|18.08|9.13|8.71|1.74|1.74|157.45|6757.34|5746.06|15.94|
|新乳业|002946.SZ|2023-06-20|135.36|132.21|37.44|35.7|5.61|5.72|13.09|11.91|1.35|1.33|0.48|0.54|147.14|180.1|173.46|16.95|
|有友食品|603697.SH|2023-06-20|39.95|39.95|26.01|22.24|2.09|2.29|20.03|25.98|3.9|4.03|5.03|3.52|4254.04|39.97|35.74|16.95|
|五粮液|000858.SZ|2023-06-19|6891.41|6891.26|25.82|24.26|5.44|5.44|28.21|18.44|9.32|8.89|1.7|1.7|160.64|6894.37|5883.08|16.32|
|新乳业|002946.SZ|2023-06-19|137.96|134.75|38.16|36.39|5.72|5.65|13.35|12.14|1.38|1.35|0.47||149.97|182.7|176.05|17.2|
|有友食品|603697.SH|2023-06-19|40.07|40.07|26.09|22.31|2.1|2.3|20.1|26.06|3.91|4.04|5.01|3.51|4267.71|40.1|35.87|17.01|
|五粮液|000858.SZ|2023-06-16|7145.26|7145.11|26.77|25.15|5.65|5.65|29.25|19.12|9.66|9.21|1.64|1.64|166.56|7148.22|6136.94|17.03|
|新乳业|002946.SZ|2023-06-16|141.95|138.64|39.27|37.44|5.89|5.82|13.73|12.49|1.42|1.39|0.46||154.3|186.69|180.04|17.59|
|有友食品|603697.SH|2023-06-16|40.76|40.76|26.54|22.69|2.14|2.34|20.44|26.51|3.98|4.11|4.93|3.45|4340.58|40.78|36.55|17.34|
|五粮液|000858.SZ|2023-06-15|7064.53|7064.38|26.47|24.87|5.58|5.58|28.92|18.91|9.55|9.11|1.66|1.66|164.68|7067.48|6056.2|16.8|
|新乳业|002946.SZ|2023-06-15|141.69|138.39|39.19|37.37|5.88|5.81|13.71|12.47|1.42|1.39|0.46||154.02|186.43|179.78|17.57|
|有友食品|603697.SH|2023-06-15|41.61|41.61|27.09|23.17|2.18|2.38|20.87|27.06|4.06|4.2|4.83|3.38|4431.67|41.64|37.41|17.74|
|五粮液|000858.SZ|2023-06-14|6896.84|6896.7|25.84|24.28|5.45|5.45|28.23|18.46|9.32|8.89|1.7|1.7|160.77|6899.8|5888.52|16.34|
|新乳业|002946.SZ|2023-06-14|139.52|136.27|38.59|36.8|5.79|5.72|13.5|12.28|1.39|1.37|0.47|0.47|151.66|184.26|177.61|17.36|
|有友食品|603697.SH|2023-06-14|41.91|41.91|27.29|23.34|2.2|2.4|21.02|27.26|4.09|4.23|4.79|3.35|4463.56|41.93|37.71|17.88|
|五粮液|000858.SZ|2023-06-13|6718.29|6718.15|25.17|23.65|5.31|5.31|27.5|17.98|9.08|8.66|1.75|1.75|156.61|6721.25|5709.96|15.84|
|新乳业|002946.SZ|2023-06-13|137.61|134.41|38.07|36.3|5.71|5.64|13.31|12.11|1.38|1.35|0.47|0.47|149.59|182.36|175.71|17.17|
|有友食品|603697.SH|2023-06-13|40.46|40.46|26.34|22.53|2.12|2.32|20.29|26.31|3.95|4.08|4.96|3.47|4308.7|40.48|36.25|17.2|
|五粮液|000858.SZ|2023-06-12|6614.65|6614.51|24.78|23.28|5.23|5.23|27.07|17.7|8.94|8.53|1.77|1.77|154.19|6617.61|5606.32|15.56|
|新乳业|002946.SZ|2023-06-12|140.99|137.71|39|37.19|5.85|5.78|13.64|12.41|1.41|1.38|0.46|0.46|153.26|185.74|179.09|17.5|
|有友食品|603697.SH|2023-06-12|40.5|40.5|26.37|22.55|2.12|2.32|20.31|26.34|3.95|4.09|4.96|3.47|4313.25|40.52|36.3|17.22|
|五粮液|000858.SZ|2023-06-09|6388.74|6388.6|23.94|22.49|5.05|5.05|26.15|17.1|8.64|8.24|1.84|1.84|148.93|6391.7|5380.41|14.93|
|新乳业|002946.SZ|2023-06-09|135.97|132.8|37.61|35.86|5.64|5.57|13.15|11.97|1.36|1.33|0.48|0.48|147.8|180.71|174.06|17.01|
|有友食品|603697.SH|2023-06-09|38.28|38.28|24.92|21.31|2.01|2.19|19.2|24.89|3.74|3.86|5.25|3.67|4076.41|38.3|34.07|16.16|
|五粮液|000858.SZ|2023-06-08|6397.67|6397.53|23.97|22.52|5.05|5.05|26.19|17.12|8.65|8.25|1.83|1.83|149.13|6400.62|5389.34|14.95|
|新乳业|002946.SZ|2023-06-08|139.35|136.1|38.55|36.75|5.78|5.71|13.48|12.26|1.39|1.36|0.47|0.47|151.47|184.09|177.44|17.34|
|有友食品|603697.SH|2023-06-08|38.58|38.58|25.12|21.48|2.02|2.21|19.35|25.09|3.77|3.89|5.21|3.64|4108.29|38.6|34.37|16.3|
|五粮液|000858.SZ|2023-06-07|6365.84|6365.7|23.85|22.41|5.03|5.03|26.06|17.04|8.61|8.21|1.84|1.84|148.39|6368.8|5357.51|14.87|
|新乳业|002946.SZ|2023-06-07|140.99|137.71|39|37.19|5.85|5.78|13.64|12.41|1.41|1.38|0.46|0.46|153.26|185.74|179.09|17.5|
|有友食品|603697.SH|2023-06-07|38.62|38.62|25.14|21.5|2.03|2.21|19.37|25.12|3.77|3.9|5.2|3.64|4112.85|38.64|34.42|16.32|
|五粮液|000858.SZ|2023-06-06|6428.72|6428.58|24.09|22.63|5.08|5.08|26.31|17.2|8.69|8.29|1.83|1.83|149.86|6431.68|5420.39|15.04|
|新乳业|002946.SZ|2023-06-06|144.2|140.84|39.89|38.03|5.98|5.91|13.95|12.69|1.44|1.41|0.45|0.45|156.75|188.94|182.29|17.81|
|有友食品|603697.SH|2023-06-06|38.49|38.49|25.06|21.43|2.02|2.21|19.3|25.03|3.76|3.88|5.22|3.65|4099.19|38.51|34.29|16.26|
|五粮液|000858.SZ|2023-06-05|6412.42|6412.28|24.02|22.57|5.07|5.07|26.25|17.16|8.67|8.27|1.83|1.83|149.48|6415.37|5404.09|14.99|
|新乳业|002946.SZ|2023-06-05|145.24|141.86|40.18|38.31|6.02|5.95|14.05|12.78|1.45|1.42|0.45|0.45|157.88|189.98|183.33|17.91|
|有友食品|603697.SH|2023-06-05|39.26|39.26|25.56|21.86|2.06|2.25|19.69|25.53|3.83|3.96|5.12|3.58|4181.17|39.28|35.06|16.63|
|五粮液|000858.SZ|2023-06-02|6517.22|6517.08|24.42|22.94|5.15|5.15|26.68|17.44|8.81|8.4|1.8|1.8|151.92|6520.18|5508.89|15.29|
|新乳业|002946.SZ|2023-06-02|147.84|144.4|40.9|38.99|6.13|6.06|14.3|13.01|1.48|1.45|0.44|0.44|160.7|192.58|185.93|18.17|
|有友食品|603697.SH|2023-06-02|39.35|39.35|25.62|21.91|2.06|2.25|19.73|25.59|3.84|3.97|5.11|3.57|4190.28|39.37|35.14|16.67|
|五粮液|000858.SZ|2023-06-01|6339.44|6339.31|23.75|22.31|5.01|5.01|25.95|16.96|8.57|8.17|1.85|1.85|147.78|6342.4|5331.12|14.79|
|新乳业|002946.SZ|2023-06-01|143.42|140.08|39.67|37.83|5.95|5.88|13.87|12.62|1.43|1.4|0.45|0.45|155.9|188.16|181.51|17.74|
|有友食品|603697.SH|2023-06-01|39.86|39.86|25.95|22.19|2.09|2.28|19.99|25.92|3.89|4.02|5.04|3.53|4244.93|39.88|35.66|16.91|
|五粮液|000858.SZ|2023-05-31|6256.38|6256.24|23.44|22.02|4.94|4.94|25.61|16.74|8.46|8.07|1.88|1.88|145.84|6259.33|5248.05|14.56|
|新乳业|002946.SZ|2023-05-31|135.27|132.12|37.42|35.68|5.61|5.54|13.09|11.9|1.35|1.32|0.48|0.48|147.05|180.02|173.37|16.94|
|有友食品|603697.SH|2023-05-31|38.28|38.28|24.92|21.31|2.01|2.19|19.2|24.89|3.74|3.86|5.25|3.67|4076.41|38.3|34.07|16.16|
|五粮液|000858.SZ|2023-05-30|6411.25|6411.12|24.02|22.57|5.07|5.07|26.24|17.16|8.67|8.27|1.83|1.83|149.45|6414.21|5402.93|14.99|
|新乳业|002946.SZ|2023-05-30|133.97|130.85|37.06|35.34|5.56|5.49|12.96|11.79|1.34|1.31|0.49|0.49|145.63|178.72|172.07|16.81|
|有友食品|603697.SH|2023-05-30|39.18|39.18|25.51|21.81|2.05|2.24|19.65|25.48|3.82|3.95|5.13|3.59|4172.06|39.2|34.97|16.59|
|五粮液|000858.SZ|2023-05-29|6531.19|6531.06|24.47|22.99|5.16|5.16|26.73|17.48|8.83|8.42|1.8|1.8|152.25|6534.15|5522.87|15.32|
|新乳业|002946.SZ|2023-05-29|136.75|133.56|37.83|36.07|5.67|5.6|13.23|12.03|1.37|1.34|0.48|0.48|148.65|181.49|174.84|17.08|
|有友食品|603697.SH|2023-05-29|38.02|38.02|24.75|21.17|1.99|2.18|19.07|24.73|3.71|3.84|5.28|3.7|4049.08|38.04|33.82|16.04|
|五粮液|000858.SZ|2023-05-26|6602.62|6602.48|24.74|23.24|5.22|5.22|27.03|17.67|8.93|8.51|1.78|1.78|153.91|6605.57|5594.29|15.52|
|新乳业|002946.SZ|2023-05-26|137.96|134.75|38.16|36.39|5.72|5.65|13.35|12.14|1.38|1.35|0.47|0.47|149.97|182.7|176.05|17.2|
|有友食品|603697.SH|2023-05-26|38.41|38.41|25|21.38|2.01|2.2|19.26|24.98|3.75|3.88|5.23|3.66|4090.08|38.43|34.2|16.22|
|五粮液|000858.SZ|2023-05-25|6528.86|6528.73|24.46|22.98|5.16|5.16|26.72|17.47|8.83|8.42|1.8|1.8|152.19|6531.82|5520.54|15.32|
|新乳业|002946.SZ|2023-05-25|137.09|133.9|37.92|36.16|5.68|5.62|13.26|12.07|1.37|1.34|0.47|0.47|149.02|181.84|175.19|17.12|
|有友食品|603697.SH|2023-05-25|38.79|38.79|25.25|21.6|2.03|2.22|19.46|25.23|3.79|3.91|5.18|3.62|4131.07|38.81|34.59|16.4|
|五粮液|000858.SZ|2023-05-24|6612.32|6612.18|24.77|23.27|5.22|5.22|27.07|17.7|8.94|8.53|1.77|1.77|154.14|6615.28|5603.99|15.55|
|新乳业|002946.SZ|2023-05-24|140.13|136.86|38.76|36.96|5.81|5.74|13.56|12.33|1.4|1.37|0.46|0.46|152.32|184.87|178.22|17.41|
|有友食品|603697.SH|2023-05-24|39.48|39.48|25.7|21.98|2.07|2.26|19.8|25.67|3.85|3.98|5.09|3.56|4203.94|39.5|35.27|16.73|
|五粮液|000858.SZ|2023-05-23|6754|6753.86|25.3|23.77|5.34|5.34|27.64|18.07|9.13|8.71|1.74|1.74|157.44|6756.96|5745.67|15.94|
|新乳业|002946.SZ|2023-05-23|144.11|140.76|39.86|38.01|5.98|5.91|13.94|12.68|1.44|1.41|0.45|0.45|156.65|188.86|182.21|17.8|
|有友食品|603697.SH|2023-05-23|40.16|40.16|26.15|22.36|2.11|2.3|20.14|26.12|3.92|4.05|5|3.5|4276.82|40.18|35.96|17.05|
|五粮液|000858.SZ|2023-05-22|6894.12|6893.98|25.83|24.27|5.45|5.45|28.22|18.45|9.32|8.89|1.7|1.7|160.71|6897.08|5885.8|16.33|
|新乳业|002946.SZ|2023-05-22|145.15|141.6|40.15|38.29|6.02|6.02|14.04|12.77|1.45|1.42|0.45|0.45|157.78|189.9|183.25|17.91|
|有友食品|603697.SH|2023-05-22|40.33|40.33|26.26|22.45|2.12|2.31|20.23|26.23|3.94|4.07|4.98|3.48|4295.03|40.35|36.13|17.13|
|五粮液|000858.SZ|2023-05-19|6629.79|6629.65|24.84|23.34|5.24|5.24|27.14|17.74|8.96|8.55|1.77|1.77|154.55|6632.74|5621.46|15.6|
|新乳业|002946.SZ|2023-05-19|139.52|136.1|38.59|36.8|5.79|5.79|13.5|12.28|1.39|1.37|0.47|0.47|151.66|184.26|177.61|17.36|
|有友食品|603697.SH|2023-05-19|38.54|38.54|25.09|21.45|2.02|2.21|19.33|25.06|3.76|3.89|5.21|3.65|4103.74|38.56|34.33|16.28|
|五粮液|000858.SZ|2023-05-18|6546.72|6546.58|24.53|23.04|5.17|5.17|26.8|17.52|8.85|8.44|1.79|1.79|152.61|6549.68|5538.4|15.37|
|新乳业|002946.SZ|2023-05-18|133.37|130.1|36.89|35.18|5.53|5.53|12.9|11.74|1.33|1.31|0.49|0.49|144.97|178.11|171.46|16.75|
|有友食品|603697.SH|2023-05-18|37.59|37.59|24.48|20.93|1.97|2.15|18.85|24.45|3.67|3.79|5.34|3.74|4003.54|37.62|33.39|15.84|
|五粮液|000858.SZ|2023-05-17|6573.11|6572.98|24.63|23.14|5.19|5.19|26.9|17.59|8.89|8.47|1.79|1.79|153.22|6576.07|5564.79|15.44|
|新乳业|002946.SZ|2023-05-17|136.05|132.72|37.64|35.89|5.64|5.64|13.16|11.97|1.36|1.33|0.48|0.48|147.89|180.8|174.15|17.02|
|有友食品|603697.SH|2023-05-17|38.24|38.24|24.89|21.29|2.01|2.19|19.18|24.87|3.73|3.86|5.25|3.68|4071.86|38.26|34.03|16.14|
|五粮液|000858.SZ|2023-05-16|6617.75|6617.61|24.79|23.29|5.23|5.23|27.09|17.71|8.95|8.53|1.77|1.77|154.26|6620.71|5609.43|15.56|
|新乳业|002946.SZ|2023-05-16|137.35|133.99|37.99|36.23|5.7|5.7|13.29|12.09|1.37|1.35|0.47|0.47|149.31|182.1|175.45|17.14|
|有友食品|603697.SH|2023-05-16|38.28|38.28|24.92|21.31|2.01|2.19|19.2|24.89|3.74|3.86|5.25|3.67|4076.41|38.3|34.07|16.16|
|五粮液|000858.SZ|2023-05-15|6693.44|6693.3|25.08|23.56|5.29|5.29|27.4|17.91|9.05|8.63|1.75|1.75|156.03|6696.4|5685.12|15.77|
|新乳业|002946.SZ|2023-05-15|138.48|135.09|38.31|36.53|5.74|5.74|13.4|12.19|1.38|1.36|0.47|0.47|150.53|183.22|176.57|17.25|
|有友食品|603697.SH|2023-05-15|38.71|38.71|25.2|21.55|2.03|2.22|19.41|25.17|3.78|3.91|5.19|3.63|4121.96|38.73|34.5|16.36|
|五粮液|000858.SZ|2023-05-12|6574.28|6574.14|24.63|23.14|5.19|5.19|26.91|17.59|8.89|8.48|1.78|1.78|153.25|6577.24|5565.95|15.44|
|新乳业|002946.SZ|2023-05-12|140.73|137.29|38.93|37.12|5.84|5.84|13.61|12.39|1.41|1.38|0.46|0.46|152.98|185.48|178.83|17.47|
|有友食品|603697.SH|2023-05-12|39.48|39.48|25.7|21.98|2.07|2.26|19.8|25.67|3.85|3.98|5.09|3.56|4203.94|39.5|35.27|16.73|
|五粮液|000858.SZ|2023-05-11|6698.49|6698.35|25.1|23.58|5.29|5.29|27.42|17.93|9.06|8.64|1.75|1.75|156.15|6701.45|5690.17|15.79|
|新乳业|002946.SZ|2023-05-11|139.43|136.02|38.57|36.78|5.78|5.78|13.49|12.27|1.39|1.37|0.47|0.47|151.57|184.18|177.53|17.35|
|有友食品|603697.SH|2023-05-11|40.6|40.6|26.43|22.6|2.13|2.15|20.36|26.4|3.96|4.1|4.95|4.95|4323.66|40.62|36.4|17.26|
|五粮液|000858.SZ|2023-05-10|6727.6|6727.46|25.21|23.68|5.32|5.32|27.54|18|9.1|8.67|1.74|1.74|156.83|6730.56|5719.28|15.87|
|新乳业|002946.SZ|2023-05-10|142.38|138.89|39.39|37.55|5.9|5.9|13.77|12.53|1.42|1.39|0.46|0.46|154.77|187.12|180.47|17.63|
|有友食品|603697.SH|2023-05-10|41.76|41.76|27.19|23.25|2.19|2.21|20.94|27.16|4.08|4.21|4.81|4.81|4447.29|41.78|37.56|17.81|
|五粮液|000858.SZ|2023-05-09|6783.89|6783.74|25.42|23.88|5.36|5.36|27.77|18.15|9.17|8.75|1.73|1.73|158.14|6786.84|5775.56|16.02|
|新乳业|002946.SZ|2023-05-09|143.42|139.91|39.67|37.83|5.95|5.95|13.87|12.62|1.43|1.4|0.45|0.45|155.9|188.16|181.51|17.74|
|有友食品|603697.SH|2023-05-09|40.75|40.75|26.53|22.69|2.14|2.16|20.44|26.5|3.98|4.11|4.93|4.93|4339.93|40.77|36.55|17.33|
|五粮液|000858.SZ|2023-05-08|6653.08|6652.94|24.93|23.42|5.26|5.26|27.23|17.8|8.99|8.58|1.76|1.76|155.09|6656.03|5644.75|15.66|
|新乳业|002946.SZ|2023-05-08|146.28|142.7|40.46|38.58|6.07|6.07|14.15|12.87|1.46|1.43|0.44|0.44|159.01|191.02|184.37|18.02|
|有友食品|603697.SH|2023-05-08|41.82|41.82|27.23|23.28|2.19|2.22|20.98|27.2|4.08|4.22|4.8|4.8|4453.8|41.84|37.62|17.84|
|五粮液|000858.SZ|2023-05-05|6742.74|6742.6|25.26|23.73|5.33|5.33|27.6|18.04|9.12|8.69|1.74|1.74|157.18|6745.7|5734.42|15.91|
|新乳业|002946.SZ|2023-05-05|149.14|145.49|41.25|39.34|6.18|6.18|14.43|13.13|1.49|1.46|0.44|0.44|162.12|193.88|187.23|18.3|
|有友食品|603697.SH|2023-05-05|42.52|42.52|27.69|23.68|2.23|2.25|21.33|27.65|4.15|4.29|4.72|4.72|4528.62|42.55|38.32|18.17|
|五粮液|000858.SZ|2023-05-04|6557.98|6557.84|24.57|23.08|5.18|5.18|26.84|17.55|8.87|8.46|1.79|1.79|152.87|6560.93|5549.65|15.4|
|新乳业|002946.SZ|2023-05-04|149.4|145.74|41.33|39.41|6.2|6.2|14.45|13.15|1.49|1.46|0.44|0.44|162.4|194.14|187.49|18.32|
|有友食品|603697.SH|2023-05-04|42.83|42.83|27.88|23.85|2.25|2.27|21.48|27.85|4.18|4.32|4.69|4.69|4561.16|42.85|38.63|18.32|
|五粮液|000858.SZ|2023-04-28|6559.92|6559.64|28.06|25.19|6.11|6.11|24.5|29.6|9.91|9.08|1.79|1.79|151.93|6563.75|5770.49|18.24|
|新乳业|002946.SZ|2023-04-28|143.42|139.91|39.67|37.83|5.95|5.95|13.87|12.62|1.43|1.4|0.45|0.45|155.9|188.16|181.51|17.74|
|有友食品|603697.SH|2023-04-28|43.01|43.01|28|23.95|2.26|2.28|21.57|27.97|4.2|4.34|4.67|4.67|4580.68|43.03|38.81|18.41|
|五粮液|000858.SZ|2023-04-27|6566.52|6566.24|28.09|25.22|6.12|6.12|24.52|29.63|9.92|9.09|1.79|1.79|152.08|6570.34|5777.09|18.26|
|新乳业|002946.SZ|2023-04-27|143.94|140.42|39.82|37.97|5.97|5.97|13.92|12.67|1.44|1.41|0.45|0.45|156.47|188.68|182.03|17.79|
|有友食品|603697.SH|2023-04-27|41.79|41.79|27.21|23.27|2.19|2.22|20.96|27.18|4.08|4.22|4.81|4.81|4450.54|41.81|37.59|17.83|
|五粮液|000858.SZ|2023-04-26|6544.78|6544.5|28|25.13|6.1|6.1|24.44|29.53|9.88|9.06|1.79|1.79|151.58|6548.61|5755.35|18.19|
|新乳业|002946.SZ|2023-04-26|145.67|142.11|40.3|38.42|6.04|6.04|14.09|12.82|1.46|1.43|0.45|0.45|158.35|190.42|183.77|17.96|
|有友食品|603697.SH|2023-04-26|41.49|41.49|27.01|23.1|2.18|2.2|20.81|26.98|4.05|4.19|4.84|4.84|4418.01|41.51|37.28|17.68|
|五粮液|000858.SZ|2023-04-25|6590.97|6590.69|28.19|25.31|6.14|6.14|24.62|29.74|9.95|9.12|1.78|1.78|152.65|6594.8|5801.54|18.34|
|新乳业|002946.SZ|2023-04-25|152.78|149.04|48.93|41.69|6.06|6.06|14.76|16.23|1.7|1.56|0.43|0.43|305.99|197.71|192.5|21.32|
|有友食品|603697.SH|2023-04-25|39.35|39.35|25.62|21.91|2.06|2.09|19.73|25.59|3.84|3.97|5.11|5.11|4190.28|39.37|35.14|16.67|
|五粮液|000858.SZ|2023-04-24|6521.1|6520.83|27.9|25.04|6.08|6.08|24.36|29.42|9.85|9.02|1.8|1.8|151.03|6524.93|5731.67|18.12|
|新乳业|002946.SZ|2023-04-24|144.2|140.67|46.18|39.35|5.72|5.72|13.93|15.32|1.61|1.47|0.45|0.45|288.81|189.13|183.92|20.37|
|有友食品|603697.SH|2023-04-24|40.6|40.6|26.43|22.6|2.13|2.15|20.36|26.4|3.96|4.1|4.95|4.95|4323.66|40.62|36.4|17.26|
|五粮液|000858.SZ|2023-04-21|6676.37|6676.09|28.56|25.64|6.22|6.22|24.94|30.12|10.08|9.24|1.76|1.76|154.62|6680.19|5886.94|18.61|
|新乳业|002946.SZ|2023-04-21|147.32|143.71|47.18|40.2|5.84|5.85|14.23|15.65|1.64|1.5|0.44|0.44|295.06|192.25|187.04|20.71|
|有友食品|603697.SH|2023-04-21|42.04|42.04|27.37|27.37|2.26|2.29|21.08|21.08|4.1|4.1|4.78|4.78|-507.45|42.06|39.38|18.68|
|五粮液|000858.SZ|2023-04-20|6734.59|6734.31|28.81|25.86|6.28|6.28|25.15|30.39|10.17|9.32|1.74|1.74|155.97|6738.42|5945.16|18.79|
|新乳业|002946.SZ|2023-04-20|144.72|141.18|46.35|39.49|5.74|5.74|13.98|15.37|1.61|1.48|0.45|0.45|289.85|189.65|184.44|20.43|
|有友食品|603697.SH|2023-04-20|42.62|42.62|27.75|27.75|2.29|2.32|21.37|21.37|4.16|4.16|4.71|4.71|-514.46|42.64|39.96|18.95|
|五粮液|000858.SZ|2023-04-19|6842.89|6842.6|29.27|26.28|6.38|6.38|25.56|30.88|10.34|9.47|1.71|1.71|158.48|6846.71|6053.46|19.14|
|新乳业|002946.SZ|2023-04-19|144.63|141.09|46.32|39.47|5.74|5.74|13.97|15.36|1.61|1.48|0.45|0.45|289.68|189.56|184.35|20.42|
|有友食品|603697.SH|2023-04-19|43.72|43.72|28.46|28.46|2.35|2.38|21.93|21.93|4.27|4.27|4.6|4.6|-527.73|43.74|41.06|19.47|
|五粮液|000858.SZ|2023-04-18|6921.68|6921.39|29.61|26.58|6.45|6.45|25.85|31.23|10.45|9.58|1.7|1.7|160.3|6925.51|6132.25|19.38|
|新乳业|002946.SZ|2023-04-18|146.45|142.87|46.9|39.97|5.81|5.81|14.15|15.56|1.63|1.49|0.44|0.44|293.32|191.38|186.17|20.62|
|有友食品|603697.SH|2023-04-18|43.44|43.44|28.28|28.28|2.34|2.37|21.79|21.79|4.24|4.24|4.62|4.62|-524.41|43.46|40.78|19.34|
|五粮液|000858.SZ|2023-04-17|6916.25|6915.96|29.59|26.56|6.44|6.44|25.83|31.21|10.45|9.57|1.7|1.7|160.18|6920.08|6126.82|19.37|
|新乳业|002946.SZ|2023-04-17|139.52|136.1|44.68|38.07|5.53|5.54|13.48|14.82|1.56|1.42|0.47|0.47|279.44|184.45|179.24|19.85|
|有友食品|603697.SH|2023-04-17|42.95|42.95|27.96|27.96|2.31|2.34|21.54|21.54|4.19|4.19|4.68|4.68|-518.51|42.97|40.29|19.11|
|五粮液|000858.SZ|2023-04-14|6815.72|6815.43|29.16|26.18|6.35|6.35|25.46|30.75|10.29|9.43|1.72|1.72|157.85|6819.54|6026.28|19.05|
|新乳业|002946.SZ|2023-04-14|137.27|133.91|43.96|37.46|5.44|5.45|13.26|14.58|1.53|1.4|0.47|0.47|274.92|182.2|176.98|19.6|
|有友食品|603697.SH|2023-04-14|42.72|42.34|27.81|27.81|2.3|2.3|21.42|21.42|4.17|4.17|4.7|4.7|-515.7|42.74|40.06|19|
|五粮液|000858.SZ|2023-04-13|6904.6|6904.31|29.54|26.52|6.43|6.43|25.79|31.15|10.43|9.55|1.7|1.7|159.91|6908.43|6115.17|19.33|
|新乳业|002946.SZ|2023-04-13|137.61|134.24|44.07|37.55|5.46|5.46|13.3|14.62|1.53|1.4|0.47|0.47|275.62|182.54|177.33|19.64|
|有友食品|603697.SH|2023-04-13|44.26|43.87|28.82|28.82|2.38|2.38|22.2|22.2|4.32|4.32|4.54|4.54|-534.3|44.28|41.6|19.73|
|五粮液|000858.SZ|2023-04-12|6824.64|6824.36|29.19|26.21|6.36|6.36|25.49|30.79|10.31|9.44|1.72|1.72|158.06|6828.47|6035.21|19.08|
|新乳业|002946.SZ|2023-04-12|133.54|130.27|42.77|36.44|5.3|5.3|12.9|14.18|1.49|1.36|0.49|0.49|267.46|178.47|173.26|19.19|
|有友食品|603697.SH|2023-04-12|43.8|43.41|28.51|28.51|2.36|2.36|21.97|21.97|4.28|4.28|4.59|4.59|-528.72|43.82|41.14|19.51|
|五粮液|000858.SZ|2023-04-11|7007.47|7007.17|29.98|26.91|6.53|6.53|26.17|31.62|10.58|9.7|1.67|1.67|162.29|7011.29|6218.04|19.66|
|新乳业|002946.SZ|2023-04-11|135.62|132.3|43.43|37.01|5.38|5.38|13.1|14.41|1.51|1.38|0.48|0.48|271.63|180.55|175.34|19.42|
|有友食品|603697.SH|2023-04-11|43.83|43.44|28.53|28.53|2.36|2.36|21.98|21.98|4.28|4.28|4.58|4.58|-529.09|43.85|41.17|19.53|
|五粮液|000858.SZ|2023-04-10|7167.39|7167.09|30.66|27.53|6.68|6.68|26.77|32.34|10.83|9.92|1.64|1.64|166|7171.22|6377.96|20.16|
|新乳业|002946.SZ|2023-04-10|133.19|129.93|42.66|36.35|5.28|5.29|12.87|14.15|1.49|1.36|0.49|0.49|266.77|178.12|172.91|19.15|
|有友食品|603697.SH|2023-04-10|43.83|43.44|28.53|28.53|2.36|2.36|21.98|21.98|4.28|4.28|4.58|4.58|-529.09|43.85|41.17|19.53|
|五粮液|000858.SZ|2023-04-07|7338.57|7338.26|31.39|28.18|6.84|6.84|27.41|33.11|11.08|10.15|1.6|1.6|169.96|7342.4|6549.14|20.7|
|新乳业|002946.SZ|2023-04-07|137.79|134.41|44.13|37.6|5.46|5.47|13.31|14.64|1.54|1.41|0.47|0.47|275.97|182.72|177.5|19.66|
|有友食品|603697.SH|2023-04-07|43.46|43.07|28.29|28.29|2.34|2.34|21.8|21.8|4.24|4.24|4.62|4.62|-524.63|43.48|40.8|19.35|
|五粮液|000858.SZ|2023-04-06|7396.02|7395.71|31.64|28.4|6.89|6.89|27.62|33.37|11.17|10.23|1.59|1.59|171.29|7399.84|6606.59|20.88|
|新乳业|002946.SZ|2023-04-06|135.36|132.05|43.35|36.94|5.37|5.37|13.08|14.38|1.51|1.38|0.48|0.48|271.11|180.29|175.08|19.39|
|有友食品|603697.SH|2023-04-06|43.61|43.23|28.39|28.39|2.35|2.35|21.87|21.87|4.26|4.26|4.61|4.61|-526.49|43.63|40.95|19.42|
|五粮液|000858.SZ|2023-04-04|7613.77|7613.45|32.57|29.24|7.09|7.09|28.44|34.35|11.5|10.54|1.54|1.54|176.33|7617.6|6824.34|21.57|
|新乳业|002946.SZ|2023-04-04|137.79|134.41|44.13|37.6|5.46|5.47|13.31|14.64|1.54|1.41|0.47|0.47|275.97|182.72|177.5|19.66|
|有友食品|603697.SH|2023-04-04|43.64|43.26|28.41|28.41|2.35|2.35|21.89|21.89|4.26|4.26|4.6|4.6|-526.86|43.66|40.98|19.44|
|五粮液|000858.SZ|2023-04-03|7576.51|7576.19|32.41|29.1|7.06|7.06|28.3|34.19|11.44|10.48|1.55|1.55|175.47|7580.34|6787.08|21.45|
|新乳业|002946.SZ|2023-04-03|137.61|134.15|44.07|37.55|5.46|5.46|13.3|14.62|1.53|1.4|0.47|0.47|275.62|182.54|177.33|19.64|
|有友食品|603697.SH|2023-04-03|44.08|43.69|28.69|28.69|2.37|2.37|22.11|22.11|4.3|4.3|4.56|4.56|-532.07|44.1|41.41|19.64|
|五粮液|000858.SZ|2023-03-31|7646.77|7646.45|32.71|29.37|7.12|7.12|28.56|34.5|11.55|10.58|1.53|1.53|177.1|7650.6|6857.34|21.68|
|新乳业|002946.SZ|2023-03-31|140.82|137.28|45.1|38.43|5.58|5.59|13.6|14.96|1.57|1.44|0.46|0.46|282.04|185.75|180.54|19.99|
|有友食品|603697.SH|2023-03-31|45.15|44.75|29.4|29.4|2.43|2.43|22.65|22.65|4.41|4.41|4.45|4.45|-545.09|45.18|42.49|20.15|
|五粮液|000858.SZ|2023-03-30|7700.72|7700.4|32.94|29.57|7.18|7.18|28.76|34.75|11.63|10.66|1.52|1.52|178.35|7704.55|6911.29|21.85|
|新乳业|002946.SZ|2023-03-30|141.69|138.12|45.37|38.67|5.62|5.62|13.69|15.05|1.58|1.45|0.46|0.46|283.78|186.62|181.4|20.09|
|有友食品|603697.SH|2023-03-30|41.33|40.97|18.8|29.07|2.28|2.28|16.69|18.66|3.39|4.01|4.86|4.86|-324.11|41.35|40.1|14.12|
|五粮液|000858.SZ|2023-03-29|7580|7579.69|32.42|29.11|7.06|7.06|28.31|34.2|11.45|10.49|1.55|1.55|175.55|7583.83|6790.57|21.46|
|新乳业|002946.SZ|2023-03-29|143.16|139.56|45.85|39.07|5.68|5.68|13.83|15.21|1.6|1.46|0.45|0.45|286.73|188.09|182.88|20.25|
|有友食品|603697.SH|2023-03-29|40.78|40.42|18.55|28.68|2.25|2.25|16.47|18.41|3.34|3.96|4.93|4.93|-319.76|40.8|39.55|13.92|
|五粮液|000858.SZ|2023-03-28|7472.1|7471.78|31.96|28.7|6.96|6.96|27.91|33.72|11.29|10.34|1.57|1.57|173.05|7475.92|6682.66|21.12|
|新乳业|002946.SZ|2023-03-28|141.43|137.87|45.29|38.59|5.61|5.61|13.66|15.02|1.58|1.44|0.46|0.46|283.25|186.36|181.14|20.06|
|有友食品|603697.SH|2023-03-28|41.39|41.03|18.83|29.12|2.28|2.28|16.72|18.69|3.39|4.02|4.85|4.85|-324.59|41.41|40.17|14.14|
|五粮液|000858.SZ|2023-03-27|7390.97|7390.66|31.62|28.38|6.89|6.89|27.6|33.35|11.16|10.23|1.59|1.59|171.17|7394.8|6601.54|20.87|
|新乳业|002946.SZ|2023-03-27|141.34|137.79|45.26|38.57|5.61|5.61|13.66|15.01|1.58|1.44|0.46|0.46|283.08|186.27|181.06|20.05|
|有友食品|603697.SH|2023-03-27|41.18|40.81|18.73|28.97|2.27|2.27|16.63|18.6|3.38|4|4.88|4.88|-322.9|41.2|39.95|14.07|
|五粮液|000858.SZ|2023-03-24|7492.28|7491.97|32.05|28.77|6.98|6.98|27.98|33.81|11.32|10.37|1.57|1.57|173.52|7496.11|6702.85|21.19|
|新乳业|002946.SZ|2023-03-24|137.18|133.73|43.93|37.44|5.44|5.44|13.25|14.57|1.53|1.4|0.47|0.47|274.75|182.11|176.9|19.59|
|有友食品|603697.SH|2023-03-24|41.89|41.52|19.05|29.46|2.31|2.31|16.92|18.92|3.43|4.07|4.8|4.8|-328.46|41.91|40.66|14.32|
|五粮液|000858.SZ|2023-03-23|7552.83|7552.52|32.31|29.01|7.04|7.04|28.21|34.08|11.41|10.45|1.55|1.55|174.92|7556.66|6763.4|21.38|
|新乳业|002946.SZ|2023-03-23|139.69|136.18|44.74|38.12|5.54|5.54|13.5|14.84|1.56|1.43|0.47|0.47|279.78|184.62|179.41|19.87|
|有友食品|603697.SH|2023-03-23|41.46|41.09|18.86|29.16|2.28|2.29|16.74|18.72|3.4|4.02|4.85|4.85|-325.08|41.48|40.23|14.16|
|五粮液|000858.SZ|2023-03-22|7443.76|7443.45|31.84|28.59|6.94|6.94|27.8|33.59|11.24|10.3|1.58|1.58|172.4|7447.59|6654.33|21.03|
|新乳业|002946.SZ|2023-03-22|134.58|131.2|43.1|36.73|5.34|5.34|13|14.3|1.5|1.37|0.48|0.48|269.54|179.51|174.3|19.3|
|有友食品|603697.SH|2023-03-22|42.01|41.64|19.11|29.55|2.32|2.32|16.97|18.97|3.44|4.08|4.78|4.78|-329.43|42.03|40.78|14.36|
|五粮液|000858.SZ|2023-03-21|7462|7461.69|31.92|28.66|6.95|6.95|27.87|33.67|11.27|10.33|1.57|1.57|172.82|7465.83|6672.57|21.09|
|新乳业|002946.SZ|2023-03-21|136.66|133.22|43.77|37.29|5.42|5.42|13.2|14.52|1.52|1.39|0.48|0.48|273.71|181.59|176.38|19.53|
|有友食品|603697.SH|2023-03-21|41.64|41.27|18.94|29.29|2.29|2.3|16.82|18.8|3.41|4.04|4.82|4.82|-326.53|41.66|40.41|14.23|
|五粮液|000858.SZ|2023-03-20|7215.91|7215.61|30.87|27.71|6.72|6.72|26.95|32.56|10.9|9.98|1.63|1.63|167.12|7219.74|6426.48|20.31|
|新乳业|002946.SZ|2023-03-20|132.41|129.08|42.41|36.13|5.25|5.26|12.79|14.07|1.48|1.35|0.49|0.49|265.2|177.34|172.13|19.06|
|有友食品|603697.SH|2023-03-20|41.12|40.75|18.7|28.92|2.27|2.27|16.61|18.57|3.37|3.99|4.89|4.89|-322.42|41.14|39.89|14.04|
|五粮液|000858.SZ|2023-03-17|7316.83|7316.52|31.3|28.1|6.82|6.82|27.33|33.01|11.05|10.12|1.6|1.6|169.46|7320.66|6527.4|20.63|
|新乳业|002946.SZ|2023-03-17|135.62|132.21|43.43|37.01|5.38|5.38|13.1|14.41|1.51|1.38|0.48|0.48|271.63|180.55|175.34|19.42|
|有友食品|603697.SH|2023-03-17|42.23|41.85|19.21|29.7|2.33|2.33|17.06|19.07|3.46|4.1|4.76|4.76|-331.12|42.25|41|14.43|
|五粮液|000858.SZ|2023-03-16|7421.63|7421.32|31.75|28.5|6.92|6.92|27.72|33.49|11.21|10.27|1.58|1.58|171.88|7425.46|6632.2|20.96|
|新乳业|002946.SZ|2023-03-16|136.49|133.06|43.71|37.25|5.41|5.42|13.19|14.5|1.52|1.39|0.48|0.48|273.36|181.42|176.2|19.51|
|有友食品|603697.SH|2023-03-16|41.92|41.55|19.07|29.49|2.31|2.31|16.93|18.93|3.44|4.07|4.79|4.79|-328.7|41.94|40.69|14.33|
|五粮液|000858.SZ|2023-03-15|7465.11|7464.8|31.93|28.67|6.96|6.96|27.88|33.68|11.28|10.33|1.57|1.57|172.89|7468.94|6675.68|21.1|
|新乳业|002946.SZ|2023-03-15|141.51|137.96|45.32|38.62|5.61|5.62|13.67|15.03|1.58|1.44|0.46|0.46|283.43|186.44|181.23|20.07|
|有友食品|603697.SH|2023-03-15|42.72|42.34|19.43|30.05|2.35|2.36|17.25|19.29|3.5|4.15|4.7|4.7|-334.99|42.74|41.49|14.61|
|五粮液|000858.SZ|2023-03-14|7580|7579.69|32.42|29.11|7.06|7.06|28.31|34.2|11.45|10.49|1.55|1.55|175.55|7583.83|6790.57|21.46|
|新乳业|002946.SZ|2023-03-14|137.01|133.56|43.88|37.39|5.43|5.44|13.24|14.55|1.53|1.4|0.47|0.47|274.4|181.94|176.72|19.57|
|有友食品|603697.SH|2023-03-14|42.26|41.88|19.22|29.72|2.33|2.33|17.07|19.08|3.46|4.1|4.75|4.75|-331.36|42.28|41.03|14.45|
|五粮液|000858.SZ|2023-03-13|7708.87|7708.55|32.98|29.61|7.18|7.18|28.79|34.78|11.64|10.67|1.52|1.52|178.54|7712.7|6919.44|21.87|
|新乳业|002946.SZ|2023-03-13|140.3|136.77|44.93|38.29|5.56|5.57|13.55|14.9|1.56|1.43|0.46|0.46|281|185.23|180.02|19.94|
|有友食品|603697.SH|2023-03-13|43.77|43.38|19.91|30.79|2.41|2.41|17.68|19.76|3.59|4.25|4.59|4.59|-343.2|43.79|42.54|14.98|
|五粮液|000858.SZ|2023-03-10|7578.45|7578.13|32.42|29.1|7.06|7.06|28.3|34.19|11.45|10.49|1.55|1.55|175.52|7582.28|6789.02|21.46|
|新乳业|002946.SZ|2023-03-10|142.29|138.72|45.57|38.83|5.64|5.65|13.75|15.11|1.59|1.45|0.46|0.46|284.99|187.22|182.01|20.16|
|有友食品|603697.SH|2023-03-10|43.06|42.68|19.59|30.29|2.37|2.37|17.39|19.44|3.53|4.18|4.67|4.67|-337.64|43.08|41.83|14.73|
|五粮液|000858.SZ|2023-03-09|7685.58|7685.26|32.88|29.52|7.16|7.16|28.7|34.68|11.61|10.63|1.53|1.53|178|7689.41|6896.15|21.8|
|新乳业|002946.SZ|2023-03-09|138.57|135.08|44.38|37.81|5.5|5.5|13.39|14.72|1.55|1.41|0.47|0.47|277.53|183.5|178.28|19.74|
|有友食品|603697.SH|2023-03-09|44.08|43.69|20.05|31|2.43|2.43|17.8|19.9|3.61|4.28|4.56|4.56|-345.62|44.1|42.85|15.09|
|五粮液|000858.SZ|2023-03-08|7736.04|7735.72|33.09|29.71|7.21|7.21|28.89|34.91|11.68|10.7|1.52|1.52|179.16|7739.87|6946.61|21.96|
|新乳业|002946.SZ|2023-03-08|138.39|134.91|44.32|37.77|5.49|5.49|13.37|14.7|1.54|1.41|0.47|0.47|277.18|183.32|178.11|19.73|
|有友食品|603697.SH|2023-03-08|44.94|44.54|20.44|31.61|2.48|2.48|18.15|20.29|3.68|4.36|4.47|4.47|-352.39|44.96|43.71|15.39|
|五粮液|000858.SZ|2023-03-07|7780.68|7780.36|33.28|29.88|7.25|7.25|29.06|35.11|11.75|10.77|1.51|1.51|180.2|7784.51|6991.25|22.1|
|新乳业|002946.SZ|2023-03-07|141.17|137.62|45.21|38.52|5.6|5.6|13.64|14.99|1.57|1.44|0.46|0.46|282.73|186.1|180.88|20.03|
|有友食品|603697.SH|2023-03-07|46.08|45.67|20.96|32.41|2.54|2.54|18.61|20.81|3.78|4.47|4.36|4.36|-361.33|46.1|44.85|15.79|
|五粮液|000858.SZ|2023-03-06|7940.99|7940.66|33.97|30.5|7.4|7.4|29.66|35.83|11.99|10.99|1.48|1.48|183.91|7944.82|7151.56|22.61|
|新乳业|002946.SZ|2023-03-06|143.16|139.56|45.85|39.07|5.68|5.68|13.83|15.21|1.6|1.46|0.45|0.45|286.73|188.09|182.88|20.25|
|有友食品|603697.SH|2023-03-06|47.74|47.32|21.72|33.58|2.63|2.63|19.28|21.56|3.91|4.63|4.21|4.21|-374.38|47.76|46.51|16.38|
|五粮液|000858.SZ|2023-03-03|7986.8|7986.46|34.17|30.67|7.44|7.44|29.83|36.04|12.06|11.05|1.47|1.47|184.97|7990.62|7197.37|22.75|
|新乳业|002946.SZ|2023-03-03|143.85|140.24|46.07|39.26|5.7|5.71|13.9|15.28|1.6|1.47|0.45|0.45|288.11|188.78|183.57|20.33|
|有友食品|603697.SH|2023-03-03|46.02|45.61|20.93|32.37|2.54|2.54|18.59|20.78|3.77|4.47|4.37|4.37|-360.85|46.04|44.79|15.77|
|五粮液|000858.SZ|2023-03-02|8005.43|8005.09|34.24|30.74|7.46|7.46|29.9|36.12|12.09|11.08|1.47|1.47|185.4|8009.26|7216|22.81|
|新乳业|002946.SZ|2023-03-02|142.03|138.46|45.49|38.76|5.63|5.64|13.72|15.09|1.58|1.45|0.46|0.46|284.47|186.96|181.75|20.13|
|有友食品|603697.SH|2023-03-02|46.7|46.28|21.24|32.85|2.57|2.57|18.86|21.09|3.83|4.53|4.3|4.3|-366.16|46.72|45.47|16.01|
|五粮液|000858.SZ|2023-03-01|8049.68|8049.34|34.43|30.91|7.5|7.5|30.06|36.32|12.16|11.14|1.46|1.46|186.43|8053.51|7260.25|22.95|
|新乳业|002946.SZ|2023-03-01|142.73|139.14|45.71|38.95|5.66|5.66|13.79|15.16|1.59|1.46|0.46|0.46|285.86|187.66|182.44|20.2|
|有友食品|603697.SH|2023-03-01|47.56|47.14|21.63|33.45|2.62|2.62|19.21|21.48|3.9|4.62|4.22|4.22|-372.93|47.58|46.33|16.31|
|五粮液|000858.SZ|2023-02-28|7934.78|7934.45|33.94|30.47|7.39|7.39|29.64|35.8|11.98|10.98|1.48|1.48|183.77|7938.61|7145.35|22.59|
|新乳业|002946.SZ|2023-02-28|147.23|143.53|47.15|40.18|5.84|5.84|14.22|15.64|1.64|1.5|0.44|0.44|294.88|192.16|186.95|20.7|
|有友食品|603697.SH|2023-02-28|47.84|47.41|21.76|33.65|2.64|2.64|19.32|21.6|3.92|4.64|4.2|4.2|-375.11|47.86|46.61|16.41|
|五粮液|000858.SZ|2023-02-27|7949.92|7949.59|34.01|30.53|7.41|7.41|29.69|35.87|12.01|11|1.48|1.48|184.12|7953.75|7160.49|22.63|
|新乳业|002946.SZ|2023-02-27|146.89|143.19|47.04|40.08|5.83|5.83|14.19|15.6|1.64|1.5|0.44|0.44|294.19|191.81|186.6|20.67|
|有友食品|603697.SH|2023-02-27|46.88|46.47|21.32|32.98|2.58|2.58|18.94|21.17|3.84|4.55|4.29|4.29|-367.61|46.9|45.65|16.07|
|五粮液|000858.SZ|2023-02-24|7805.91|7805.59|33.39|29.98|7.27|7.27|29.15|35.22|11.79|10.8|1.5|1.5|180.78|7809.74|7016.48|22.18|
|新乳业|002946.SZ|2023-02-24|144.11|140.49|46.15|39.33|5.71|5.72|13.92|15.31|1.61|1.47|0.45|0.45|288.64|189.04|183.83|20.36|
|有友食品|603697.SH|2023-02-24|46.08|45.67|20.96|32.41|2.54|2.54|18.61|20.81|3.78|4.47|4.36|4.36|-361.33|46.1|44.85|15.79|
|五粮液|000858.SZ|2023-02-23|7961.18|7960.84|34.06|30.57|7.42|7.42|29.73|35.92|12.02|11.02|1.47|1.47|184.38|7965.01|7171.75|22.67|
|新乳业|002946.SZ|2023-02-23|146.71|143.02|46.98|40.04|5.82|5.82|14.17|15.58|1.64|1.5|0.44|0.44|293.84|191.64|186.43|20.65|
|有友食品|603697.SH|2023-02-23|48.79|48.36|22.19|34.32|2.69|2.69|19.71|22.03|4|4.74|4.12|4.12|-382.6|48.81|47.56|16.75|
|五粮液|000858.SZ|2023-02-22|8054.34|8054|34.45|30.93|7.5|7.5|30.08|36.34|12.16|11.15|1.46|1.46|186.54|8058.16|7264.91|22.96|
|新乳业|002946.SZ|2023-02-22|147.58|143.87|47.26|40.27|5.85|5.86|14.26|15.68|1.65|1.51|0.44|0.44|295.58|192.51|187.3|20.74|
|有友食品|603697.SH|2023-02-22|44.91|44.51|20.43|31.59|2.47|2.48|18.14|20.28|3.68|4.36|4.47|4.47|-352.15|44.93|43.68|15.38|
|五粮液|000858.SZ|2023-02-21|8154.48|8154.14|34.88|31.32|7.6|7.6|30.46|36.79|12.32|11.28|1.44|1.44|188.86|8158.31|7365.05|23.28|
|新乳业|002946.SZ|2023-02-21|143.42|139.81|45.93|39.14|5.69|5.69|13.86|15.23|1.6|1.46|0.45|0.45|287.25|188.35|183.14|20.28|
|有友食品|603697.SH|2023-02-21|44.17|43.78|20.09|31.07|2.43|2.44|17.84|19.95|3.62|4.29|4.55|4.55|-346.35|44.19|42.94|15.12|
|五粮液|000858.SZ|2023-02-20|8265.88|8265.54|35.36|31.74|7.7|7.7|30.87|37.3|12.48|11.44|1.42|1.42|191.44|8269.71|7476.45|23.63|
|新乳业|002946.SZ|2023-02-20|144.29|140.66|46.21|39.37|5.72|5.73|13.94|15.33|1.61|1.47|0.45|0.45|288.98|189.22|184|20.38|
|有友食品|603697.SH|2023-02-20|44.23|43.84|20.12|31.11|2.44|2.44|17.86|19.97|3.63|4.29|4.54|4.54|-346.83|44.25|43|15.14|
|五粮液|000858.SZ|2023-02-17|8079.57|8079.23|34.56|31.03|7.53|7.53|30.18|36.46|12.2|11.18|1.45|1.45|187.12|8083.39|7290.14|23.04|
|新乳业|002946.SZ|2023-02-17|143.33|139.73|45.9|39.11|5.68|5.69|13.85|15.22|1.6|1.46|0.45|0.45|287.07|188.26|183.05|20.27|
|有友食品|603697.SH|2023-02-17|44.01|43.62|20.02|30.96|2.43|2.43|17.78|19.88|3.61|4.27|4.56|4.56|-345.14|44.03|42.79|15.06|
|五粮液|000858.SZ|2023-02-16|8182.04|8181.7|35|31.42|7.62|7.62|30.56|36.92|12.36|11.32|1.43|1.43|189.49|8185.87|7392.61|23.37|
|新乳业|002946.SZ|2023-02-16|136.31|132.89|43.65|37.2|5.41|5.41|13.17|14.48|1.52|1.39|0.48|0.48|273.01|181.24|176.03|19.49|
|有友食品|603697.SH|2023-02-16|44.14|43.75|20.08|31.05|2.43|2.43|17.83|19.93|3.62|4.28|4.55|4.55|-346.1|44.16|42.91|15.11|
|五粮液|000858.SZ|2023-02-15|8190.19|8189.85|35.04|31.45|7.63|7.63|30.59|36.96|12.37|11.33|1.43|1.43|189.68|8194.02|7400.76|23.39|
|新乳业|002946.SZ|2023-02-15|142.55|138.97|45.65|38.9|5.65|5.66|13.77|15.14|1.59|1.46|0.46|0.46|285.51|187.48|182.27|20.19|
|有友食品|603697.SH|2023-02-15|45.28|44.88|20.6|31.85|2.5|2.5|18.29|20.45|3.71|4.39|4.44|4.44|-355.05|45.3|44.05|15.51|
|五粮液|000858.SZ|2023-02-14|8121.88|8121.54|34.74|31.19|7.57|7.57|30.33|36.65|12.27|11.24|1.44|1.44|188.1|8125.7|7332.45|23.18|
|新乳业|002946.SZ|2023-02-14|144.2|140.57|46.18|39.35|5.72|5.72|13.93|15.32|1.61|1.47|0.45|0.45|288.81|189.13|183.92|20.37|
|有友食品|603697.SH|2023-02-14|46.08|45.67|20.96|32.41|2.54|2.54|18.61|20.81|3.78|4.47|4.36|4.36|-361.33|46.1|44.85|15.79|
|五粮液|000858.SZ|2023-02-13|8244.54|8244.19|35.27|31.66|7.68|7.68|30.79|37.2|12.45|11.41|1.42|1.42|190.94|8248.36|7455.1|23.57|
|新乳业|002946.SZ|2023-02-13|148.53|144.8|47.57|40.53|5.89|5.9|14.35|15.78|1.66|1.52|0.44|0.44|297.49|193.46|188.25|20.85|
|有友食品|603697.SH|2023-02-13|43.46|43.07|19.77|30.57|2.4|2.4|17.55|19.62|3.56|4.22|4.62|4.62|-340.79|43.48|42.23|14.87|
|五粮液|000858.SZ|2023-02-10|7945.65|7945.32|33.99|30.51|7.4|7.4|29.68|35.85|12|10.99|1.48|1.48|184.02|7949.48|7156.22|22.62|
|新乳业|002946.SZ|2023-02-10|135.01|131.62|43.24|36.84|5.35|5.36|13.04|14.34|1.51|1.38|0.48|0.48|270.41|179.94|174.73|19.35|
|有友食品|603697.SH|2023-02-10|41.95|41.58|19.08|29.51|2.31|2.31|16.94|18.94|3.44|4.07|4.79|4.79|-328.94|41.97|40.72|14.34|
|五粮液|000858.SZ|2023-02-09|8050.07|8049.73|34.44|30.92|7.5|7.5|30.07|36.32|12.16|11.14|1.46|1.46|186.44|8053.89|7260.64|22.95|
|新乳业|002946.SZ|2023-02-09|122.71|119.62|39.3|33.49|4.87|4.87|11.86|13.03|1.37|1.25|0.53|0.53|245.77|167.64|162.43|17.99|
|有友食品|603697.SH|2023-02-09|41.12|40.75|18.7|28.92|2.27|2.27|16.61|18.57|3.37|3.99|4.89|4.89|-322.42|41.14|39.89|14.04|
|五粮液|000858.SZ|2023-02-08|7745.75|7745.42|33.13|29.75|7.22|7.22|28.93|34.95|11.7|10.72|1.51|1.51|179.39|7749.58|6956.32|21.99|
|新乳业|002946.SZ|2023-02-08|121.58|118.52|38.94|33.18|4.82|4.83|11.75|12.91|1.36|1.24|0.54|0.54|243.51|166.51|161.3|17.86|
|有友食品|603697.SH|2023-02-08|40.87|40.51|18.59|28.75|2.25|2.25|16.51|18.46|3.35|3.97|4.92|4.92|-320.48|40.89|39.64|13.96|
|五粮液|000858.SZ|2023-02-07|7886.26|7885.93|33.73|30.29|7.35|7.35|29.45|35.58|11.91|10.91|1.49|1.49|182.64|7890.09|7096.83|22.43|
|新乳业|002946.SZ|2023-02-07|114.74|111.85|36.74|31.31|4.55|4.55|11.08|12.19|1.28|1.17|0.57|0.57|229.8|159.66|154.45|17.11|
|有友食品|603697.SH|2023-02-07|41.92|41.55|19.07|29.49|2.31|2.31|16.93|18.93|3.44|4.07|4.79|4.79|-328.7|41.94|40.69|14.33|
|五粮液|000858.SZ|2023-02-06|7829.2|7828.88|33.49|30.07|7.29|7.29|29.24|35.33|11.82|10.83|1.5|1.5|181.32|7833.03|7039.77|22.25|
|新乳业|002946.SZ|2023-02-06|115.08|112.19|36.85|31.41|4.56|4.57|11.12|12.22|1.28|1.17|0.57|0.57|230.49|160.01|154.8|17.14|
|有友食品|603697.SH|2023-02-06|40.81|40.45|18.56|28.71|2.25|2.25|16.48|18.43|3.35|3.96|4.92|4.92|-320|40.83|39.58|13.94|
|五粮液|000858.SZ|2023-02-03|8151.38|8151.04|34.87|31.3|7.6|7.6|30.44|36.78|12.31|11.28|1.44|1.44|188.78|8155.2|7361.95|23.27|
|新乳业|002946.SZ|2023-02-03|114.22|111.34|36.58|31.17|4.53|4.53|11.03|12.13|1.27|1.17|0.57|0.57|228.76|159.14|153.93|17.05|
|有友食品|603697.SH|2023-02-03|40.16|39.81|18.27|28.25|2.21|2.21|16.22|18.14|3.29|3.9|5|5|-314.93|40.18|38.93|13.71|
|五粮液|000858.SZ|2023-02-02|8248.81|8248.46|35.29|31.68|7.69|7.69|30.81|37.22|12.46|11.41|1.42|1.42|191.04|8252.63|7459.37|23.58|
|新乳业|002946.SZ|2023-02-02|115.86|112.95|37.1|31.62|4.59|4.6|11.19|12.31|1.29|1.18|0.56|0.56|232.05|160.79|155.58|17.23|
|有友食品|603697.SH|2023-02-02|40.41|40.05|18.38|28.42|2.23|2.23|16.32|18.25|3.31|3.92|4.97|4.97|-316.86|40.43|39.18|13.79|
|五粮液|000858.SZ|2023-02-01|8153.71|8153.36|34.88|31.31|7.6|7.6|30.45|36.79|12.32|11.28|1.44|1.44|188.84|8157.53|7364.28|23.28|
|新乳业|002946.SZ|2023-02-01|113.87|111.01|36.47|31.07|4.52|4.52|11|12.1|1.27|1.16|0.57|0.57|228.06|158.8|153.59|17.01|
|有友食品|603697.SH|2023-02-01|39.17|38.83|17.82|27.56|2.16|2.16|15.82|17.69|3.21|3.8|5.13|5.13|-307.19|39.2|37.95|13.36|
|五粮液|000858.SZ|2023-01-31|8112.56|8112.22|34.7|31.16|7.56|7.56|30.3|36.6|12.25|11.23|1.45|1.45|187.88|8116.39|7323.13|23.15|
|新乳业|002946.SZ|2023-01-31|114.56|111.68|36.69|31.26|4.54|4.55|11.07|12.17|1.28|1.17|0.57|0.57|229.45|159.49|154.28|17.09|
|有友食品|603697.SH|2023-01-31|39.36|39.01|17.9|27.69|2.17|2.17|15.9|17.77|3.23|3.82|5.1|5.1|-308.64|39.38|38.13|13.43|
|五粮液|000858.SZ|2023-01-30|8446.38|8446.02|36.13|32.44|7.87|7.87|31.55|38.11|12.76|11.69|1.39|1.39|195.62|8450.21|7656.95|24.2|
|新乳业|002946.SZ|2023-01-30|111.88|109.06|35.83|30.53|4.44|4.44|10.81|11.88|1.25|1.14|0.58|0.58|224.07|156.81|151.59|16.79|
|有友食品|603697.SH|2023-01-30|38.59|38.25|17.55|27.14|2.13|2.13|15.59|17.43|3.16|3.75|5.21|5.21|-302.6|38.61|37.36|13.15|
|五粮液|000858.SZ|2023-01-20|8101.69|8101.35|34.66|31.11|7.55|7.55|30.26|36.56|12.24|11.21|1.45|1.45|187.63|8105.52|7312.26|23.11|
|新乳业|002946.SZ|2023-01-20|109.71|106.95|35.13|29.94|4.35|4.35|10.6|11.65|1.22|1.12|0.59|0.59|219.73|154.64|149.43|16.55|
|有友食品|603697.SH|2023-01-20|35.08|34.77|15.96|24.67|1.93|1.93|14.17|15.84|2.88|3.4|5.73|5.73|-275.05|35.1|33.85|11.92|
|五粮液|000858.SZ|2023-01-19|7968.94|7968.61|34.09|30.6|7.43|7.43|29.76|35.96|12.04|11.03|1.47|1.47|184.56|7972.77|7179.51|22.69|
|新乳业|002946.SZ|2023-01-19|109.19|106.44|34.97|29.8|4.33|4.33|10.55|11.6|1.22|1.11|0.6|0.6|218.69|154.12|148.91|16.49|
|有友食品|603697.SH|2023-01-19|34.95|34.64|15.9|24.59|1.93|1.93|14.12|15.78|2.87|3.39|5.75|5.75|-274.08|34.97|33.72|11.87|
|五粮液|000858.SZ|2023-01-18|7988.35|7988.01|34.17|30.68|7.44|7.44|29.84|36.04|12.07|11.05|1.47|1.47|185.01|7992.18|7198.92|22.76|
|新乳业|002946.SZ|2023-01-18|108.93|106.19|34.88|29.73|4.32|4.32|10.52|11.57|1.21|1.11|0.6|0.6|218.17|153.86|148.65|16.46|
|有友食品|603697.SH|2023-01-18|34.86|34.52|15.86|24.52|1.92|1.92|14.08|15.74|2.86|3.38|5.76|5.76|-273.39|34.88|33.64|11.84|
|五粮液|000858.SZ|2023-01-17|7874.23|7873.9|33.68|30.24|7.34|7.34|29.41|35.53|11.89|10.9|1.49|1.49|182.37|7878.06|7084.8|22.4|
|新乳业|002946.SZ|2023-01-17|109.88|107.12|35.19|29.99|4.36|4.36|10.62|11.67|1.23|1.12|0.59|0.59|220.08|154.81|149.6|16.57|
|有友食品|603697.SH|2023-01-17|35.17|34.83|16|24.74|1.94|1.94|14.21|15.88|2.88|3.41|5.71|5.71|-275.81|35.19|33.94|11.95|
|五粮液|000858.SZ|2023-01-16|8016.3|8015.96|34.29|30.79|7.47|7.47|29.94|36.17|12.11|11.09|1.46|1.46|185.66|8020.12|7226.87|22.84|
|新乳业|002946.SZ|2023-01-16|111.79|108.98|35.8|30.51|4.43|4.44|10.8|11.87|1.25|1.14|0.58|0.58|223.9|156.72|151.51|16.78|
|有友食品|603697.SH|2023-01-16|36.68|36.32|16.69|25.8|2.02|2.02|14.82|16.57|3.01|3.56|5.48|5.48|-287.66|36.7|35.46|12.48|
|五粮液|000858.SZ|2023-01-13|7708.1|7707.77|32.97|29.6|7.18|7.18|28.79|34.78|11.64|10.67|1.52|1.52|178.52|7711.92|6918.67|21.87|
|新乳业|002946.SZ|2023-01-13|110.75|107.96|35.47|30.22|4.39|4.4|10.7|11.76|1.24|1.13|0.59|0.59|221.81|155.68|150.47|16.66|
|有友食品|603697.SH|2023-01-13|35.76|35.41|16.27|25.15|1.97|1.97|14.44|16.15|2.93|3.47|5.62|5.62|-280.4|35.78|34.53|12.16|
|五粮液|000858.SZ|2023-01-12|7506.64|7506.33|32.11|28.83|6.99|6.99|28.04|33.87|11.34|10.39|1.56|1.56|173.85|7510.47|6717.21|21.23|
|新乳业|002946.SZ|2023-01-12|107.89|105.18|34.55|29.44|4.28|4.28|10.42|11.46|1.2|1.1|0.6|0.6|216.09|152.82|147.61|16.35|
|有友食品|603697.SH|2023-01-12|35.33|34.98|16.07|24.85|1.95|1.95|14.27|15.95|2.9|3.43|5.69|5.69|-277.02|35.35|34.1|12.01|
|五粮液|000858.SZ|2023-01-11|7534.2|7533.89|32.23|28.93|7.02|7.02|28.14|34|11.38|10.43|1.56|1.56|174.49|7538.03|6744.77|21.32|
|新乳业|002946.SZ|2023-01-11|111.44|108.64|35.69|30.41|4.42|4.42|10.77|11.84|1.24|1.14|0.58|0.58|223.2|156.37|151.16|16.74|
|有友食品|603697.SH|2023-01-11|35.91|35.56|16.34|25.26|1.98|1.98|14.51|16.22|2.94|3.49|5.59|5.59|-281.61|35.93|34.68|12.21|
|五粮液|000858.SZ|2023-01-10|7578.45|7578.13|32.42|29.1|7.06|7.06|28.3|34.19|11.45|10.49|1.55|1.55|175.52|7582.28|6789.02|21.46|
|新乳业|002946.SZ|2023-01-10|110.75|107.96|35.47|30.22|4.39|4.4|10.7|11.76|1.24|1.13|0.59|0.59|221.81|155.68|150.47|16.66|
|有友食品|603697.SH|2023-01-10|36.31|35.96|16.52|25.54|2|2|14.67|16.4|2.98|3.52|5.53|5.53|-284.76|36.33|35.09|12.35|
|五粮液|000858.SZ|2023-01-09|7603.29|7602.97|32.52|29.2|7.08|7.08|28.4|34.31|11.48|10.52|1.54|1.54|176.09|7607.12|6813.86|21.54|
|新乳业|002946.SZ|2023-01-09|110.66|107.88|35.44|30.2|4.39|4.39|10.69|11.75|1.23|1.13|0.59|0.59|221.64|155.59|150.38|16.65|
|有友食品|603697.SH|2023-01-09|36.53|36.17|16.62|25.7|2.01|2.01|14.75|16.5|3|3.55|5.5|5.5|-286.45|36.55|35.3|12.43|
|五粮液|000858.SZ|2023-01-06|7392.91|7392.6|31.62|28.39|6.89|6.89|27.61|33.36|11.17|10.23|1.59|1.59|171.22|7396.74|6603.48|20.87|
|新乳业|002946.SZ|2023-01-06|109.97|107.2|35.22|30.01|4.36|4.36|10.62|11.68|1.23|1.12|0.59|0.59|220.25|154.9|149.69|16.58|
|有友食品|603697.SH|2023-01-06|36.07|35.71|16.41|25.37|1.99|1.99|14.57|16.29|2.96|3.5|5.57|5.57|-282.82|36.09|34.84|12.27|
|五粮液|000858.SZ|2023-01-05|7336.24|7335.93|31.38|28.17|6.84|6.84|27.4|33.1|11.08|10.15|1.6|1.6|169.91|7340.07|6546.81|20.69|
|新乳业|002946.SZ|2023-01-05|111.53|108.73|35.72|30.44|4.42|4.43|10.78|11.85|1.24|1.14|0.58|0.58|223.38|156.46|151.25|16.75|
|有友食品|603697.SH|2023-01-05|36.59|36.23|16.64|25.74|2.02|2.02|14.78|16.52|3|3.55|5.49|5.49|-286.94|36.61|35.36|12.45|
|五粮液|000858.SZ|2023-01-04|6933.33|6933.04|29.66|26.63|6.46|6.46|25.89|31.28|10.47|9.59|1.69|1.69|160.57|6937.16|6143.9|19.42|
|新乳业|002946.SZ|2023-01-04|111.96|109.15|35.86|30.55|4.44|4.44|10.82|11.89|1.25|1.14|0.58|0.58|224.24|156.89|151.68|16.8|
|有友食品|603697.SH|2023-01-04|36.59|36.23|16.64|25.74|2.02|2.02|14.78|16.52|3|3.55|5.49|5.49|-286.94|36.61|35.36|12.45|
|五粮液|000858.SZ|2023-01-03|6917.03|6916.74|29.59|26.56|6.45|6.45|25.83|31.21|10.45|9.57|1.7|1.7|160.2|6920.85|6127.59|19.37|
|新乳业|002946.SZ|2023-01-03|111.96|109.15|35.86|30.55|4.44|4.44|10.82|11.89|1.25|1.14|0.58|0.58|224.24|156.89|151.68|16.8|
|有友食品|603697.SH|2023-01-03|36.93|36.57|16.8|25.98|2.04|2.03|14.92|16.68|3.03|3.58|5.44|5.44|-289.6|36.95|35.7|12.57|
|五粮液|000858.SZ|2022-12-30|7013.68|7013.38|30|26.94|6.54|6.54|26.19|31.65|10.59|9.71|1.43|1.67|162.44|7017.5|6224.25|19.67|
|新乳业|002946.SZ|2022-12-30|114.65|111.77|36.72|31.29|4.55|4.55|11.08|12.18|1.28|1.17|0.53|0.57|229.62|159.58|154.37|17.1|
|有友食品|603697.SH|2022-12-30|38.38|38|17.46|27|2.12|2.11|15.5|17.33|3.15|3.73|2.57|5.23|-300.97|38.4|37.15|13.08|
|五粮液|000858.SZ|2022-12-29|6938.37|6938.08|29.68|26.65|6.46|6.46|25.91|31.31|10.48|9.6|1.44|1.69|160.69|6942.2|6148.94|19.44|
|新乳业|002946.SZ|2022-12-29|112.48|109.65|36.02|30.7|4.46|4.46|10.87|11.95|1.25|1.15|0.54|0.58|225.28|157.41|152.2|16.86|
|有友食品|603697.SH|2022-12-29|37.52|37.15|17.07|26.39|2.07|2.07|15.15|16.94|3.08|3.64|2.63|5.35|-294.19|37.54|36.29|12.78|
|五粮液|000858.SZ|2022-12-28|6993.88|6993.59|29.92|26.86|6.52|6.52|26.12|31.56|10.56|9.68|1.43|1.68|161.98|6997.71|6204.45|19.61|
|新乳业|002946.SZ|2022-12-28|112.14|109.32|35.91|30.6|4.45|4.45|10.83|11.91|1.25|1.14|0.54|0.58|224.59|157.07|151.85|16.82|
|有友食品|603697.SH|2022-12-28|38.01|37.64|17.29|26.74|2.09|2.09|15.35|17.16|3.12|3.69|2.59|5.28|-298.06|38.03|36.78|12.95|
|五粮液|000858.SZ|2022-12-27|7027.65|7027.36|30.06|26.99|6.55|6.55|26.25|31.71|10.61|9.72|1.43|1.67|162.76|7031.48|6238.22|19.72|
|新乳业|002946.SZ|2022-12-27|113.26|110.41|36.27|30.91|4.49|4.5|10.94|12.03|1.26|1.16|0.54|0.57|226.85|158.19|152.98|16.94|
|有友食品|603697.SH|2022-12-27|39.34|38.95|17.89|27.67|2.17|2.17|15.89|17.76|3.23|3.82|2.51|5.11|-308.47|39.36|38.11|13.42|
|五粮液|000858.SZ|2022-12-26|6932.55|6932.26|29.66|26.62|6.46|6.46|25.89|31.28|10.47|9.59|1.44|1.69|160.56|6936.38|6143.12|19.42|
|新乳业|002946.SZ|2022-12-26|113.18|110.33|36.24|30.88|4.49|4.49|10.93|12.02|1.26|1.16|0.54|0.57|226.67|158.1|152.89|16.93|
|有友食品|603697.SH|2022-12-26|39.09|38.71|17.78|27.5|2.15|2.15|15.79|17.65|3.21|3.79|2.52|5.14|-306.53|39.11|37.86|13.33|
|五粮液|000858.SZ|2022-12-23|6998.15|6997.86|29.94|26.88|6.52|6.52|26.14|31.58|10.57|9.68|1.43|1.68|162.08|7001.98|6208.72|19.63|
|新乳业|002946.SZ|2022-12-23|115.34|112.44|36.94|31.48|4.57|4.58|11.14|12.25|1.29|1.18|0.53|0.56|231.01|160.27|155.06|17.17|
|有友食品|603697.SH|2022-12-23|38.1|37.73|17.33|26.8|2.1|2.1|15.39|17.21|3.12|3.7|2.59|5.27|-298.79|38.12|36.87|12.98|
|五粮液|000858.SZ|2022-12-22|6967.49|6967.19|29.8|26.76|6.49|6.49|26.02|31.44|10.52|9.64|1.44|1.68|161.37|6971.31|6178.06|19.53|
|新乳业|002946.SZ|2022-12-22|112.94|110.08|36.17|30.82|4.48|4.48|10.91|12|1.26|1.15|0.54|0.58|226.21|157.87|152.66|16.91|
|有友食品|603697.SH|2022-12-22|37.79|37.42|17.19|26.59|2.08|2.08|15.27|17.07|3.1|3.67|2.61|5.32|-296.37|37.82|36.57|12.87|
|五粮液|000858.SZ|2022-12-21|6773.02|6772.73|28.97|26.01|6.31|6.31|25.3|30.56|10.23|9.37|1.48|1.73|156.86|6776.85|5983.59|18.91|
|新乳业|002946.SZ|2022-12-21|111.21|108.39|35.62|30.35|4.41|4.41|10.74|11.81|1.24|1.14|0.55|0.58|222.74|156.14|150.93|16.71|
|有友食品|603697.SH|2022-12-21|38.17|37.79|17.36|26.85|2.1|2.1|15.42|17.23|3.13|3.7|2.58|5.26|-299.27|38.19|36.94|13|
|五粮液|000858.SZ|2022-12-20|6696.16|6695.88|28.64|25.72|6.24|6.24|25.01|30.21|10.11|9.27|1.5|1.75|155.08|6699.99|5906.73|18.67|
|新乳业|002946.SZ|2022-12-20|109.56|106.78|35.09|29.9|4.34|4.34|10.59|11.64|1.22|1.12|0.55|0.59|219.44|154.49|149.28|16.53|
|有友食品|603697.SH|2022-12-20|36.9|36.54|16.79|25.96|2.03|2.03|14.9|16.66|3.03|3.58|2.67|5.44|-289.36|36.92|35.67|12.56|
|五粮液|000858.SZ|2022-12-19|6984.95|6984.66|29.88|26.82|6.51|6.51|26.09|31.52|10.55|9.67|1.43|1.68|161.77|6988.78|6195.52|19.58|
|新乳业|002946.SZ|2022-12-19|114.07|111.18|36.53|31.13|4.52|4.52|11.02|12.12|1.27|1.16|0.53|0.57|228.47|159|153.79|17.03|
|有友食品|603697.SH|2022-12-19|38.01|37.64|17.29|26.74|2.09|2.09|15.35|17.16|3.12|3.69|2.59|5.28|-298.06|38.03|36.78|12.95|
|五粮液|000858.SZ|2022-12-16|7084.71|7084.41|30.31|27.21|6.6|6.6|26.46|31.97|10.7|9.8|1.41|1.66|164.08|7088.54|6295.28|19.9|
|新乳业|002946.SZ|2022-12-16|115.54|112.61|37|31.53|4.58|4.58|11.16|12.27|1.29|1.18|0.53|0.56|231.42|160.47|155.26|17.19|
|有友食品|603697.SH|2022-12-16|38.13|37.76|17.35|26.82|2.1|2.1|15.4|17.22|3.13|3.7|2.59|5.27|-299.03|38.16|36.91|12.99|
|五粮液|000858.SZ|2022-12-15|7062.97|7062.68|30.21|27.12|6.58|6.58|26.38|31.87|10.67|9.77|1.42|1.66|163.58|7066.8|6273.54|19.83|
|新乳业|002946.SZ|2022-12-15|115.46|112.53|36.98|31.51|4.58|4.58|11.15|12.26|1.29|1.18|0.53|0.56|231.24|160.39|155.18|17.18|
|有友食品|603697.SH|2022-12-15|37.64|37.27|17.12|26.48|2.07|2.07|15.2|17|3.09|3.65|2.62|5.34|-295.16|37.66|36.41|12.82|
|五粮液|000858.SZ|2022-12-14|7145.26|7144.96|30.57|27.44|6.66|6.66|26.69|32.24|10.79|9.89|1.4|1.64|165.48|7149.09|6355.83|20.09|
|新乳业|002946.SZ|2022-12-14|117.89|114.89|37.75|32.17|4.67|4.67|11.39|12.52|1.31|1.2|0.52|0.55|236.11|162.81|157.6|17.45|
|有友食品|603697.SH|2022-12-14|39.21|38.83|17.84|27.58|2.16|2.16|15.84|17.71|3.22|3.81|2.51|5.12|-307.5|39.23|37.99|13.37|
|五粮液|000858.SZ|2022-12-13|6966.32|6966.03|29.8|26.75|6.49|6.49|26.02|31.43|10.52|9.64|1.44|1.68|161.34|6970.15|6176.89|19.53|
|新乳业|002946.SZ|2022-12-13|115.72|112.78|37.06|31.58|4.59|4.59|11.18|12.29|1.29|1.18|0.52|0.56|231.77|160.65|155.44|17.21|
|有友食品|603697.SH|2022-12-13|38.2|37.82|17.37|26.87|2.1|2.1|15.43|17.25|3.13|3.71|2.58|5.26|-299.52|38.22|36.97|13.02|
|五粮液|000858.SZ|2022-12-12|6922.85|6922.56|29.61|26.59|6.45|6.45|25.86|31.24|10.46|9.58|1.45|1.7|160.33|6926.68|6133.42|19.39|
|新乳业|002946.SZ|2022-12-12|115.11|112.19|36.86|31.41|4.56|4.56|11.12|12.23|1.28|1.18|0.53|0.57|230.55|160.04|154.83|17.15|
|有友食品|603697.SH|2022-12-12|37.33|36.96|16.98|26.26|2.06|2.06|15.08|16.86|3.06|3.62|2.64|5.38|-292.74|37.35|36.1|12.71|
|五粮液|000858.SZ|2022-12-09|7113.82|7113.52|30.43|27.32|6.63|6.63|26.57|32.1|10.74|9.84|1.41|1.65|164.75|7117.65|6324.39|19.99|
|新乳业|002946.SZ|2022-12-09|117.54|114.55|37.64|32.08|4.66|4.66|11.36|12.49|1.31|1.2|0.52|0.55|235.41|162.47|157.26|17.42|
|有友食品|603697.SH|2022-12-09|37.89|37.51|17.23|26.65|2.09|2.09|15.3|17.11|3.11|3.68|2.6|5.3|-297.1|37.91|36.66|12.91|
|五粮液|000858.SZ|2022-12-08|6783.5|6783.21|29.02|26.05|6.32|6.32|25.34|30.61|10.25|9.39|1.48|1.73|157.1|6787.33|5994.07|18.95|
|新乳业|002946.SZ|2022-12-08|117.97|114.98|37.78|32.19|4.68|4.68|11.4|12.53|1.32|1.2|0.51|0.55|236.28|162.9|157.69|17.46|
|有友食品|603697.SH|2022-12-08|37.52|37.15|17.07|26.39|2.07|2.07|15.15|16.94|3.08|3.64|2.63|5.35|-294.19|37.54|36.29|12.78|
|五粮液|000858.SZ|2022-12-07|6741.58|6741.29|28.84|25.89|6.28|6.28|25.18|30.42|10.18|9.33|1.49|1.74|156.13|6745.4|5952.15|18.81|
|新乳业|002946.SZ|2022-12-07|119.53|116.5|38.28|32.62|4.74|4.74|11.55|12.7|1.33|1.22|0.51|0.54|239.4|164.46|159.25|17.64|
|有友食品|603697.SH|2022-12-07|38.2|37.82|17.37|26.87|2.1|2.1|15.43|17.25|3.13|3.71|2.58|5.26|-299.52|38.22|36.97|13.02|
|五粮液|000858.SZ|2022-12-06|6808.34|6808.05|29.12|26.15|6.34|6.34|25.43|30.72|10.28|9.42|1.47|1.72|157.68|6812.17|6018.91|19.03|
|新乳业|002946.SZ|2022-12-06|115.63|112.7|37.03|31.55|4.59|4.59|11.17|12.28|1.29|1.18|0.53|0.56|231.59|160.56|155.35|17.2|
|有友食品|603697.SH|2022-12-06|37.36|37|17|26.28|2.06|2.06|15.09|16.87|3.06|3.63|2.64|5.38|-292.98|37.38|36.13|12.72|
|五粮液|000858.SZ|2022-12-05|6540.9|6540.62|27.98|25.12|6.09|6.09|24.43|29.51|9.88|9.05|1.53|1.79|151.49|6544.73|5751.47|18.18|
|新乳业|002946.SZ|2022-12-05|111.12|108.3|35.59|30.32|4.41|4.41|10.74|11.8|1.24|1.13|0.55|0.59|222.56|156.05|150.84|16.71|
|有友食品|603697.SH|2022-12-05|36.71|36.35|16.7|25.83|2.02|2.02|14.83|16.58|3.01|3.56|2.69|5.47|-287.9|36.74|35.49|12.49|
|五粮液|000858.SZ|2022-12-02|6329.35|6329.08|27.07|24.31|5.9|5.9|23.64|28.56|9.56|8.76|1.58|1.85|146.59|6333.18|5539.92|17.51|
|新乳业|002946.SZ|2022-12-02|108.52|105.77|34.75|29.62|4.3|4.3|10.48|11.53|1.21|1.11|0.56|0.6|217.36|153.45|148.24|16.42|
|有友食品|603697.SH|2022-12-02|36.28|35.91|16.5|25.52|2|2|14.65|16.38|2.97|3.52|2.72|5.54|-284.52|36.3|35.05|12.34|
|五粮液|000858.SZ|2022-12-01|6388.74|6388.47|27.33|24.54|5.95|5.95|23.86|28.83|9.65|8.84|1.57|1.84|147.96|6392.57|5599.31|17.7|
|新乳业|002946.SZ|2022-12-01|106.1|103.4|33.98|28.95|4.21|4.21|10.25|11.27|1.18|1.08|0.57|0.61|212.49|151.03|145.81|16.15|
|有友食品|603697.SH|2022-12-01|36.34|35.97|16.53|25.57|2|2|14.68|16.41|2.98|3.53|2.71|5.53|-285|36.37|35.12|12.36|
|五粮液|000858.SZ|2022-11-30|6088.69|6088.44|26.05|23.38|5.67|5.67|22.74|27.47|9.2|8.43|1.64|1.93|141.01|6092.52|5299.26|16.75|
|新乳业|002946.SZ|2022-11-30|98.99|96.48|31.7|27.01|3.93|3.93|9.56|10.51|1.1|1.01|0.61|0.66|198.26|143.92|138.71|15.36|
|有友食品|603697.SH|2022-11-30|34.49|34.14|15.69|24.26|1.9|1.9|13.93|15.58|2.83|3.35|2.86|5.82|-270.48|34.51|33.27|11.71|
|五粮液|000858.SZ|2022-11-29|6018.43|6018.18|25.75|23.11|5.61|5.61|22.48|27.16|9.09|8.33|1.66|1.95|139.39|6022.26|5229|16.53|
|新乳业|002946.SZ|2022-11-29|100.98|98.42|32.34|27.56|4|4|9.76|10.73|1.13|1.03|0.6|0.64|202.25|145.91|140.7|15.58|
|有友食品|603697.SH|2022-11-29|35.39|35.02|16.1|24.89|1.95|1.95|14.29|15.98|2.9|3.43|2.79|5.68|-277.5|35.41|34.16|12.03|
|五粮液|000858.SZ|2022-11-28|5731.19|5730.95|24.52|22.01|5.34|5.34|21.41|25.86|8.66|7.93|1.75|2.05|132.73|5735.02|4941.76|15.62|
|新乳业|002946.SZ|2022-11-28|98.47|95.97|31.53|26.87|3.9|3.9|9.51|10.46|1.1|1.01|0.62|0.66|197.22|143.4|138.19|15.3|
|有友食品|603697.SH|2022-11-28|34.52|34.17|15.7|24.29|1.9|1.9|13.94|15.59|2.83|3.35|2.86|5.82|-270.73|34.55|33.3|11.72|
|五粮液|000858.SZ|2022-11-25|5720.71|5720.47|24.47|21.97|5.33|5.33|21.37|25.81|8.64|7.92|1.75|2.05|132.49|5724.54|4931.28|15.59|
|新乳业|002946.SZ|2022-11-25|97.95|95.46|31.37|26.73|3.88|3.88|9.46|10.4|1.09|1|0.62|0.66|196.18|142.88|137.67|15.25|
|有友食品|603697.SH|2022-11-25|34.4|34.04|15.65|24.2|1.9|1.9|13.89|15.53|2.82|3.34|2.87|5.84|-269.76|34.42|33.17|11.68|
|五粮液|000858.SZ|2022-11-24|5737.4|5737.16|24.54|22.03|5.35|5.35|21.43|25.89|8.67|7.94|1.75|2.05|132.88|5741.23|4947.97|15.64|
|新乳业|002946.SZ|2022-11-24|98.47|95.97|31.53|26.87|3.9|3.9|9.51|10.46|1.1|1.01|0.62|0.66|197.22|143.4|138.19|15.3|
|有友食品|603697.SH|2022-11-24|34.62|34.26|15.75|24.35|1.91|1.91|13.98|15.63|2.84|3.36|2.85|5.8|-271.45|34.64|33.39|11.76|
|五粮液|000858.SZ|2022-11-23|5813.48|5813.24|24.87|22.33|5.42|5.42|21.71|26.23|8.78|8.04|1.72|2.02|134.64|5817.31|5024.05|15.88|
|新乳业|002946.SZ|2022-11-23|98.04|95.55|31.4|26.75|3.89|3.89|9.47|10.41|1.09|1|0.62|0.66|196.35|142.96|137.75|15.26|
|有友食品|603697.SH|2022-11-23|34.43|34.07|15.66|24.22|1.9|1.9|13.91|15.55|2.82|3.34|2.86|5.83|-270|34.45|33.2|11.69|
|五粮液|000858.SZ|2022-11-22|5831.34|5831.1|24.94|22.39|5.43|5.43|21.78|26.31|8.81|8.07|1.72|2.01|135.05|5835.17|5041.91|15.94|
|新乳业|002946.SZ|2022-11-22|99.6|97.07|31.9|27.18|3.95|3.95|9.62|10.58|1.11|1.02|0.61|0.65|199.47|144.52|139.31|15.43|
|有友食品|603697.SH|2022-11-22|35.36|34.99|16.08|24.87|1.95|1.95|14.28|15.97|2.9|3.43|2.79|5.68|-277.26|35.38|34.13|12.02|
|五粮液|000858.SZ|2022-11-21|5780.88|5780.64|24.73|22.2|5.39|5.39|21.59|26.08|8.73|8|1.73|2.03|133.88|5784.71|4991.45|15.78|
|新乳业|002946.SZ|2022-11-21|100.38|97.83|32.15|27.39|3.98|3.98|9.7|10.66|1.12|1.02|0.6|0.65|201.04|145.3|140.09|15.51|
|有友食品|603697.SH|2022-11-21|35.39|35.02|16.1|24.89|1.95|1.95|14.29|15.98|2.9|3.43|2.79|5.68|-277.5|35.41|34.16|12.03|
|五粮液|000858.SZ|2022-11-18|5962.54|5962.29|25.51|22.9|5.56|5.56|22.27|26.9|9.01|8.25|1.68|1.97|138.09|5966.37|5173.11|16.35|
|新乳业|002946.SZ|2022-11-18|101.59|99.01|32.53|27.72|4.03|4.03|9.81|10.79|1.13|1.04|0.6|0.64|203.47|146.52|141.31|15.65|
|有友食品|603697.SH|2022-11-18|35.36|34.99|16.08|24.87|1.95|1.95|14.28|15.97|2.9|3.43|2.79|5.68|-277.26|35.38|34.13|12.02|
|五粮液|000858.SZ|2022-11-17|5923.33|5923.09|25.34|22.75|5.52|5.52|22.12|26.73|8.95|8.2|1.69|1.98|137.18|5927.16|5133.9|16.23|
|新乳业|002946.SZ|2022-11-17|102.63|100.02|32.87|28.01|4.07|4.07|9.92|10.9|1.14|1.05|0.59|0.63|205.55|147.56|142.35|15.76|
|有友食品|603697.SH|2022-11-17|35.11|34.75|15.97|24.7|1.94|1.94|14.18|15.86|2.88|3.41|2.81|5.72|-275.32|35.13|33.88|11.93|
|五粮液|000858.SZ|2022-11-16|5985.83|5985.58|25.61|22.99|5.58|5.58|22.36|27.01|9.04|8.28|1.67|1.96|138.63|5989.66|5196.4|16.43|
|新乳业|002946.SZ|2022-11-16|102.63|100.02|32.87|28.01|4.07|4.07|9.92|10.9|1.14|1.05|0.59|0.63|205.55|147.56|142.35|15.76|
|有友食品|603697.SH|2022-11-16|35.02|34.65|15.93|24.63|1.93|1.93|14.14|15.81|2.87|3.4|2.82|5.74|-274.6|35.04|33.79|11.9|
|五粮液|000858.SZ|2022-11-15|5983.5|5983.25|25.6|22.98|5.58|5.58|22.35|27|9.04|8.28|1.67|1.96|138.58|5987.33|5194.07|16.42|
|新乳业|002946.SZ|2022-11-15|99.42|96.9|31.84|27.13|3.94|3.94|9.61|10.56|1.11|1.01|0.61|0.65|199.13|144.35|139.14|15.41|
|有友食品|603697.SH|2022-11-15|33.81|33.46|15.38|23.79|1.86|1.86|13.66|15.27|2.77|3.28|2.92|5.94|-265.16|33.84|32.59|11.47|
|五粮液|000858.SZ|2022-11-14|5834.06|5833.81|24.96|22.41|5.44|5.44|21.79|26.32|8.81|8.07|1.72|2.01|135.12|5837.88|5044.63|15.95|
|新乳业|002946.SZ|2022-11-14|98.64|96.14|31.59|26.92|3.91|3.91|9.53|10.48|1.1|1.01|0.62|0.66|197.56|143.57|138.36|15.32|
|有友食品|603697.SH|2022-11-14|33.32|32.97|15.16|23.44|1.84|1.84|13.46|15.05|2.73|3.23|2.96|6.03|-261.29|33.34|32.09|11.3|
|五粮液|000858.SZ|2022-11-11|5823.19|5822.94|24.91|22.36|5.43|5.43|21.75|26.27|8.8|8.06|1.72|2.02|134.86|5827.02|5033.76|15.91|
|新乳业|002946.SZ|2022-11-11|99.16|96.64|31.76|27.06|3.93|3.93|9.58|10.53|1.11|1.01|0.61|0.66|198.61|144.09|138.88|15.38|
|有友食品|603697.SH|2022-11-11|32.98|32.64|15|23.2|1.82|1.82|13.32|14.89|2.7|3.2|2.99|6.09|-258.63|33|31.75|11.18|
|五粮液|000858.SZ|2022-11-10|5657.83|5657.59|24.2|21.73|5.27|5.27|21.13|25.53|8.55|7.83|1.77|2.07|131.03|5661.66|4868.4|15.39|
|新乳业|002946.SZ|2022-11-10|100.03|97.49|32.03|27.3|3.97|3.97|9.66|10.63|1.12|1.02|0.61|0.65|200.34|144.96|139.75|15.48|
|有友食品|603697.SH|2022-11-10|33.01|32.67|15.02|23.22|1.82|1.82|13.33|14.91|2.71|3.2|2.99|6.08|-258.87|33.03|31.78|11.19|
|五粮液|000858.SZ|2022-11-09|5643.86|5643.62|24.14|21.67|5.26|5.26|21.08|25.47|8.52|7.81|1.77|2.08|130.71|5647.69|4854.43|15.34|
|新乳业|002946.SZ|2022-11-09|96.39|93.94|30.87|26.3|3.82|3.82|9.31|10.24|1.07|0.98|0.63|0.67|193.05|141.32|136.11|15.07|
|有友食品|603697.SH|2022-11-09|32.8|32.46|14.92|23.07|1.81|1.81|13.25|14.81|2.69|3.18|3.01|6.12|-257.18|32.82|31.57|11.11|
|五粮液|000858.SZ|2022-11-08|5724.98|5724.74|24.49|21.99|5.33|5.33|21.38|25.83|8.65|7.92|1.75|2.05|132.59|5728.81|4935.55|15.6|
|新乳业|002946.SZ|2022-11-08|96.39|93.94|30.87|26.3|3.82|3.82|9.31|10.24|1.07|0.98|0.63|0.67|193.05|141.32|136.11|15.07|
|有友食品|603697.SH|2022-11-08|32.8|32.46|14.92|23.07|1.81|1.81|13.25|14.81|2.69|3.18|3.01|6.12|-257.18|32.82|31.57|11.11|
|五粮液|000858.SZ|2022-11-07|5866.66|5866.42|25.1|22.53|5.47|5.47|21.91|26.47|8.86|8.12|1.71|2|135.87|5870.49|5077.23|16.05|
|新乳业|002946.SZ|2022-11-07|97.52|95.04|31.23|26.61|3.87|3.87|9.42|10.36|1.09|1|0.62|0.67|195.31|142.44|137.23|15.2|
|有友食品|603697.SH|2022-11-07|33.07|32.73|15.04|23.27|1.82|1.82|13.36|14.94|2.71|3.21|2.98|6.07|-259.36|33.1|31.85|11.21|
|五粮液|000858.SZ|2022-11-04|5822.41|5822.17|24.91|22.36|5.43|5.43|21.75|26.27|8.79|8.06|1.72|2.02|134.85|5826.24|5032.98|15.91|
|新乳业|002946.SZ|2022-11-04|95.69|93.27|30.65|26.11|3.79|3.79|9.25|10.16|1.07|0.98|0.63|0.68|191.66|140.62|135.41|15|
|有友食品|603697.SH|2022-11-04|32.49|32.15|14.78|22.85|1.79|1.79|13.12|14.67|2.66|3.15|3.04|6.18|-254.76|32.51|31.26|11.01|
|五粮液|000858.SZ|2022-11-03|5469.96|5469.73|23.4|21.01|5.1|5.1|20.43|24.68|8.26|7.57|1.83|2.15|126.68|5473.79|4680.53|14.8|
|新乳业|002946.SZ|2022-11-03|95.17|92.76|30.48|25.97|3.77|3.77|9.2|10.11|1.06|0.97|0.64|0.68|190.62|140.1|134.89|14.94|
|有友食品|603697.SH|2022-11-03|31.87|31.54|14.5|22.42|1.76|1.76|12.87|14.39|2.61|3.09|3.09|6.3|-249.92|31.89|30.64|10.79|
|五粮液|000858.SZ|2022-11-02|5574.77|5574.53|23.85|21.41|5.19|5.19|20.82|25.15|8.42|7.71|1.8|2.1|129.11|5578.59|4785.33|15.13|
|新乳业|002946.SZ|2022-11-02|95|92.59|30.42|25.93|3.77|3.77|9.18|10.09|1.06|0.97|0.64|0.68|190.27|139.93|134.72|14.92|
|有友食品|603697.SH|2022-11-02|32.21|31.88|14.65|22.66|1.78|1.78|13.01|14.55|2.64|3.13|3.06|6.24|-252.58|32.23|30.98|10.91|
|五粮液|000858.SZ|2022-11-01|5534.4|5534.16|23.67|21.25|5.16|5.16|20.67|24.97|8.36|7.66|1.81|2.12|128.18|5538.22|4744.97|15|
|新乳业|002946.SZ|2022-11-01|93.35|90.98|29.9|25.48|3.7|3.7|9.02|9.92|1.04|0.95|0.65|0.7|186.97|138.28|133.07|14.74|
|有友食品|603697.SH|2022-11-01|32.15|31.81|14.62|22.61|1.77|1.77|12.99|14.52|2.64|3.12|3.07|6.25|-252.1|32.17|30.92|10.89|
|五粮液|000858.SZ|2022-10-31|5181.95|5181.73|22.17|19.9|4.83|4.83|19.35|23.38|7.83|7.17|1.93|2.26|120.01|5185.77|4392.52|13.88|
|新乳业|002946.SZ|2022-10-31|89.37|87.1|28.62|24.39|3.54|3.54|8.63|9.49|1|0.91|0.68|0.73|178.99|134.3|129.08|14.3|
|有友食品|603697.SH|2022-10-31|30.64|30.32|13.94|21.55|1.69|1.69|12.37|13.83|2.51|2.97|3.22|6.56|-240.24|30.66|29.41|10.35|
|五粮液|000858.SZ|2022-10-28|5337.21|5336.99|22.83|20.5|4.97|4.97|19.93|24.08|8.06|7.39|1.88|2.2|123.61|5341.04|4547.78|14.38|
|新乳业|002946.SZ|2022-10-28|88.41|86.17|28.31|24.89|3.48|3.43|8.54|8.39|0.99|0.94|0.69|0.74|196.87|130.99|124.82|13.82|
|有友食品|603697.SH|2022-10-28|29.96|29.65|13.63|21.07|1.65|1.65|12.1|13.53|2.46|2.91|3.29|6.71|-234.92|29.98|28.73|10.12|
|五粮液|000858.SZ|2022-10-27|5321.68|5321.46|22.76|21.05|5.2|5.2|19.88|26.67|8.04|7.53|1.88|2.21|120.81|5325.53|4572.31|14.45|
|新乳业|002946.SZ|2022-10-27|93.27|90.9|29.87|26.25|3.67|3.62|9.01|8.85|1.04|0.99|0.65|0.7|207.68|135.84|129.68|14.36|
|有友食品|603697.SH|2022-10-27|31.96|31.63|14.54|21.16|1.8|1.8|12.91|19.06|2.62|2.89|3.08|6.28|-487.96|31.98|28.85|10.16|
|五粮液|000858.SZ|2022-10-26|5566.23|5565.99|23.81|22.02|5.43|5.43|20.79|27.89|8.41|7.88|1.8|2.11|126.36|5570.07|4816.85|15.23|
|新乳业|002946.SZ|2022-10-26|92.49|90.14|29.62|26.03|3.64|3.59|8.94|8.78|1.03|0.98|0.66|0.7|205.95|135.06|128.9|14.28|
|有友食品|603697.SH|2022-10-26|30.95|30.62|14.08|20.49|1.74|1.74|12.5|18.45|2.54|2.8|3.19|6.49|-472.41|30.97|27.83|9.8|
|五粮液|000858.SZ|2022-10-25|5516.54|5516.31|23.6|21.83|5.39|5.39|20.6|27.65|8.33|7.8|1.82|2.13|125.24|5520.38|4767.17|15.07|
|新乳业|002946.SZ|2022-10-25|90.75|88.45|29.06|25.55|3.57|3.52|8.77|8.61|1.01|0.96|0.67|0.72|202.09|133.33|127.16|14.08|
|有友食品|603697.SH|2022-10-25|30.42|30.1|13.84|20.14|1.71|1.71|12.29|18.14|2.49|2.75|3.24|6.6|-464.41|30.44|27.31|9.62|
|五粮液|000858.SZ|2022-10-24|5559.63|5559.39|23.78|22|5.43|5.43|20.76|27.86|8.4|7.87|1.8|2.11|126.21|5563.47|4810.25|15.21|
|新乳业|002946.SZ|2022-10-24|91.97|89.63|29.45|25.89|3.62|3.57|8.89|8.73|1.03|0.98|0.66|0.71|204.79|134.54|128.38|14.22|
|有友食品|603697.SH|2022-10-24|30.85|30.53|14.03|20.43|1.74|1.74|12.46|18.4|2.53|2.79|3.2|6.51|-471|30.87|27.74|9.77|
|五粮液|000858.SZ|2022-10-21|5905.87|5905.62|25.26|23.37|5.77|5.77|22.06|29.6|8.92|8.36|1.7|1.99|134.07|5909.71|5156.49|16.3|
|新乳业|002946.SZ|2022-10-21|93.96|91.58|30.09|26.45|3.7|3.65|9.08|8.92|1.05|1|0.65|0.69|209.23|136.53|130.37|14.44|
|有友食品|603697.SH|2022-10-21|31.72|31.39|14.43|21|1.79|1.79|12.81|18.91|2.6|2.87|3.11|6.33|-484.19|31.74|28.6|10.07|
|五粮液|000858.SZ|2022-10-20|5983.5|5983.25|25.6|23.67|5.84|5.84|22.35|29.99|9.04|8.47|1.67|1.96|135.84|5987.34|5234.13|16.55|
|新乳业|002946.SZ|2022-10-20|94.05|91.66|30.12|26.47|3.7|3.65|9.09|8.93|1.05|1|0.65|0.69|209.42|136.62|130.46|14.45|
|有友食品|603697.SH|2022-10-20|31.66|31.33|14.4|20.96|1.78|1.78|12.79|18.88|2.6|2.87|3.11|6.35|-483.25|31.67|28.54|10.05|
|五粮液|000858.SZ|2022-10-19|5997.08|5996.83|25.65|23.73|5.85|5.85|22.4|30.05|9.06|8.48|1.67|1.96|136.15|6000.93|5247.71|16.59|
|新乳业|002946.SZ|2022-10-19|95.17|92.76|30.48|26.79|3.75|3.7|9.2|9.03|1.06|1.01|0.64|0.68|211.93|137.75|131.59|14.57|
|有友食品|603697.SH|2022-10-19|31.81|31.48|14.47|21.06|1.79|1.79|12.85|18.97|2.61|2.88|3.1|6.32|-485.6|31.83|28.7|10.1|
|五粮液|000858.SZ|2022-10-18|6160.11|6159.85|26.35|24.37|6.01|6.01|23.01|30.87|9.3|8.72|1.63|1.9|139.85|6163.95|5410.74|17.1|
|新乳业|002946.SZ|2022-10-18|97.6|95.12|31.26|27.47|3.84|3.79|9.43|9.26|1.09|1.03|0.62|0.67|217.33|140.17|134.01|14.84|
|有友食品|603697.SH|2022-10-18|32.86|32.52|14.95|21.76|1.85|1.85|13.27|19.59|2.69|2.98|3|6.11|-501.61|32.88|29.75|10.47|
|五粮液|000858.SZ|2022-10-17|6119.36|6119.1|26.18|24.21|5.97|5.97|22.85|30.67|9.24|8.66|1.64|1.92|138.92|6123.2|5369.98|16.97|
|新乳业|002946.SZ|2022-10-17|98.47|95.97|31.53|27.72|3.88|3.82|9.51|9.35|1.1|1.04|0.62|0.66|219.26|141.04|134.88|14.94|
|有友食品|603697.SH|2022-10-17|32.86|32.52|14.95|21.76|1.85|1.85|13.27|19.59|2.69|2.98|3|6.11|-501.61|32.88|29.75|10.47|
|五粮液|000858.SZ|2022-10-14|6176.41|6176.16|26.42|24.44|6.03|6.03|23.07|30.95|9.33|8.74|1.62|1.9|140.22|6180.26|5427.04|17.15|
|新乳业|002946.SZ|2022-10-14|97.69|95.21|31.28|27.5|3.85|3.79|9.44|9.27|1.09|1.04|0.62|0.67|217.53|140.26|134.1|14.85|
|有友食品|603697.SH|2022-10-14|32.95|32.61|14.99|21.82|1.85|1.85|13.31|19.65|2.7|2.98|2.99|6.1|-503.03|32.97|29.84|10.51|
|五粮液|000858.SZ|2022-10-13|5960.99|5960.74|25.5|23.58|5.82|5.82|22.26|29.87|9|8.43|1.68|1.97|135.33|5964.83|5211.61|16.47|
|新乳业|002946.SZ|2022-10-13|96.48|94.03|30.9|27.16|3.8|3.75|9.32|9.16|1.08|1.02|0.63|0.67|214.82|139.05|132.89|14.72|
|有友食品|603697.SH|2022-10-13|32.49|32.15|14.78|21.51|1.83|1.83|13.12|19.37|2.66|2.94|3.04|6.18|-495.96|32.51|29.38|10.34|
|五粮液|000858.SZ|2022-10-12|6078.6|6078.34|26|24.05|5.93|5.93|22.7|30.46|9.18|8.6|1.65|1.93|138|6082.44|5329.23|16.85|
|新乳业|002946.SZ|2022-10-12|96.04|93.6|30.76|27.04|3.78|3.73|9.28|9.12|1.07|1.02|0.63|0.68|213.86|138.61|132.45|14.67|
|有友食品|603697.SH|2022-10-12|31.87|31.54|14.5|21.1|1.79|1.79|12.87|19.01|2.61|2.89|3.09|6.3|-486.54|31.89|28.76|10.13|
|五粮液|000858.SZ|2022-10-11|6155.84|6155.58|26.33|24.35|6.01|6.01|22.99|30.85|9.3|8.71|1.63|1.91|139.75|6159.68|5406.47|17.09|
|新乳业|002946.SZ|2022-10-11|93.35|90.98|29.9|26.28|3.68|3.63|9.02|8.86|1.04|0.99|0.65|0.7|207.88|135.93|129.76|14.37|
|有友食品|603697.SH|2022-10-11|31.44|31.11|14.3|20.82|1.77|1.77|12.7|18.75|2.58|2.85|3.14|6.39|-479.95|31.46|28.33|9.97|
|五粮液|000858.SZ|2022-10-10|6167.88|6167.62|26.38|24.4|6.02|6.02|23.04|30.91|9.32|8.73|1.62|1.9|140.02|6171.72|5418.5|17.13|
|新乳业|002946.SZ|2022-10-10|94.22|91.83|30.17|26.52|3.71|3.66|9.1|8.94|1.05|1|0.64|0.69|209.81|136.79|130.63|14.47|
|有友食品|603697.SH|2022-10-10|31.5|31.17|14.33|20.86|1.77|1.77|12.72|18.79|2.58|2.85|3.13|6.38|-480.89|31.52|28.39|10|
|五粮液|000858.SZ|2022-09-30|6568.85|6568.57|28.1|25.99|6.41|6.41|24.53|32.92|9.92|9.29|1.52|1.79|149.13|6572.69|5819.47|18.4|
|新乳业|002946.SZ|2022-09-30|94.57|92.17|30.29|26.62|3.72|3.67|9.14|8.98|1.05|1|0.64|0.69|210.58|137.14|130.98|14.51|
|有友食品|603697.SH|2022-09-30|32.49|32.15|14.78|21.51|1.83|1.83|13.12|19.37|2.66|2.94|3.04|6.18|-495.96|32.51|29.38|10.34|
|五粮液|000858.SZ|2022-09-29|6540.9|6540.62|27.98|25.88|6.39|6.39|24.43|32.78|9.88|9.25|1.53|1.79|148.49|6544.74|5791.53|18.31|
|新乳业|002946.SZ|2022-09-29|95.52|93.1|30.59|26.89|3.76|3.71|9.23|9.07|1.07|1.01|0.64|0.68|212.7|138.09|131.93|14.61|
|有友食品|603697.SH|2022-09-29|32.43|32.09|14.75|21.47|1.83|1.83|13.1|19.34|2.66|2.94|3.04|6.19|-495.02|32.45|29.31|10.32|
|五粮液|000858.SZ|2022-09-28|6583.21|6582.93|28.16|26.05|6.43|6.43|24.59|32.99|9.94|9.31|1.52|1.78|149.45|6587.05|5833.83|18.44|
|新乳业|002946.SZ|2022-09-28|97.08|94.62|31.09|27.33|3.82|3.77|9.38|9.21|1.08|1.03|0.63|0.67|216.18|139.65|133.49|14.78|
|有友食品|603697.SH|2022-09-28|33.14|32.79|15.07|21.94|1.87|1.87|13.38|19.76|2.72|3|2.98|6.06|-505.85|33.16|30.02|10.57|
|五粮液|000858.SZ|2022-09-27|6630.95|6630.67|28.37|26.23|6.47|6.47|24.77|33.23|10.02|9.38|1.51|1.77|150.54|6634.79|5881.58|18.59|
|新乳业|002946.SZ|2022-09-27|98.56|96.05|31.56|27.74|3.88|3.83|9.52|9.35|1.1|1.04|0.62|0.66|219.46|141.13|134.97|14.95|
|有友食品|603697.SH|2022-09-27|33.32|32.97|15.16|22.06|1.88|1.88|13.46|19.87|2.73|3.02|2.96|6.03|-508.68|33.34|30.21|10.64|
|五粮液|000858.SZ|2022-09-26|6292.47|6292.21|26.92|24.9|6.14|6.14|23.5|31.53|9.5|8.9|1.59|1.86|142.85|6296.32|5543.1|17.52|
|新乳业|002946.SZ|2022-09-26|92.31|89.97|29.56|25.99|3.64|3.58|8.92|8.76|1.03|0.98|0.66|0.7|205.56|134.89|128.72|14.26|
|有友食品|603697.SH|2022-09-26|31.69|31.36|14.41|20.98|1.78|1.78|12.8|18.9|2.6|2.87|3.11|6.34|-483.72|31.71|28.57|10.06|
|五粮液|000858.SZ|2022-09-23|6176.8|6176.54|26.42|24.44|6.03|6.03|23.07|30.95|9.33|8.74|1.62|1.9|140.23|6180.65|5427.43|17.16|
|新乳业|002946.SZ|2022-09-23|93.35|90.98|29.9|26.28|3.68|3.63|9.02|8.86|1.04|0.99|0.65|0.7|207.88|135.93|129.76|14.37|
|有友食品|603697.SH|2022-09-23|32.4|32.06|14.74|21.45|1.82|1.82|13.08|19.32|2.66|2.93|3.04|6.2|-494.55|32.42|29.28|10.31|
|五粮液|000858.SZ|2022-09-22|6167.88|6167.62|26.38|24.4|6.02|6.02|23.04|30.91|9.32|8.73|1.62|1.9|140.02|6171.72|5418.5|17.13|
|新乳业|002946.SZ|2022-09-22|93.79|91.41|30.04|26.4|3.69|3.64|9.06|8.9|1.05|0.99|0.65|0.69|208.84|136.36|130.2|14.42|
|有友食品|603697.SH|2022-09-22|32.83|32.49|14.93|21.74|1.85|1.85|13.26|19.58|2.69|2.97|3|6.12|-501.14|32.85|29.71|10.46|
|五粮液|000858.SZ|2022-09-21|6344.49|6344.22|27.14|25.1|6.19|6.19|23.7|31.79|9.58|8.98|1.58|1.85|144.03|6348.33|5595.12|17.69|
|新乳业|002946.SZ|2022-09-21|95.61|93.18|30.62|26.91|3.77|3.71|9.24|9.07|1.07|1.01|0.64|0.68|212.89|138.18|132.02|14.62|
|有友食品|603697.SH|2022-09-21|33.63|33.28|15.3|22.27|1.89|1.89|13.58|20.05|2.76|3.04|2.93|5.97|-513.39|33.65|30.52|10.74|
|五粮液|000858.SZ|2022-09-20|6435.32|6435.05|27.53|25.46|6.28|6.28|24.03|32.25|9.72|9.1|1.56|1.82|146.09|6439.16|5685.95|17.97|
|新乳业|002946.SZ|2022-09-20|96.3|93.86|30.84|27.11|3.79|3.74|9.3|9.14|1.07|1.02|0.63|0.68|214.44|138.87|132.71|14.7|
|有友食品|603697.SH|2022-09-20|33.78|33.43|15.37|22.37|1.9|1.9|13.65|20.15|2.77|3.06|2.92|5.95|-515.74|33.8|30.67|10.8|
|五粮液|000858.SZ|2022-09-19|6327.8|6327.53|27.07|25.04|6.18|6.18|23.63|31.71|9.56|8.95|1.58|1.85|143.65|6331.64|5578.43|17.63|
|新乳业|002946.SZ|2022-09-19|93.44|91.07|29.92|26.3|3.68|3.63|9.03|8.87|1.04|0.99|0.65|0.7|208.07|136.01|129.85|14.38|
|有友食品|603697.SH|2022-09-19|33.54|33.19|15.26|22.21|1.89|1.89|13.55|20|2.75|3.04|2.94|5.99|-511.98|33.56|30.42|10.71|
|五粮液|000858.SZ|2022-09-16|6252.49|6252.23|26.75|24.74|6.1|6.1|23.35|31.33|9.44|8.85|1.6|1.88|141.94|6256.34|5503.12|17.4|
|新乳业|002946.SZ|2022-09-16|95.43|93.01|30.56|26.86|3.76|3.71|9.22|9.06|1.06|1.01|0.64|0.68|212.51|138.01|131.85|14.6|
|有友食品|603697.SH|2022-09-16|33.41|33.07|15.2|22.12|1.88|1.88|13.5|19.93|2.74|3.03|2.95|6.01|-510.09|33.43|30.3|10.67|
|五粮液|000858.SZ|2022-09-15|6381.36|6381.1|27.3|25.25|6.23|6.23|23.83|31.98|9.64|9.03|1.57|1.84|144.87|6385.21|5631.99|17.8|
|新乳业|002946.SZ|2022-09-15|96.65|94.19|30.95|27.21|3.81|3.75|9.34|9.17|1.08|1.02|0.63|0.67|215.21|139.22|133.06|14.74|
|有友食品|603697.SH|2022-09-15|34.28|33.92|15.59|22.7|1.93|1.93|13.85|20.44|2.81|3.1|2.88|5.86|-523.28|34.3|31.17|10.97|
|五粮液|000858.SZ|2022-09-14|6303.73|6303.47|26.97|24.94|6.15|6.15|23.54|31.59|9.52|8.92|1.59|1.86|143.11|6307.57|5554.36|17.56|
|新乳业|002946.SZ|2022-09-14|97.69|95.21|31.28|27.5|3.85|3.79|9.44|9.27|1.09|1.04|0.62|0.67|217.53|140.26|134.1|14.85|
|有友食品|603697.SH|2022-09-14|34.68|34.32|15.77|22.96|1.95|1.95|14.01|20.68|2.84|3.14|2.84|5.79|-529.4|34.7|31.57|11.11|
|五粮液|000858.SZ|2022-09-13|6351.48|6351.21|27.17|25.13|6.2|6.2|23.72|31.83|9.59|8.99|1.58|1.85|144.19|6355.32|5602.1|17.71|
|新乳业|002946.SZ|2022-09-13|98.21|95.72|31.45|27.65|3.87|3.81|9.49|9.32|1.1|1.04|0.62|0.66|218.69|140.78|134.62|14.91|
|有友食品|603697.SH|2022-09-13|35.2|34.84|16.01|23.31|1.98|1.98|14.22|20.99|2.89|3.19|2.8|5.71|-537.41|35.22|32.09|11.3|
|五粮液|000858.SZ|2022-09-09|6267.24|6266.98|26.81|24.8|6.12|6.12|23.41|31.41|9.47|8.87|1.6|1.87|142.28|6271.09|5517.87|17.44|
|新乳业|002946.SZ|2022-09-09|96.74|94.28|30.98|27.23|3.81|3.76|9.35|9.18|1.08|1.03|0.63|0.67|215.4|139.31|133.15|14.75|
|有友食品|603697.SH|2022-09-09|34.83|34.47|15.84|23.06|1.96|1.96|14.07|20.77|2.86|3.15|2.83|5.77|-531.76|34.85|31.72|11.17|
|五粮液|000858.SZ|2022-09-08|6174.47|6174.21|26.41|24.43|6.03|6.03|23.06|30.94|9.33|8.74|1.62|1.9|140.17|6178.32|5425.1|17.15|
|新乳业|002946.SZ|2022-09-08|96.13|93.69|30.79|27.06|3.79|3.73|9.29|9.12|1.07|1.02|0.63|0.68|214.05|138.7|132.54|14.68|
|有友食品|603697.SH|2022-09-08|35.08|34.72|15.96|23.23|1.97|1.97|14.17|20.92|2.88|3.18|2.81|5.73|-535.53|35.1|31.97|11.26|
|五粮液|000858.SZ|2022-09-07|6169.43|6169.17|26.39|24.41|6.02|6.02|23.04|30.92|9.32|8.73|1.62|1.9|140.06|6173.27|5420.06|17.13|
|新乳业|002946.SZ|2022-09-07|96.74|94.28|30.98|27.23|3.81|3.76|9.35|9.18|1.08|1.03|0.63|0.67|215.4|139.31|133.15|14.75|
|有友食品|603697.SH|2022-09-07|35.33|34.96|16.07|23.39|1.99|1.99|14.27|21.07|2.9|3.2|2.79|5.69|-539.29|35.35|32.21|11.34|
|五粮液|000858.SZ|2022-09-06|6231.15|6230.88|26.65|24.65|6.08|6.08|23.27|31.23|9.41|8.82|1.61|1.88|141.46|6234.99|5481.77|17.33|
|新乳业|002946.SZ|2022-09-06|97.17|94.7|31.12|27.35|3.83|3.77|9.39|9.22|1.08|1.03|0.62|0.67|216.37|139.74|133.58|14.79|
|有友食品|603697.SH|2022-09-06|35.26|34.9|16.04|23.35|1.99|1.99|14.24|21.03|2.89|3.19|2.8|5.7|-538.35|35.28|32.15|11.32|
|五粮液|000858.SZ|2022-09-05|6172.53|6172.27|26.4|24.42|6.03|6.03|23.05|30.93|9.32|8.73|1.62|1.9|140.13|6176.38|5423.16|17.14|
|新乳业|002946.SZ|2022-09-05|96.91|94.45|31.03|27.28|3.82|3.76|9.36|9.2|1.08|1.03|0.63|0.67|215.79|139.48|133.32|14.76|
|有友食品|603697.SH|2022-09-05|34.93|34.56|15.89|23.13|1.97|1.97|14.11|20.83|2.86|3.16|2.82|5.75|-533.17|34.95|31.81|11.2|
|五粮液|000858.SZ|2022-09-02|6281.99|6281.73|26.87|24.85|6.13|6.13|23.46|31.48|9.49|8.89|1.59|1.87|142.61|6285.84|5532.62|17.49|
|新乳业|002946.SZ|2022-09-02|99.86|97.32|31.98|28.11|3.93|3.88|9.65|9.48|1.11|1.06|0.61|0.65|222.35|142.43|136.27|15.09|
|有友食品|603697.SH|2022-09-02|35.79|35.42|16.28|23.7|2.01|2.01|14.46|21.34|2.93|3.24|2.75|5.61|-546.36|35.81|32.68|11.51|
|五粮液|000858.SZ|2022-09-01|6348.76|6348.49|27.16|25.12|6.2|6.2|23.71|31.82|9.59|8.98|1.58|1.85|144.13|6352.6|5599.39|17.7|
|新乳业|002946.SZ|2022-09-01|101.07|98.5|32.37|28.45|3.98|3.92|9.76|9.59|1.13|1.07|0.6|0.64|225.05|143.64|137.48|15.23|
|有友食品|603697.SH|2022-09-01|36.65|36.27|16.67|24.27|2.06|2.06|14.8|21.86|3.01|3.32|2.69|5.48|-559.55|36.67|33.54|11.81|
|五粮液|000858.SZ|2022-08-31|6489.66|6489.39|27.76|25.68|6.34|6.34|24.24|32.52|9.8|9.18|1.54|1.81|147.33|6493.5|5740.29|18.15|
|新乳业|002946.SZ|2022-08-31|104.02|101.38|33.31|29.28|4.1|4.04|10.05|9.87|1.16|1.1|0.58|0.63|231.62|146.59|140.43|15.55|
|有友食品|603697.SH|2022-08-31|35.57|35.2|16.18|23.56|2|2|14.37|21.21|2.92|3.22|2.77|5.65|-543.06|35.59|32.46|11.43|
|五粮液|000858.SZ|2022-08-30|6367|6366.73|27.24|25.19|6.22|6.22|23.78|31.91|9.62|9.01|1.57|1.84|144.54|6370.84|5617.63|17.76|
|新乳业|002946.SZ|2022-08-30|100.2|97.66|32.09|28.21|3.95|3.89|9.68|9.51|1.12|1.06|0.61|0.65|223.12|142.77|136.61|15.13|
|有友食品|603697.SH|2022-08-30|35.26|34.9|16.04|23.35|1.99|1.99|14.24|21.03|2.89|3.19|2.8|5.7|-538.35|35.28|32.15|11.32|
|五粮液|000858.SZ|2022-08-29|6418.24|6417.97|27.46|25.39|6.27|6.27|23.97|32.16|9.69|9.08|1.56|1.83|145.71|6422.08|5668.87|17.92|
|新乳业|002946.SZ|2022-08-29|99.08|96.56|31.73|30.35|3.85|3.9|9.57|10.17|1.1|1.07|0.61|0.66|313.24|141.13|137.33|15.21|
|有友食品|603697.SH|2022-08-29|34.93|34.56|15.89|23.13|1.97|1.97|14.11|20.83|2.86|3.16|2.82|5.75|-533.17|34.95|31.81|11.2|
|五粮液|000858.SZ|2022-08-26|6602.62|6602.34|28.24|26.12|6.45|6.45|24.66|33.09|9.97|9.34|1.52|1.78|149.89|6606.46|5853.24|18.5|
|新乳业|002946.SZ|2022-08-26|97.08|94.62|31.09|29.74|3.77|3.82|9.38|9.97|1.08|1.05|0.63|0.67|306.94|139.14|135.34|14.99|
|有友食品|603697.SH|2022-08-26|34.59|34.23|15.73|22.9|1.95|1.95|13.97|20.63|2.84|3.13|2.85|5.81|-527.99|34.61|31.47|11.08|
|五粮液|000858.SZ|2022-08-25|6575.83|6575.65|28.13|26.43|5.98|6.7|24.56|36.8|9.93|9.47|1.52|1.78|141.64|6579.46|5793.95|18.31|
|新乳业|002946.SZ|2022-08-25|94.48|92.08|30.26|28.94|3.67|3.72|9.13|9.7|1.05|1.02|0.64|0.69|298.71|136.54|132.74|14.7|
|有友食品|603697.SH|2022-08-25|33.88|33.52|15.41|22.43|1.91|1.91|13.68|20.2|2.78|3.07|2.91|5.93|-517.16|33.9|30.76|10.83|
|五粮液|000858.SZ|2022-08-24|6491.6|6491.42|27.77|26.1|5.91|6.61|24.25|36.33|9.8|9.35|1.54|1.81|139.83|6495.23|5709.72|18.05|
|新乳业|002946.SZ|2022-08-24|93.7|91.32|30.01|28.7|3.64|3.69|9.05|9.62|1.04|1.01|0.65|0.69|296.25|135.76|131.96|14.61|
|有友食品|603697.SH|2022-08-24|33.48|33.13|15.23|22.17|1.88|1.88|13.52|19.96|2.74|3.03|2.95|6|-511.03|33.5|30.36|10.69|
|五粮液|000858.SZ|2022-08-23|6521.1|6520.92|27.9|26.21|5.93|6.64|24.36|36.5|9.85|9.39|1.54|1.8|140.46|6524.73|5739.22|18.14|
|新乳业|002946.SZ|2022-08-23|95.61|93.18|30.62|29.28|3.71|3.76|9.24|9.81|1.07|1.03|0.64|0.68|302.28|137.66|133.87|14.83|
|有友食品|603697.SH|2022-08-23|34.22|33.86|15.56|22.66|1.93|1.93|13.82|20.4|2.81|3.1|2.88|5.87|-522.34|34.24|31.1|10.95|
|五粮液|000858.SZ|2022-08-22|6656.96|6656.77|28.48|26.76|6.06|6.78|24.86|37.26|10.05|9.59|1.5|1.76|143.39|6660.58|5875.07|18.57|
|新乳业|002946.SZ|2022-08-22|96.04|93.6|30.76|29.42|3.73|3.78|9.28|9.86|1.07|1.04|0.63|0.68|303.65|138.1|134.3|14.87|
|有友食品|603697.SH|2022-08-22|34.25|33.89|15.58|22.68|1.93|1.93|13.83|20.42|2.81|3.1|2.88|5.87|-522.81|34.27|31.13|10.96|
|五粮液|000858.SZ|2022-08-19|6740.8|6740.61|28.84|27.1|6.13|6.87|25.18|37.72|10.18|9.71|1.49|1.74|145.2|6744.43|5958.91|18.84|
|新乳业|002946.SZ|2022-08-19|95.43|92.77|30.56|29.23|3.71|3.81|9.22|9.8|1.06|1.03|0.64|0.68|301.73|137.49|133.69|14.81|
|有友食品|603697.SH|2022-08-19|33.75|33.4|15.35|22.35|1.9|1.9|13.63|20.13|2.77|3.06|2.92|5.95|-515.27|33.77|30.64|10.79|
|五粮液|000858.SZ|2022-08-18|6731.87|6731.68|28.8|27.06|6.13|6.86|25.14|37.67|10.17|9.7|1.49|1.74|145|6735.5|5949.99|18.81|
|新乳业|002946.SZ|2022-08-18|96.56|93.87|30.92|29.58|3.75|3.86|9.33|9.91|1.08|1.04|0.63|0.67|305.29|138.62|134.82|14.93|
|有友食品|603697.SH|2022-08-18|34.15|33.8|15.54|18.85|1.77|1.98|13.8|19.78|2.8|2.83|2.89|5.88|-196.96|34.17|32.02|11.27|
|五粮液|000858.SZ|2022-08-17|6839.39|6839.2|29.26|27.49|6.22|6.97|25.54|38.28|10.33|9.85|1.46|1.72|147.32|6843.02|6057.51|19.15|
|新乳业|002946.SZ|2022-08-17|97.26|94.54|31.15|29.79|3.78|3.88|9.4|9.98|1.08|1.05|0.62|0.67|307.48|139.31|135.51|15.01|
|有友食品|603697.SH|2022-08-17|34.68|34.32|15.77|19.14|1.8|2.01|14.01|20.08|2.84|2.88|2.84|5.79|-199.98|34.7|32.54|11.46|
|五粮液|000858.SZ|2022-08-16|6801.74|6801.55|29.1|27.34|6.19|6.93|25.4|38.07|10.27|9.8|1.47|1.73|146.51|6805.37|6019.86|19.03|
|新乳业|002946.SZ|2022-08-16|96.91|94.2|31.03|29.68|3.77|3.87|9.36|9.95|1.08|1.05|0.63|0.67|306.39|138.96|135.17|14.97|
|有友食品|603697.SH|2022-08-16|34.52|34.17|15.7|19.05|1.79|2|13.94|19.99|2.83|2.87|2.86|5.82|-199.09|34.54|32.39|11.4|
|五粮液|000858.SZ|2022-08-15|6831.63|6831.44|29.22|27.46|6.22|6.96|25.52|38.23|10.32|9.84|1.47|1.72|147.15|6835.26|6049.74|19.12|
|新乳业|002946.SZ|2022-08-15|97.6|94.88|31.26|29.89|3.79|3.9|9.43|10.02|1.09|1.05|0.62|0.67|308.58|139.66|135.86|15.05|
|有友食品|603697.SH|2022-08-15|34.43|34.07|15.66|19|1.79|1.99|13.91|19.94|2.82|2.86|2.86|5.83|-198.56|34.45|32.29|11.37|
|五粮液|000858.SZ|2022-08-12|6936.43|6936.24|29.67|27.88|6.31|7.07|25.91|38.82|10.48|9.99|1.44|1.69|149.41|6940.06|6154.55|19.45|
|新乳业|002946.SZ|2022-08-12|97.69|94.96|31.28|29.92|3.8|3.9|9.44|10.03|1.09|1.05|0.62|0.67|308.85|139.74|135.95|15.06|
|有友食品|603697.SH|2022-08-12|34.86|34.5|15.86|19.24|1.81|2.02|14.08|20.19|2.86|2.89|2.83|5.76|-201.05|34.88|32.73|11.52|
|五粮液|000858.SZ|2022-08-11|6905.77|6905.57|29.54|27.76|6.28|7.04|25.79|38.65|10.43|9.95|1.45|1.7|148.75|6909.39|6123.88|19.36|
|新乳业|002946.SZ|2022-08-11|97.26|94.54|31.15|29.79|3.78|3.88|9.4|9.98|1.08|1.05|0.62|0.67|307.48|139.31|135.51|15.01|
|有友食品|603697.SH|2022-08-11|35.02|34.65|15.93|19.32|1.82|2.03|14.14|20.28|2.87|2.91|2.82|5.74|-201.94|35.04|32.88|11.58|
|五粮液|000858.SZ|2022-08-10|6754|6753.81|28.89|27.15|6.15|6.88|25.23|37.8|10.2|9.73|1.48|1.74|145.48|6757.62|5972.11|18.88|
|新乳业|002946.SZ|2022-08-10|95.95|93.28|30.73|29.39|3.73|3.83|9.27|9.85|1.07|1.04|0.63|0.68|303.37|138.01|134.21|14.86|
|有友食品|603697.SH|2022-08-10|34.4|34.04|15.65|18.98|1.79|1.99|13.89|19.92|2.82|2.86|2.87|5.84|-198.38|34.42|32.26|11.36|
|五粮液|000858.SZ|2022-08-09|6869.67|6869.47|29.39|27.62|6.25|7|25.66|38.45|10.38|9.89|1.46|1.71|147.97|6873.29|6087.78|19.24|
|新乳业|002946.SZ|2022-08-09|96.91|94.2|31.03|29.68|3.77|3.87|9.36|9.95|1.08|1.05|0.63|0.67|306.39|138.96|135.17|14.97|
|有友食品|603697.SH|2022-08-09|34.56|34.2|15.72|19.07|1.79|2|13.96|20.01|2.83|2.87|2.85|5.81|-199.27|34.57|32.42|11.41|
|五粮液|000858.SZ|2022-08-08|6905.77|6905.57|29.54|27.76|6.28|7.04|25.79|38.65|10.43|9.95|1.45|1.7|148.75|6909.39|6123.88|19.36|
|新乳业|002946.SZ|2022-08-08|96.65|93.95|30.95|29.6|3.75|3.86|9.34|9.92|1.08|1.04|0.63|0.67|305.57|138.7|134.91|14.94|
|有友食品|603697.SH|2022-08-08|35.02|34.65|15.93|19.32|1.82|2.03|14.14|20.28|2.87|2.91|2.82|5.74|-201.94|35.04|32.88|11.58|
|五粮液|000858.SZ|2022-08-05|6955.07|6954.87|29.75|27.96|6.33|7.09|25.98|38.92|10.5|10.02|1.44|1.69|149.81|6958.69|6173.18|19.51|
|新乳业|002946.SZ|2022-08-05|97.52|94.79|31.23|29.87|3.79|3.89|9.42|10.01|1.09|1.05|0.62|0.67|308.31|139.57|135.77|15.04|
|有友食品|603697.SH|2022-08-05|34.96|34.59|15.9|19.29|1.82|2.02|14.12|20.24|2.87|2.9|2.82|5.75|-201.59|34.98|32.82|11.55|
|五粮液|000858.SZ|2022-08-04|6861.91|6861.71|29.35|27.58|6.24|6.99|25.63|38.4|10.36|9.88|1.46|1.71|147.81|6865.53|6080.02|19.22|
|新乳业|002946.SZ|2022-08-04|95.95|93.28|30.73|29.39|3.73|3.83|9.27|9.85|1.07|1.04|0.63|0.68|303.37|138.01|134.21|14.86|
|有友食品|603697.SH|2022-08-04|33.6|33.25|15.28|18.54|1.74|1.94|13.57|19.46|2.75|2.79|2.93|5.98|-193.76|33.62|31.46|11.08|
|五粮液|000858.SZ|2022-08-03|6776.9|6776.71|28.99|27.24|6.17|6.9|25.31|37.93|10.24|9.76|1.48|1.73|145.97|6780.52|5995.01|18.95|
|新乳业|002946.SZ|2022-08-03|93.61|91|29.98|28.67|3.64|3.74|9.04|9.61|1.04|1.01|0.65|0.69|295.97|135.67|131.87|14.6|
|有友食品|603697.SH|2022-08-03|33.11|32.76|15.06|18.27|1.72|1.92|13.37|19.17|2.71|2.75|2.98|6.07|-190.91|33.12|30.97|10.9|
|五粮液|000858.SZ|2022-08-02|6818.43|6818.24|29.17|27.41|6.2|6.95|25.47|38.16|10.3|9.82|1.47|1.72|146.87|6822.06|6036.55|19.08|
|新乳业|002946.SZ|2022-08-02|94.22|91.59|30.17|28.86|3.66|3.76|9.1|9.67|1.05|1.02|0.64|0.69|297.89|136.28|132.48|14.67|
|有友食品|603697.SH|2022-08-02|33.26|32.91|15.13|18.35|1.73|1.93|13.43|19.26|2.73|2.76|2.96|6.04|-191.8|33.28|31.12|10.96|
|五粮液|000858.SZ|2022-08-01|6931.78|6931.58|29.65|27.86|6.31|7.06|25.89|38.79|10.47|9.98|1.44|1.69|149.31|6935.4|6149.89|19.44|
|新乳业|002946.SZ|2022-08-01|97.95|95.21|31.37|30|3.81|3.91|9.46|10.05|1.09|1.06|0.62|0.66|309.68|140|136.21|15.08|
|有友食品|603697.SH|2022-08-01|34.62|34.26|15.75|19.1|1.8|2|13.98|20.05|2.84|2.87|2.85|5.8|-199.63|34.64|32.48|11.44|
|五粮液|000858.SZ|2022-07-29|6924.79|6924.59|29.62|27.84|6.3|7.05|25.86|38.75|10.46|9.97|1.45|1.69|149.16|6928.41|6142.9|19.42|
|新乳业|002946.SZ|2022-07-29|97|94.29|31.06|29.71|3.77|3.87|9.37|9.96|1.08|1.05|0.63|0.67|306.66|139.05|135.25|14.98|
|有友食品|603697.SH|2022-07-29|35.14|34.78|15.99|19.39|1.82|2.03|14.19|20.35|2.88|2.92|2.81|5.72|-202.65|35.16|33|11.62|
|五粮液|000858.SZ|2022-07-28|7263.26|7263.06|31.07|29.2|6.61|7.4|27.13|40.65|10.97|10.46|1.38|1.62|156.45|7266.89|6481.38|20.49|
|新乳业|002946.SZ|2022-07-28|99.16|96.39|31.76|30.37|3.85|3.96|9.58|10.18|1.11|1.07|0.61|0.66|313.51|141.22|137.42|15.22|
|有友食品|603697.SH|2022-07-28|35.6|35.23|16.2|19.65|1.85|2.06|14.38|20.62|2.92|2.96|2.77|5.64|-205.32|35.62|33.47|11.78|
|五粮液|000858.SZ|2022-07-27|7301.3|7301.1|31.23|29.35|6.64|7.44|27.27|40.86|11.03|10.52|1.37|1.61|157.27|7304.93|6519.42|20.61|
|新乳业|002946.SZ|2022-07-27|98.47|95.72|31.53|30.16|3.83|3.93|9.51|10.11|1.1|1.06|0.62|0.66|311.32|140.52|136.73|15.14|
|有友食品|603697.SH|2022-07-27|35.23|34.87|16.03|19.44|1.83|2.04|14.23|20.4|2.89|2.92|2.8|5.7|-203.19|35.25|33.1|11.65|
|五粮液|000858.SZ|2022-07-26|7413.48|7413.27|31.71|29.8|6.75|7.55|27.69|41.49|11.2|10.68|1.35|1.58|159.69|7417.11|6631.6|20.96|
|新乳业|002946.SZ|2022-07-26|98.3|95.55|31.48|30.11|3.82|3.92|9.5|10.09|1.1|1.06|0.62|0.66|310.77|140.35|136.55|15.12|
|有友食品|603697.SH|2022-07-26|35.11|34.75|15.97|19.38|1.82|2.03|14.18|20.33|2.88|2.91|2.81|5.72|-202.48|35.13|32.97|11.61|
|五粮液|000858.SZ|2022-07-25|7300.53|7300.32|31.23|29.35|6.64|7.44|27.27|40.86|11.03|10.51|1.37|1.61|157.25|7304.15|6518.64|20.61|
|新乳业|002946.SZ|2022-07-25|97.78|95.04|31.31|29.95|3.8|3.9|9.45|10.04|1.09|1.05|0.62|0.67|309.13|139.83|136.03|15.06|
|有友食品|603697.SH|2022-07-25|34.93|34.56|15.89|19.27|1.81|2.02|14.11|20.22|2.86|2.9|2.82|5.75|-201.41|34.95|32.79|11.54|
|五粮液|000858.SZ|2022-07-22|7216.3|7216.09|30.87|29.01|6.57|7.35|26.95|40.39|10.9|10.39|1.39|1.63|155.44|7219.92|6434.41|20.34|
|新乳业|002946.SZ|2022-07-22|97.08|94.37|31.09|29.74|3.77|3.88|9.38|9.97|1.08|1.05|0.63|0.67|306.94|139.14|135.34|14.99|
|有友食品|603697.SH|2022-07-22|35.08|34.72|15.96|19.36|1.82|2.03|14.17|20.31|2.88|2.91|2.81|5.73|-202.3|35.1|32.94|11.6|
|五粮液|000858.SZ|2022-07-21|7246.96|7246.76|31|29.13|6.59|7.38|27.07|40.56|10.95|10.44|1.38|1.62|156.1|7250.59|6465.08|20.44|
|新乳业|002946.SZ|2022-07-21|96.82|94.12|31.01|29.66|3.76|3.87|9.35|9.94|1.08|1.04|0.63|0.67|306.11|138.88|135.08|14.96|
|有友食品|603697.SH|2022-07-21|35.05|34.68|15.94|19.34|1.82|2.03|14.16|20.3|2.87|2.91|2.81|5.73|-202.12|35.07|32.91|11.59|
|五粮液|000858.SZ|2022-07-20|7340.51|7340.3|31.4|29.51|6.68|7.48|27.42|41.08|11.09|10.57|1.36|1.6|158.11|7344.13|6558.62|20.73|
|新乳业|002946.SZ|2022-07-20|99.77|96.98|31.95|30.56|3.88|3.98|9.64|10.24|1.11|1.08|0.61|0.65|315.43|141.82|138.03|15.29|
|有友食品|603697.SH|2022-07-20|35.51|35.14|16.15|19.6|1.84|2.06|14.34|20.56|2.91|2.95|2.78|5.66|-204.79|35.53|33.37|11.75|
|五粮液|000858.SZ|2022-07-19|7332.36|7332.15|31.37|29.48|6.67|7.47|27.39|41.04|11.07|10.56|1.37|1.6|157.94|7335.98|6550.47|20.71|
|新乳业|002946.SZ|2022-07-19|98.9|96.14|31.67|30.29|3.84|3.95|9.56|10.15|1.1|1.07|0.61|0.66|312.69|140.96|137.16|15.19|
|有友食品|603697.SH|2022-07-19|35.79|35.36|16.28|19.75|1.86|2.07|14.45|20.72|2.93|2.97|2.76|5.61|-206.38|35.81|33.65|11.85|
|五粮液|000858.SZ|2022-07-18|7271.42|7271.21|31.1|29.23|6.62|7.41|27.16|40.69|10.98|10.47|1.38|1.61|156.63|7275.04|6489.53|20.51|
|新乳业|002946.SZ|2022-07-18|98.21|95.47|31.45|30.08|3.82|3.92|9.49|10.08|1.1|1.06|0.62|0.66|310.5|140.26|136.47|15.11|
|有友食品|603697.SH|2022-07-18|35.01|34.59|15.93|19.32|1.82|2.02|14.14|20.28|2.87|2.91|2.82|5.74|-201.92|35.03|32.88|11.58|
|五粮液|000858.SZ|2022-07-15|7371.17|7370.96|31.53|29.63|6.71|7.51|27.53|41.25|11.13|10.62|1.36|1.59|158.78|7374.8|6589.29|20.83|
|新乳业|002946.SZ|2022-07-15|97|94.29|31.06|29.71|3.77|3.87|9.37|9.96|1.08|1.05|0.63|0.67|306.66|139.05|135.25|14.98|
|有友食品|603697.SH|2022-07-15|34.61|34.2|15.74|19.1|1.8|2|13.98|20.04|2.84|2.87|2.85|5.8|-199.61|34.63|32.48|11.43|
|五粮液|000858.SZ|2022-07-14|7380.1|7379.89|31.57|29.67|6.72|7.52|27.56|41.3|11.15|10.63|1.36|1.59|158.97|7383.73|6598.22|20.86|
|新乳业|002946.SZ|2022-07-14|98.56|95.8|31.56|30.19|3.83|3.94|9.52|10.12|1.1|1.06|0.62|0.66|311.59|140.61|136.81|15.15|
|有友食品|603697.SH|2022-07-14|35.45|35.02|16.12|19.56|1.84|2.05|14.32|20.53|2.91|2.94|2.78|5.67|-204.42|35.47|33.31|11.73|
|五粮液|000858.SZ|2022-07-13|7495.39|7495.17|32.06|30.13|6.82|7.64|27.99|41.95|11.32|10.8|1.34|1.57|161.45|7499.01|6713.5|21.22|
|新乳业|002946.SZ|2022-07-13|99.25|96.48|31.78|30.4|3.86|3.96|9.59|10.19|1.11|1.07|0.61|0.66|313.79|141.3|137.51|15.23|
|有友食品|603697.SH|2022-07-13|36.1|35.66|16.42|19.92|1.87|2.08|14.58|20.9|2.96|3|2.73|5.57|-208.16|36.12|33.96|11.96|
|五粮液|000858.SZ|2022-07-12|7375.06|7374.85|31.55|29.65|6.71|7.51|27.54|41.27|11.14|10.62|1.36|1.59|158.86|7378.68|6593.17|20.84|
|新乳业|002946.SZ|2022-07-12|98.56|95.8|31.56|30.19|3.83|3.94|9.52|10.12|1.1|1.06|0.62|0.66|311.59|140.61|136.81|15.15|
|有友食品|603697.SH|2022-07-12|35.85|35.42|16.31|19.78|1.86|2.07|14.48|20.76|2.94|2.98|2.75|5.6|-206.74|35.87|33.71|11.87|
|五粮液|000858.SZ|2022-07-11|7350.99|7350.78|31.45|29.55|6.69|7.49|27.45|41.14|11.1|10.59|1.36|1.6|158.34|7354.61|6569.1|20.76|
|新乳业|002946.SZ|2022-07-11|101.16|98.33|32.4|30.98|3.93|4.04|9.77|10.38|1.13|1.09|0.6|0.64|319.82|143.21|139.41|15.44|
|有友食品|603697.SH|2022-07-11|36.62|36.18|16.66|20.21|1.9|2.12|14.79|21.21|3|3.04|2.69|5.49|-211.19|36.64|34.48|12.14|
|五粮液|000858.SZ|2022-07-08|7479.86|7479.65|32|30.07|6.81|7.62|27.94|41.86|11.3|10.77|1.34|1.57|161.12|7483.48|6697.97|21.17|
|新乳业|002946.SZ|2022-07-08|102.54|99.68|32.84|31.41|3.98|4.09|9.91|10.53|1.14|1.11|0.59|0.63|324.2|144.6|140.8|15.59|
|有友食品|603697.SH|2022-07-08|37.39|36.94|17.01|20.64|1.94|2.16|15.1|21.65|3.07|3.1|2.64|5.37|-215.65|37.41|35.26|12.41|
|五粮液|000858.SZ|2022-07-07|7436.77|7436.56|31.81|29.89|6.77|7.58|27.78|41.62|11.23|10.71|1.35|1.58|160.19|7440.4|6654.89|21.04|
|新乳业|002946.SZ|2022-07-07|103.41|100.52|33.12|31.67|4.02|4.13|9.99|10.62|1.15|1.12|0.59|0.63|326.94|145.46|141.67|15.69|
|有友食品|603697.SH|2022-07-07|37.46|37.01|17.04|20.67|1.95|2.16|15.13|21.69|3.07|3.11|2.63|5.36|-216|37.48|35.32|12.44|
|五粮液|000858.SZ|2022-07-06|7559.04|7558.83|32.34|30.39|6.88|7.7|28.23|42.3|11.42|10.89|1.32|1.55|162.82|7562.67|6777.16|21.42|
|新乳业|002946.SZ|2022-07-06|104.8|101.87|33.56|32.1|4.07|4.18|10.12|10.76|1.17|1.13|0.58|0.62|331.33|146.85|143.05|15.84|
|有友食品|603697.SH|2022-07-06|40.61|40.12|18.47|22.41|2.11|2.1|16.4|23.52|3.33|3.37|2.43||-234.18|40.63|38.47|13.54|
|五粮液|000858.SZ|2022-07-05|7709.26|7709.04|32.98|30.99|7.02|7.85|28.79|43.14|11.64|11.1|1.3|1.52|166.06|7712.89|6927.38|21.9|
|新乳业|002946.SZ|2022-07-05|108.78|105.75|34.84|33.32|4.23|4.34|10.51|11.17|1.21|1.17|0.56|0.6|343.93|150.84|147.04|16.28|
|有友食品|603697.SH|2022-07-05|40.73|40.24|18.53|22.48|2.12|2.11|16.45|23.59|3.34|3.38|2.42||-234.89|40.75|38.59|13.59|
|五粮液|000858.SZ|2022-07-04|7803.58|7803.36|33.38|31.37|7.1|7.95|29.15|43.67|11.79|11.24|1.28|1.5|168.09|7807.21|7021.7|22.2|
|新乳业|002946.SZ|2022-07-04|109.65|106.59|35.12|33.58|4.26|4.38|10.59|11.26|1.22|1.18|0.55|0.59|346.67|151.7|147.91|16.38|
|有友食品|603697.SH|2022-07-04|41.88|41.37|19.05|23.11|2.17|2.17|16.91|24.25|3.43|3.48|2.35||-241.49|41.9|39.74|13.99|
|五粮液|000858.SZ|2022-07-01|7879.66|7879.44|33.71|31.68|7.17|8.03|29.43|44.1|11.9|11.35|1.27|1.49|169.73|7883.29|7097.78|22.44|
|新乳业|002946.SZ|2022-07-01|112.66|109.45|36.08|34.51|4.38|4.49|10.88|11.56|1.26|1.22|0.54|0.58|356.18|154.71|150.92|16.71|
|有友食品|603697.SH|2022-07-01|42.52|42.01|19.34|23.47|2.21|2.2|17.18|24.63|3.49|3.53|2.32||-245.23|42.54|40.39|14.22|
|五粮液|000858.SZ|2022-06-30|7838.13|7837.91|33.53|31.51|7.13|7.99|29.27|43.87|11.84|11.29|1.28|1.5|168.83|7841.76|7056.25|22.3|
|新乳业|002946.SZ|2022-06-30|112.66|109.45|36.08|34.51|4.38|4.49|10.88|11.56|1.26|1.22|0.54|0.58|356.18|154.71|150.92|16.71|
|有友食品|603697.SH|2022-06-30|40.7|40.21|18.51|22.46|2.11|2.11|16.44|23.57|3.34|3.38|2.42||-234.72|40.72|38.56|13.58|
|五粮液|000858.SZ|2022-06-29|7452.69|7452.48|31.88|29.96|6.78|7.59|27.83|41.71|11.26|10.73|1.34|1.57|160.53|7456.31|6670.8|21.09|
|新乳业|002946.SZ|2022-06-29|107.72|104.65|34.5|32.99|4.18|4.29|10.41|11.06|1.2|1.16|0.56|0.6|340.55|149.77|145.97|16.17|
|有友食品|603697.SH|2022-06-29|38.88|38.41|17.68|21.45|2.02|2.01|15.7|22.51|3.19|3.23|2.54||-224.2|38.9|36.74|12.94|
|五粮液|000858.SZ|2022-06-28|7749.63|7749.41|33.15|31.15|7.05|7.05|28.94|43.37|11.7|11.16|1.29|1.29|166.93|7753.26|6967.74|22.03|
|新乳业|002946.SZ|2022-06-28|107.37|104.31|34.38|32.89|4.17|4.28|10.37|11.02|1.2|1.16|0.57|0.61|339.46|149.42|145.63|16.13|
|有友食品|603697.SH|2022-06-28|39.16|38.68|17.81|21.61|2.03|2.03|15.82|22.67|3.21|3.25|2.52||-225.8|39.18|37.02|13.03|
|五粮液|000858.SZ|2022-06-27|7491.5|7491.29|32.05|30.11|6.82|6.82|27.98|41.93|11.31|10.79|1.34|1.34|161.37|7495.13|6709.62|21.21|
|新乳业|002946.SZ|2022-06-27|106.5|103.47|34.11|32.62|4.14|4.24|10.29|10.93|1.19|1.15|0.57|0.61|336.72|148.56|144.76|16.03|
|有友食品|603697.SH|2022-06-27|38.91|38.44|17.7|21.47|2.02|2.01|15.72|22.53|3.19|3.23|2.53||-224.38|38.93|36.77|12.95|
|五粮液|000858.SZ|2022-06-24|7180.97|7180.77|30.72|28.87|6.53|6.53|26.82|40.19|10.85|10.34|1.39|1.39|154.68|7184.6|6399.09|20.23|
|新乳业|002946.SZ|2022-06-24|106.15|103.13|34|32.51|4.12|4.23|10.26|10.9|1.18|1.15|0.57|0.61|335.62|148.21|144.41|15.99|
|有友食品|603697.SH|2022-06-24|38.38|37.92|17.46|21.18|1.99|1.99|15.5|22.23|3.15|3.19|2.57||-221.35|38.4|36.25|12.76|
|五粮液|000858.SZ|2022-06-23|7002.42|7002.22|29.95|28.15|6.37|6.37|26.15|39.19|10.58|10.09|1.43|1.43|150.83|7006.05|6220.53|19.66|
|新乳业|002946.SZ|2022-06-23|103.38|100.44|33.11|31.66|4.02|4.12|9.99|10.61|1.15|1.12|0.59|0.63|326.84|145.43|141.64|15.69|
|有友食品|603697.SH|2022-06-23|37.64|37.19|17.12|20.77|1.95|1.95|15.2|21.8|3.09|3.12|2.62||-217.07|37.66|35.5|12.5|
|五粮液|000858.SZ|2022-06-22|6911.98|6911.78|29.57|27.79|6.29|6.29|25.82|38.68|10.44|9.96|1.45|1.45|148.88|6915.6|6130.09|19.38|
|新乳业|002946.SZ|2022-06-22|102.08|99.17|32.69|31.27|3.97|4.07|9.86|10.48|1.14|1.1|0.59|0.64|322.73|144.13|140.33|15.54|
|有友食品|603697.SH|2022-06-22|37.33|36.88|16.98|20.6|1.94|1.93|15.08|21.62|3.06|3.1|2.64||-215.29|37.35|35.19|12.39|
|五粮液|000858.SZ|2022-06-21|7051.33|7051.13|30.16|28.35|6.42|6.42|26.34|39.46|10.65|10.16|1.42|1.42|151.89|7054.95|6269.44|19.82|
|新乳业|002946.SZ|2022-06-21|104.25|101.28|33.38|31.93|4.05|4.16|10.07|10.7|1.16|1.12|0.58|0.62|329.59|146.3|142.5|15.78|
|有友食品|603697.SH|2022-06-21|38.04|37.59|17.31|20.99|1.98|1.97|15.37|22.03|3.12|3.16|2.59||-219.39|38.06|35.91|12.64|
|五粮液|000858.SZ|2022-06-20|7122.36|7122.16|30.47|28.63|6.48|6.48|26.6|39.86|10.76|10.26|1.41|1.41|153.42|7125.99|6340.48|20.04|
|新乳业|002946.SZ|2022-06-20|105.11|102.12|33.66|32.2|4.08|4.19|10.16|10.79|1.17|1.13|0.58|0.62|332.33|147.17|143.37|15.88|
|有友食品|603697.SH|2022-06-20|38.63|38.17|17.57|21.32|2.01|2|15.6|22.37|3.17|3.21|2.55||-222.78|38.65|36.49|12.85|
|五粮液|000858.SZ|2022-06-17|7032.7|7032.5|30.08|28.27|6.4|6.4|26.27|39.36|10.62|10.13|1.42|1.42|151.48|7036.32|6250.81|19.76|
|新乳业|002946.SZ|2022-06-17|104.77|101.79|33.55|32.09|4.07|4.18|10.12|10.75|1.17|1.13|0.58|0.62|331.23|146.82|143.02|15.84|
|有友食品|603697.SH|2022-06-17|38.17|37.71|17.36|21.06|1.98|1.98|15.42|22.1|3.13|3.17|2.58||-220.1|38.19|36.03|12.69|
|五粮液|000858.SZ|2022-06-16|6893.74|6893.54|29.49|27.71|6.27|6.27|25.75|38.58|10.41|9.93|1.45|1.45|148.49|6897.36|6111.85|19.32|
|新乳业|002946.SZ|2022-06-16|104.33|101.36|33.41|31.96|4.05|4.16|10.08|10.71|1.16|1.13|0.58|0.62|329.86|146.39|142.59|15.79|
|有友食品|603697.SH|2022-06-16|38.38|37.92|17.46|21.18|1.99|1.99|15.5|22.23|3.15|3.19|2.57||-221.35|38.4|36.25|12.76|
|五粮液|000858.SZ|2022-06-15|6881.31|6881.12|29.44|27.66|6.26|6.26|25.7|38.51|10.39|9.91|1.46|1.46|148.22|6884.94|6099.43|19.28|
|新乳业|002946.SZ|2022-06-15|103.64|100.69|33.19|31.74|4.03|4.13|10.01|10.64|1.16|1.12|0.59|0.63|327.67|145.69|141.9|15.71|
|有友食品|603697.SH|2022-06-15|36.9|36.46|16.79|20.36|1.92|1.91|14.9|21.37|3.03|3.06|2.67||-212.79|36.92|34.76|12.24|
|五粮液|000858.SZ|2022-06-14|6746.23|6746.04|28.86|27.12|6.14|6.14|25.2|37.76|10.19|9.72|1.48|1.48|145.31|6749.86|5964.35|18.85|
|新乳业|002946.SZ|2022-06-14|103.55|100.61|33.16|31.72|4.02|4.02|10|10.63|1.15|1.12|0.59|0.59|327.39|145.61|141.81|15.7|
|有友食品|603697.SH|2022-06-14|36.81|36.36|16.74|20.31|1.91|1.9|14.87|21.31|3.02|3.05|2.68|2.68|-212.26|36.83|34.67|12.21|
|五粮液|000858.SZ|2022-06-13|6696.16|6695.97|28.64|26.92|6.09|6.09|25.01|37.47|10.11|9.64|1.5|1.5|144.24|6699.79|5914.28|18.7|
|新乳业|002946.SZ|2022-06-13|103.29|100.35|33.08|31.64|4.01|4.01|9.98|10.6|1.15|1.11|0.59|0.59|326.57|145.35|141.55|15.68|
|有友食品|603697.SH|2022-06-13|36.59|36.15|16.64|20.19|1.9|1.89|14.78|21.19|3|3.04|2.69|2.69|-211.01|36.61|34.45|12.13|
|五粮液|000858.SZ|2022-06-10|6886.75|6886.55|29.46|27.68|6.27|6.27|25.72|38.54|10.4|9.92|1.45|1.45|148.34|6890.37|6104.86|19.3|
|新乳业|002946.SZ|2022-06-10|103.38|100.44|33.11|31.66|4.02|4.02|9.99|10.61|1.15|1.12|0.59|0.59|326.84|145.43|141.64|15.69|
|有友食品|603697.SH|2022-06-10|36.84|36.39|16.76|20.33|1.91|1.91|14.88|21.33|3.02|3.06|2.68|2.68|-212.44|36.86|34.7|12.22|
|五粮液|000858.SZ|2022-06-09|6832.02|6831.82|29.23|27.46|6.22|6.22|25.52|38.24|10.32|9.84|1.47|1.47|147.16|6835.64|6050.13|19.12|
|新乳业|002946.SZ|2022-06-09|101.04|98.16|32.36|30.95|3.93|3.93|9.76|10.37|1.13|1.09|0.6|0.6|319.44|143.09|139.29|15.43|
|有友食品|603697.SH|2022-06-09|36.71|36.27|16.7|20.26|1.91|1.9|14.83|21.26|3.01|3.05|2.69|2.69|-211.73|36.73|34.58|12.17|
|五粮液|000858.SZ|2022-06-08|6914.31|6914.11|29.58|27.79|6.29|6.29|25.82|38.7|10.44|9.96|1.45|1.45|148.93|6917.93|6132.42|19.38|
|新乳业|002946.SZ|2022-06-08|103.38|100.44|33.11|31.66|4.02|4.02|9.99|10.61|1.15|1.12|0.59|0.59|326.84|145.43|141.64|15.69|
|有友食品|603697.SH|2022-06-08|37.43|36.97|17.02|20.65|1.94|1.94|15.12|21.67|3.07|3.11|2.63|2.63|-215.82|37.45|35.29|12.42|
|五粮液|000858.SZ|2022-06-07|6758.66|6758.46|28.91|27.17|6.15|6.15|25.24|37.82|10.21|9.73|1.48|1.48|145.58|6762.28|5976.77|18.89|
|新乳业|002946.SZ|2022-06-07|103.12|100.18|33.02|31.58|4.01|4.01|9.96|10.59|1.15|1.11|0.59|0.59|326.02|145.17|141.38|15.66|
|有友食品|603697.SH|2022-06-07|37.43|36.97|17.02|20.65|1.94|1.94|15.12|21.67|3.07|3.11|2.63|2.63|-215.82|37.45|35.29|12.42|
|五粮液|000858.SZ|2022-06-06|6712.85|6712.66|28.72|26.98|6.11|6.11|25.07|37.57|10.14|9.67|1.49|1.49|144.59|6716.48|5930.97|18.75|
|新乳业|002946.SZ|2022-06-06|103.29|100.35|33.08|31.64|4.01|4.01|9.98|10.6|1.15|1.11|0.59|0.59|326.57|145.35|141.55|15.68|
|有友食品|603697.SH|2022-06-06|37.86|37.4|17.22|20.89|1.97|1.96|15.29|21.92|3.1|3.14|2.6|2.6|-218.32|37.88|35.72|12.58|
|五粮液|000858.SZ|2022-06-02|6589.03|6588.84|28.19|26.49|6|6|24.61|36.88|9.95|9.49|1.52|1.52|141.93|6592.65|5807.14|18.36|
|新乳业|002946.SZ|2022-06-02|102.34|99.43|32.77|31.35|3.98|3.98|9.89|10.51|1.14|1.1|0.59|0.59|323.55|144.39|140.59|15.57|
|有友食品|603697.SH|2022-06-02|37.02|36.58|16.84|20.43|1.92|1.92|14.95|21.44|3.04|3.07|2.66|2.66|-213.51|37.04|34.89|12.28|
|五粮液|000858.SZ|2022-06-01|6614.65|6614.46|28.3|26.59|6.02|6.02|24.7|37.02|9.99|9.53|1.51|1.51|142.48|6618.27|5832.76|18.44|
|新乳业|002946.SZ|2022-06-01|102.86|99.93|32.94|31.5|4|4|9.94|10.56|1.15|1.11|0.59|0.59|325.2|144.91|141.12|15.63|
|有友食品|603697.SH|2022-06-01|37.39|36.94|17.01|20.64|1.94|1.94|15.1|21.65|3.07|3.1|2.64|2.64|-215.65|37.41|35.26|12.41|
|五粮液|000858.SZ|2022-05-31|6653.08|6652.89|28.46|26.74|6.05|6.05|24.85|37.23|10.05|9.58|1.51|1.51|143.31|6656.7|5871.19|18.56|
|新乳业|002946.SZ|2022-05-31|99.56|96.73|31.88|30.5|3.87|3.87|9.62|10.22|1.11|1.07|0.61|0.61|314.78|141.62|137.82|15.26|
|有友食品|603697.SH|2022-05-31|37.64|37.19|17.12|20.77|1.95|1.95|15.2|21.8|3.09|3.12|2.62|2.62|-217.07|37.66|35.5|12.5|
|五粮液|000858.SZ|2022-05-30|6450.46|6450.27|27.59|25.93|5.87|5.87|24.09|36.1|9.74|9.29|1.55|1.55|138.94|6454.08|5668.57|17.92|
|新乳业|002946.SZ|2022-05-30|96.61|93.87|30.94|29.59|3.75|3.75|9.33|9.92|1.08|1.04|0.63|0.63|305.46|138.67|134.87|14.94|
|有友食品|603697.SH|2022-05-30|36.56|36.12|16.63|20.18|1.9|1.89|14.77|21.17|3|3.03|2.7|2.7|-210.83|36.58|34.42|12.12|
|五粮液|000858.SZ|2022-05-27|6131|6130.83|26.23|24.65|5.58|5.58|22.9|34.31|9.26|8.83|1.63|1.63|132.06|6134.62|5349.11|16.91|
|新乳业|002946.SZ|2022-05-27|96.7|93.95|30.97|29.62|3.76|3.76|9.34|9.93|1.08|1.04|0.63|0.63|305.73|138.76|134.96|14.95|
|有友食品|603697.SH|2022-05-27|36.44|36|16.57|20.11|1.89|1.89|14.72|21.1|2.99|3.02|2.71|2.71|-210.12|36.46|34.3|12.08|
|五粮液|000858.SZ|2022-05-26|6102.66|6102.49|26.11|24.53|5.55|5.55|22.79|34.15|9.22|8.79|1.64|1.64|131.45|6106.29|5320.78|16.82|
|新乳业|002946.SZ|2022-05-26|97.74|94.96|31.3|29.94|3.8|3.8|9.44|10.03|1.09|1.05|0.62|0.62|309.02|139.8|136|15.06|
|有友食品|603697.SH|2022-05-26|37.02|36.58|16.84|20.43|1.92|1.92|14.95|21.44|3.04|3.07|2.66|2.66|-213.51|37.04|34.89|12.28|
|五粮液|000858.SZ|2022-05-25|6111.59|6111.42|26.14|24.57|5.56|5.56|22.83|34.2|9.23|8.8|1.64|1.64|131.64|6115.22|5329.71|16.85|
|新乳业|002946.SZ|2022-05-25|97.74|94.96|31.3|29.94|3.8|3.8|9.44|10.03|1.09|1.05|0.62|0.62|309.02|139.8|136|15.06|
|有友食品|603697.SH|2022-05-25|37.8|37.34|17.19|20.86|1.96|1.96|15.27|21.89|3.1|3.14|2.61|2.61|-217.96|37.82|35.66|12.55|
|五粮液|000858.SZ|2022-05-24|6077.43|6077.26|26|24.43|5.53|5.53|22.7|34.01|9.18|8.75|1.65|1.65|130.91|6081.06|5295.55|16.74|
|新乳业|002946.SZ|2022-05-24|97.05|94.29|31.08|29.72|3.77|3.77|9.38|9.96|1.08|1.05|0.63|0.63|306.83|139.1|135.3|14.98|
|有友食品|603697.SH|2022-05-24|38.29|37.83|17.42|21.13|1.99|1.98|15.47|22.17|3.14|3.18|2.58|2.58|-220.81|38.31|36.15|12.73|
|五粮液|000858.SZ|2022-05-23|6188.45|6188.27|26.47|24.88|5.63|5.63|23.11|34.63|9.35|8.91|1.62|1.62|133.3|6192.07|5406.56|17.09|
|新乳业|002946.SZ|2022-05-23|101.56|98.67|32.52|31.11|3.95|3.95|9.81|10.43|1.13|1.1|0.6|0.6|321.09|143.61|139.81|15.48|
|有友食品|603697.SH|2022-05-23|36.9|36.46|16.79|20.36|1.92|1.91|14.9|21.37|3.03|3.06|2.67|2.67|-212.79|36.92|34.76|12.24|
|五粮液|000858.SZ|2022-05-20|6306.45|6306.27|26.98|25.35|5.74|5.74|23.55|35.29|9.53|9.08|1.59|1.59|135.84|6310.07|5524.56|17.46|
|新乳业|002946.SZ|2022-05-20|100.52|97.66|32.19|30.79|3.91|3.91|9.71|10.32|1.12|1.08|0.6|0.6|317.8|142.57|138.77|15.37|
|有友食品|603697.SH|2022-05-20|36.65|36.21|16.67|20.23|1.9|1.9|14.8|21.23|3.01|3.04|2.69|2.69|-211.37|36.67|34.51|12.15|
|五粮液|000858.SZ|2022-05-19|5959.04|5958.88|25.49|23.95|5.42|5.42|22.26|33.35|9|8.58|1.68|1.68|128.36|5962.67|5177.16|16.36|
|新乳业|002946.SZ|2022-05-19|100.17|97.32|32.08|30.68|3.89|3.89|9.68|10.28|1.12|1.08|0.61|0.61|316.7|142.22|138.43|15.33|
|有友食品|603697.SH|2022-05-19|35.54|35.11|16.17|19.61|1.85|1.84|14.36|20.58|2.91|2.95|2.77|2.77|-204.95|35.56|33.4|11.76|
|五粮液|000858.SZ|2022-05-18|6000.19|6000.02|25.67|24.12|5.46|5.46|22.41|33.58|9.06|8.64|1.67|1.67|129.24|6003.81|5218.3|16.5|
|新乳业|002946.SZ|2022-05-18|102.51|99.59|32.83|31.4|3.98|3.98|9.9|10.52|1.14|1.11|0.59|0.59|324.1|144.57|140.77|15.59|
|有友食品|603697.SH|2022-05-18|35.73|35.3|16.25|19.71|1.86|1.85|14.43|20.69|2.93|2.97|2.76|2.76|-206.02|35.75|33.59|11.83|
|五粮液|000858.SZ|2022-05-17|6061.13|6060.96|25.93|24.37|5.52|5.52|22.64|33.92|9.15|8.73|1.65|1.65|130.56|6064.76|5279.24|16.69|
|新乳业|002946.SZ|2022-05-17|97.31|94.54|31.16|29.8|3.78|3.78|9.4|9.99|1.09|1.05|0.62|0.62|307.65|139.36|135.56|15.01|
|有友食品|603697.SH|2022-05-17|35.57|35.14|16.18|19.63|1.85|1.84|14.37|20.6|2.92|2.95|2.77|2.77|-205.13|35.59|33.43|11.77|
|五粮液|000858.SZ|2022-05-16|6023.48|6023.31|25.77|24.21|5.48|5.48|22.5|33.71|9.1|8.68|1.66|1.66|129.75|6027.1|5241.59|16.57|
|新乳业|002946.SZ|2022-05-16|98.44|95.63|31.52|30.15|3.82|3.82|9.51|10.1|1.1|1.06|0.62|0.62|311.22|140.49|136.69|15.14|
|有友食品|603697.SH|2022-05-16|35.76|35.24|16.27|19.73|1.86|1.86|14.44|20.71|2.93|2.97|2.76|2.76|-206.2|35.78|33.62|11.84|
|五粮液|000858.SZ|2022-05-13|6091.8|6091.62|26.06|24.49|5.54|5.54|22.75|34.09|9.2|8.77|1.64|1.64|131.22|6095.42|5309.91|16.78|
|新乳业|002946.SZ|2022-05-13|95.4|92.69|30.55|29.22|3.71|3.71|9.22|9.79|1.06|1.03|0.64|0.64|301.62|137.45|133.66|14.8|
|有友食品|603697.SH|2022-05-13|35.91|35.39|16.34|19.82|1.86|1.86|14.5|20.8|2.94|2.98|2.75|2.75|-207.09|35.93|33.77|11.89|
|五粮液|000858.SZ|2022-05-12|6136.05|6135.87|26.25|24.67|5.58|5.58|22.92|34.34|9.27|8.84|1.63|1.63|132.17|6139.67|5354.16|16.92|
|新乳业|002946.SZ|2022-05-12|96.44|93.7|30.89|29.54|3.75|3.75|9.32|9.9|1.08|1.04|0.63|0.63|304.91|138.49|134.7|14.92|
|有友食品|603697.SH|2022-05-12|36.34|35.81|16.53|20.06|1.89|1.89|14.68|21.05|2.98|3.02|2.71|2.71|-209.59|36.36|34.21|12.04|
|五粮液|000858.SZ|2022-05-11|6113.92|6113.75|26.15|24.58|5.56|5.56|22.83|34.22|9.23|8.81|1.64|1.64|131.69|6117.55|5332.03|16.85|
|新乳业|002946.SZ|2022-05-11|98.44|95.63|31.52|30.15|3.82|3.82|9.51|10.1|1.1|1.06|0.62|0.62|311.22|140.49|136.69|15.14|
|有友食品|603697.SH|2022-05-11|36.75|36.21|16.71|20.28|1.91|1.91|14.84|21.28|3.01|3.05|2.68|2.68|-211.9|36.77|34.61|12.18|
|五粮液|000858.SZ|2022-05-10|6029.3|6029.13|25.79|24.24|5.49|5.49|22.52|33.74|9.11|8.68|1.66|1.66|129.87|6032.93|5247.42|16.59|
|新乳业|002946.SZ|2022-05-10|98.96|96.14|31.69|30.31|3.84|3.84|9.56|10.16|1.1|1.07|0.61|0.61|312.86|141.01|137.21|15.2|
|有友食品|603697.SH|2022-05-10|37.09|36.55|16.87|20.47|1.93|1.93|14.98|21.48|3.04|3.08|2.66|2.66|-213.86|37.11|34.95|12.3|
|五粮液|000858.SZ|2022-05-09|6007.95|6007.78|25.7|24.15|5.47|5.47|22.44|33.62|9.07|8.65|1.67|1.67|129.41|6011.58|5226.07|16.52|
|新乳业|002946.SZ|2022-05-09|95.23|92.52|30.5|29.17|3.7|3.7|9.2|9.78|1.06|1.03|0.64|0.64|301.07|137.28|133.48|14.78|
|有友食品|603697.SH|2022-05-09|37.12|36.58|16.88|20.48|1.93|1.93|14.99|21.49|3.04|3.08|2.66|2.66|-214.04|37.14|34.98|12.32|
|五粮液|000858.SZ|2022-05-06|6096.45|6096.28|26.08|24.51|5.55|5.55|22.77|34.12|9.21|8.78|1.64|1.64|131.32|6100.08|5314.57|16.8|
|新乳业|002946.SZ|2022-05-06|94.53|91.84|30.27|28.95|3.67|3.67|9.13|9.7|1.05|1.02|0.64|0.64|298.88|136.59|132.79|14.71|
|有友食品|603697.SH|2022-05-06|36.19|10.53|16.46|19.97|1.88|1.88|14.62|20.96|2.97|3|2.72|2.72|-208.7|36.21|34.05|11.99|
|五粮液|000858.SZ|2022-05-05|6270.35|6270.17|26.82|25.21|5.71|5.71|23.42|35.09|9.47|9.03|1.6|1.6|135.06|6273.97|5488.46|17.35|
|新乳业|002946.SZ|2022-05-05|98.7|95.89|31.61|30.23|3.83|3.83|9.54|10.13|1.1|1.06|0.62|0.62|312.04|140.75|136.95|15.17|
|有友食品|603697.SH|2022-05-05|36.93|10.74|16.8|20.38|1.92|1.92|14.92|21.39|3.03|3.07|2.67|2.67|-212.97|36.95|34.79|12.25|
|五粮液|000858.SZ|2022-04-29|6293.25|6293.07|26.92|25.3|5.73|5.73|23.5|35.22|9.51|9.06|1.59|1.59|135.56|6296.88|5511.37|17.42|
|新乳业|002946.SZ|2022-04-29|98.52|95.72|31.55|30.18|3.83|3.83|9.52|10.11|1.1|1.06|0.62|0.62|311.49|140.58|136.78|15.15|
|有友食品|603697.SH|2022-04-29|34.95|10.17|15.9|19.29|1.82|1.82|14.12|20.24|2.87|2.9|2.82|2.82|-201.57|34.97|32.82|11.55|
|五粮液|000858.SZ|2022-04-28|6437.65|6437.48|32.26|28.31|6.92|6.92|43.8|24.62|11.23|9.97|1.56|1.56|122.83|6437.65|5706.09|21.4|
|新乳业|002946.SZ|2022-04-28|89.59|87.04|33.06|26.21|3.52|3.52|12.45|8.19|1.33|1.02|0.68|0.68|298.18|128.71|123.57|16.49|
|有友食品|603697.SH|2022-04-28|34.37|10|15.63|18.96|1.78|1.78|13.88|19.9|2.82|2.85|2.87|2.87|-198.18|34.39|32.23|11.35|
|五粮液|000858.SZ|2022-04-27|6264.53|6264.37|31.39|27.55|6.73|6.73|42.62|23.95|10.93|9.71|1.6|1.6|119.53|6264.53|5532.97|20.75|
|新乳业|002946.SZ|2022-04-27|91.76|89.15|33.86|26.85|3.61|3.61|12.75|8.38|1.36|1.05|0.66|0.66|305.4|130.88|125.74|16.78|
|有友食品|603697.SH|2022-04-27|38.01|11.06|16.83|17|2.04|2.04|31.61|13.72|3.48|3.15|2.59|2.59||38.01|36.31|12.58|
|五粮液|000858.SZ|2022-04-26|6152.35|6152.19|30.83|27.06|6.61|6.61|41.86|23.52|10.73|9.53|1.63|1.63|117.39|6152.35|5420.79|20.33|
|新乳业|002946.SZ|2022-04-26|93.41|90.75|34.47|27.33|3.67|3.67|12.98|8.53|1.38|1.07|0.65|0.65|310.88|132.53|127.39|17|
|有友食品|603697.SH|2022-04-26|38.29|11.14|16.96|17.12|2.06|2.06|31.84|13.82|3.5|3.18|2.58|2.58||38.29|36.59|12.68|
|五粮液|000858.SZ|2022-04-25|6016.49|6016.34|30.15|26.46|6.47|6.47|40.93|23.01|10.5|9.32|1.66|1.66|114.8|6016.49|5284.93|19.82|
|新乳业|002946.SZ|2022-04-25|94.88|92.18|35.01|27.76|3.73|3.73|13.19|8.67|1.41|1.09|0.64|0.64|315.79|134|128.86|17.19|
|有友食品|603697.SH|2022-04-25|40.67|11.83|18.01|18.19|2.19|2.19|33.82|14.67|3.72|3.37|2.42|2.42||40.67|38.97|13.51|
|五粮液|000858.SZ|2022-04-22|6421.34|6421.18|32.18|28.24|6.9|6.9|43.69|24.55|11.2|9.95|1.56|1.56|122.52|6421.34|5689.78|21.34|
|新乳业|002946.SZ|2022-04-22|101.64|98.75|37.51|29.74|3.99|3.99|14.13|9.29|1.51|1.16|0.6|0.6|338.3|140.77|135.63|18.1|
|有友食品|603697.SH|2022-04-22|45.15|13.13|19.99|20.19|2.43|2.43|37.55|16.29|4.13|3.75|2.18|2.18||45.15|43.45|15.06|
|五粮液|000858.SZ|2022-04-21|6310.72|6310.56|31.62|27.76|6.78|6.78|42.93|24.13|11.01|9.78|1.59|1.59|120.41|6310.72|5579.16|20.92|
|新乳业|002946.SZ|2022-04-21|103.38|100.44|38.15|30.25|4.06|4.06|14.37|9.45|1.53|1.18|0.59|0.59|344.08|142.5|137.36|18.33|
|有友食品|603697.SH|2022-04-21|45.86|13.34|20.31|20.51|2.47|2.47|38.14|16.55|4.2|3.81|2.15|2.15||45.86|44.16|15.3|
|五粮液|000858.SZ|2022-04-20|6439.59|6439.42|32.27|28.32|6.92|6.92|43.81|24.62|11.23|9.98|1.56|1.56|122.87|6439.59|5708.03|21.4|
|新乳业|002946.SZ|2022-04-20|106.59|103.55|39.33|31.19|4.19|4.19|14.82|9.74|1.58|1.22|0.57|0.57|354.76|145.71|140.57|18.76|
|有友食品|603697.SH|2022-04-20|47.04|13.68|20.83|21.04|2.53|2.53|39.12|16.97|4.3|3.9|2.1|2.1||47.04|45.33|15.71|
|五粮液|000858.SZ|2022-04-19|6404.65|6404.49|32.1|28.17|6.89|6.89|43.57|24.49|11.17|9.92|1.56|1.56|122.2|6404.65|5673.09|21.27|
|新乳业|002946.SZ|2022-04-19|104.85|101.87|38.69|30.68|4.12|4.12|14.57|9.58|1.55|1.2|0.58|0.58|348.98|143.97|138.84|18.52|
|有友食品|603697.SH|2022-04-19|44.84|13.04|19.86|20.05|2.41|2.41|37.29|16.18|4.1|3.72|2.2|2.2||44.84|43.14|14.95|
|五粮液|000858.SZ|2022-04-18|6489.27|6489.11|32.52|28.54|6.98|6.98|44.15|24.81|11.32|10.05|1.54|1.54|123.82|6489.27|5757.71|21.59|
|新乳业|002946.SZ|2022-04-18|104.77|101.79|38.66|30.65|4.12|4.12|14.56|9.57|1.55|1.2|0.58|0.58|348.7|143.89|138.75|18.51|
|有友食品|603697.SH|2022-04-18|44.87|13.05|19.87|20.07|2.41|2.41|37.32|16.19|4.11|3.72|2.2|2.2||44.87|43.17|14.96|
|五粮液|000858.SZ|2022-04-15|6594.85|6594.68|33.05|29.01|7.09|7.09|44.87|25.22|11.51|10.22|1.52|1.52|125.83|6594.85|5863.29|21.99|
|新乳业|002946.SZ|2022-04-15|102.6|99.68|37.86|30.02|4.03|4.03|14.26|9.37|1.52|1.17|0.59|0.59|341.48|141.72|136.58|18.22|
|有友食品|603697.SH|2022-04-15|45.4|13.21|20.1|20.3|2.44|2.44|37.76|16.38|4.15|3.77|2.17|2.17||45.4|43.7|15.14|
|五粮液|000858.SZ|2022-04-14|6659.67|6659.5|33.37|29.29|7.16|7.16|45.31|25.46|11.62|10.32|1.5|1.5|127.07|6659.67|5928.11|22.23|
|新乳业|002946.SZ|2022-04-14|101.12|98.25|37.32|29.59|3.97|3.97|14.06|9.24|1.5|1.16|0.6|0.6|336.57|140.25|135.11|18.03|
|有友食品|603697.SH|2022-04-14|43.79|12.74|19.39|19.59|2.35|2.35|36.42|15.8|4.01|3.63|2.25|2.25||43.79|42.09|14.59|
|五粮液|000858.SZ|2022-04-13|6300.63|6300.46|31.57|27.71|6.77|6.77|42.87|24.09|10.99|9.76|1.59|1.59|120.22|6300.63|5569.07|20.88|
|新乳业|002946.SZ|2022-04-13|97.31|94.54|35.91|28.47|3.82|3.82|13.53|8.89|1.44|1.11|0.62|0.62|323.87|136.43|131.29|17.52|
|有友食品|603697.SH|2022-04-13|43.11|12.54|19.09|19.28|2.32|2.32|35.85|15.56|3.95|3.58|2.29|2.29||43.11|41.41|14.35|
|五粮液|000858.SZ|2022-04-12|6361.18|6361.02|31.88|27.98|6.84|6.84|43.28|24.32|11.1|9.85|1.57|1.57|121.38|6361.18|5629.62|21.11|
|新乳业|002946.SZ|2022-04-12|98.26|95.47|36.26|28.75|3.86|3.86|13.66|8.98|1.46|1.12|0.62|0.62|327.05|137.38|132.25|17.65|
|有友食品|603697.SH|2022-04-12|42.43|12.34|18.79|18.98|2.28|2.28|35.29|15.31|3.88|3.52|2.32|2.32||42.43|40.73|14.12|
|五粮液|000858.SZ|2022-04-11|5964.48|5964.33|29.89|26.23|6.41|6.41|40.58|22.81|10.41|9.24|1.68|1.68|113.81|5964.48|5232.92|19.62|
|新乳业|002946.SZ|2022-04-11|94.79|92.1|34.98|27.73|3.72|3.72|13.18|8.66|1.4|1.08|0.64|0.64|315.5|133.91|128.78|17.18|
|有友食品|603697.SH|2022-04-11|41.54|12.08|18.39|18.58|2.23|2.23|34.54|14.99|3.8|3.45|2.37|2.37||41.54|39.83|13.81|
|五粮液|000858.SZ|2022-04-08|6233.47|6233.31|31.24|27.42|6.7|6.7|42.41|23.83|10.87|9.66|1.61|1.61|118.94|6233.47|5501.91|20.63|
|新乳业|002946.SZ|2022-04-08|95.66|92.94|35.3|27.99|3.76|3.76|13.3|8.74|1.42|1.09|0.63|0.63|318.39|134.78|129.64|17.3|
|有友食品|603697.SH|2022-04-08|42.59|12.39|18.86|19.05|2.29|2.29|35.42|15.37|3.9|3.53|2.32|2.32||42.59|40.88|14.17|
|五粮液|000858.SZ|2022-04-07|6228.04|6227.88|31.21|27.39|6.7|6.7|42.37|23.81|10.87|9.65|1.61|1.61|118.83|6228.04|5496.48|20.61|
|新乳业|002946.SZ|2022-04-07|98.78|95.97|36.45|28.9|3.88|3.88|13.73|9.03|1.46|1.13|0.61|0.61|328.78|137.9|132.77|17.71|
|有友食品|603697.SH|2022-04-07|42.68|12.42|18.9|19.09|2.29|2.29|35.49|15.4|3.91|3.54|2.31|2.31||42.68|40.98|14.2|
|五粮液|000858.SZ|2022-04-06|6210.96|6210.8|31.13|27.32|6.68|6.68|42.26|23.75|10.84|9.62|1.61|1.61|118.51|6210.96|5479.4|20.55|
|新乳业|002946.SZ|2022-04-06|102.6|99.68|37.86|30.02|4.03|4.03|14.26|9.37|1.52|1.17|0.59|0.59|341.48|141.72|136.58|18.22|
|有友食品|603697.SH|2022-04-06|43.73|12.72|19.36|19.56|2.35|2.35|36.37|15.78|4|3.63|2.25|2.25||43.73|42.03|14.57|
|五粮液|000858.SZ|2022-04-01|6206.69|6206.53|31.1|27.3|6.67|6.67|42.23|23.73|10.83|9.62|1.61|1.61|118.43|6206.69|5475.13|20.53|
|新乳业|002946.SZ|2022-04-01|102.42|99.36|37.8|29.97|4.02|4.02|14.24|9.36|1.52|1.17|0.59|0.59|340.9|141.55|136.41|18.2|
|有友食品|603697.SH|2022-04-01|42.93|12.49|19.01|19.2|2.31|2.31|35.7|15.49|3.93|3.56|2.3|2.3||42.93|41.22|14.29|
|五粮液|000858.SZ|2022-03-31|6018.82|6018.67|30.16|26.47|6.47|6.47|40.95|23.01|10.5|9.32|1.66|1.66|114.84|6018.82|5287.26|19.83|
|新乳业|002946.SZ|2022-03-31|102.68|99.62|37.89|30.04|4.04|4.04|14.27|9.38|1.52|1.17|0.59|0.59|341.77|141.81|136.67|18.24|
|有友食品|603697.SH|2022-03-31|43.14|12.55|19.1|19.29|2.32|2.32|35.88|15.57|3.95|3.58|2.29|2.29||43.14|41.44|14.36|
|五粮液|000858.SZ|2022-03-30|6092.18|6092.03|30.53|26.79|6.55|6.55|41.45|23.29|10.63|9.44|1.64|1.64|116.24|6092.18|5360.62|20.1|
|新乳业|002946.SZ|2022-03-30|102.08|99.03|37.67|29.87|4.01|4.01|14.19|9.33|1.51|1.17|0.59|0.59|339.75|141.2|136.06|18.15|
|有友食品|603697.SH|2022-03-30|42.83|12.46|18.97|19.16|2.3|2.3|35.62|15.46|3.92|3.55|2.3|2.3||42.83|41.13|14.26|
|五粮液|000858.SZ|2022-03-29|5790.58|5790.43|29.02|25.47|6.23|6.23|39.4|22.14|10.1|8.97|1.73|1.73|110.49|5790.58|5059.02|18.97|
|新乳业|002946.SZ|2022-03-29|101.12|98.1|37.32|29.59|3.97|3.97|14.06|9.24|1.5|1.16|0.6|0.6|336.57|140.25|135.11|18.03|
|有友食品|603697.SH|2022-03-29|42.34|12.32|18.75|18.94|2.28|2.28|35.21|15.28|3.87|3.51|2.33|2.33||42.34|40.64|14.08|
|五粮液|000858.SZ|2022-03-28|5868.99|5868.84|29.41|25.81|6.31|6.31|39.93|22.44|10.24|9.09|1.71|1.71|111.98|5868.99|5137.43|19.26|
|新乳业|002946.SZ|2022-03-28|102.25|99.19|37.73|29.92|4.02|4.02|14.21|9.34|1.52|1.17|0.59|0.59|340.32|141.37|136.24|18.18|
|有友食品|603697.SH|2022-03-28|42.4|12.33|18.78|18.96|2.28|2.28|35.26|15.3|3.88|3.52|2.33|2.33||42.4|40.7|14.11|
|五粮液|000858.SZ|2022-03-25|6101.5|6101.34|30.58|26.84|6.56|6.56|41.51|23.33|10.64|9.45|1.64|1.64|116.42|6101.5|5369.94|20.14|
|新乳业|002946.SZ|2022-03-25|101.9|98.86|37.61|29.82|4|4|14.16|9.31|1.51|1.17|0.6|0.6|339.17|141.03|135.89|18.13|
|有友食品|603697.SH|2022-03-25|42.43|12.34|18.79|18.98|2.28|2.28|35.29|15.31|3.88|3.52|2.32|2.32||42.43|40.73|14.12|
|五粮液|000858.SZ|2022-03-24|6263.36|6263.2|31.39|27.55|6.73|6.73|42.61|23.95|10.93|9.7|1.6|1.6|119.51|6263.36|5531.8|20.74|
|新乳业|002946.SZ|2022-03-24|101.99|98.94|37.64|29.84|4.01|4.01|14.18|9.32|1.51|1.17|0.6|0.6|339.46|141.11|135.98|18.14|
|有友食品|603697.SH|2022-03-24|41.94|12.2|18.57|18.76|2.25|2.25|34.88|15.13|3.84|3.48|2.35|2.35||41.94|40.23|13.94|
|五粮液|000858.SZ|2022-03-23|6441.14|6440.97|32.28|28.33|6.92|6.92|43.82|24.63|11.24|9.98|1.55|1.55|122.9|6441.14|5709.58|21.41|
|新乳业|002946.SZ|2022-03-23|103.99|100.88|38.37|30.42|4.09|4.09|14.45|9.5|1.54|1.19|0.58|0.58|346.1|143.11|137.97|18.41|
|有友食品|603697.SH|2022-03-23|42.74|12.43|18.93|19.12|2.3|2.3|35.55|15.42|3.91|3.55|2.31|2.31||42.74|41.04|14.22|
|五粮液|000858.SZ|2022-03-22|6377.48|6377.32|31.96|28.05|6.86|6.86|43.39|24.39|11.13|9.88|1.57|1.57|121.69|6377.48|5645.92|21.17|
|新乳业|002946.SZ|2022-03-22|103.38|100.29|38.15|30.25|4.06|4.06|14.37|9.45|1.53|1.18|0.59|0.59|344.08|142.5|137.36|18.33|
|有友食品|603697.SH|2022-03-22|42.65|12.41|18.89|19.07|2.29|2.29|35.47|15.39|3.9|3.54|2.31|2.31||42.65|40.94|14.19|
|五粮液|000858.SZ|2022-03-21|6432.21|6432.05|32.23|28.29|6.92|6.92|43.76|24.59|11.22|9.96|1.56|1.56|122.73|6432.21|5700.65|21.38|
|新乳业|002946.SZ|2022-03-21|104.42|101.3|38.53|30.55|4.1|4.1|14.51|9.54|1.55|1.19|0.58|0.58|347.54|143.54|138.4|18.47|
|有友食品|603697.SH|2022-03-21|42.65|12.41|18.89|19.07|2.29|2.29|35.47|15.39|3.9|3.54|2.31|2.31||42.65|40.94|14.19|
|五粮液|000858.SZ|2022-03-18|6517.22|6517.05|32.66|28.66|7.01|7.01|44.34|24.92|11.37|10.1|1.54|1.54|124.35|6517.22|5785.66|21.7|
|新乳业|002946.SZ|2022-03-18|103.99|100.88|38.37|30.42|4.09|4.09|14.45|9.5|1.54|1.19|0.58|0.58|346.1|143.11|137.97|18.41|
|有友食品|603697.SH|2022-03-18|41.72|12.14|18.47|18.66|2.24|2.24|34.7|15.05|3.82|3.46|2.36|2.36||41.72|40.02|13.87|
|五粮液|000858.SZ|2022-03-17|6530.42|6530.25|32.73|28.72|7.02|7.02|44.43|24.97|11.39|10.12|1.53|1.53|124.6|6530.42|5798.86|21.74|
|新乳业|002946.SZ|2022-03-17|102.25|99.19|37.73|29.92|4.02|4.02|14.21|9.34|1.52|1.17|0.59|0.59|340.32|141.37|136.24|18.18|
|有友食品|603697.SH|2022-03-17|41.01|11.93|18.16|18.34|2.2|2.2|34.11|14.8|3.75|3.4|2.4|2.4||41.01|39.31|13.62|
|五粮液|000858.SZ|2022-03-16|6396.89|6396.73|32.06|28.13|6.88|6.88|43.52|24.46|11.16|9.91|1.57|1.57|122.06|6396.89|5665.33|21.24|
|新乳业|002946.SZ|2022-03-16|100.95|97.93|37.25|29.54|3.97|3.97|14.03|9.22|1.5|1.15|0.6|0.6|335.99|140.07|134.93|18|
|有友食品|603697.SH|2022-03-16|40.52|11.79|17.94|18.12|2.18|2.18|33.7|14.62|3.71|3.36|2.43|2.43||40.52|38.81|13.45|
|五粮液|000858.SZ|2022-03-15|6099.95|6099.79|30.57|26.83|6.56|6.56|41.5|23.32|10.64|9.45|1.64|1.64|116.39|6099.95|5368.39|20.13|
|新乳业|002946.SZ|2022-03-15|99.82|96.84|36.84|29.21|3.92|3.92|13.88|9.12|1.48|1.14|0.61|0.61|332.24|138.94|133.81|17.85|
|有友食品|603697.SH|2022-03-15|40.11|11.67|17.76|17.94|2.16|2.16|33.36|14.47|3.67|3.33|2.46|2.46||40.11|38.41|13.31|
|五粮液|000858.SZ|2022-03-14|6453.95|6453.78|32.34|28.39|6.94|6.94|43.91|24.68|11.26|10|1.55|1.55|123.15|6453.95|5722.39|21.46|
|新乳业|002946.SZ|2022-03-14|107.8|104.58|39.78|31.54|4.24|4.24|14.98|9.85|1.6|1.23|0.56|0.56|358.8|146.92|141.79|18.92|
|有友食品|603697.SH|2022-03-14|42.9|12.48|18.99|19.18|2.31|2.31|35.67|15.48|3.93|3.56|2.3|2.3||42.9|41.19|14.28|
|五粮液|000858.SZ|2022-03-11|6667.44|6667.27|33.41|29.32|7.17|7.17|45.36|25.49|11.63|10.33|1.5|1.5|127.22|6667.44|5935.88|22.26|
|新乳业|002946.SZ|2022-03-11|109.71|106.43|40.49|32.1|4.31|4.31|15.25|10.02|1.63|1.26|0.55|0.55|365.15|148.83|143.69|19.17|
|有友食品|603697.SH|2022-03-11|44.5|12.95|19.71|19.9|2.39|2.39|37.01|16.06|4.07|3.69|2.22|2.22||44.5|42.8|14.83|
|五粮液|000858.SZ|2022-03-10|6682.19|6682.02|33.49|29.39|7.18|7.18|45.46|25.55|11.66|10.35|1.5|1.5|127.5|6682.19|5950.63|22.31|
|新乳业|002946.SZ|2022-03-10|107.37|104.16|39.62|31.41|4.22|4.22|14.92|9.81|1.59|1.23|0.57|0.57|357.36|146.49|141.35|18.86|
|有友食品|603697.SH|2022-03-10|43.58|12.68|19.3|19.49|2.34|2.34|36.24|15.72|3.99|3.62|2.26|2.26||43.58|41.87|14.51|
|五粮液|000858.SZ|2022-03-09|6322.36|6322.2|31.68|27.81|6.8|6.8|43.01|24.17|11.03|9.79|1.58|1.58|120.63|6322.36|5590.8|20.96|
|新乳业|002946.SZ|2022-03-09|104.85|101.72|38.69|30.68|4.12|4.12|14.57|9.58|1.55|1.2|0.58|0.58|348.98|143.97|138.84|18.52|
|有友食品|603697.SH|2022-03-09|42.96|12.5|19.02|19.21|2.31|2.31|35.73|15.5|3.93|3.56|2.3|2.3||42.96|41.25|14.3|
|五粮液|000858.SZ|2022-03-08|6453.17|6453.01|32.34|28.38|6.94|6.94|43.9|24.67|11.26|10|1.55|1.55|123.13|6453.17|5721.61|21.45|
|新乳业|002946.SZ|2022-03-08|109.1|105.84|40.26|31.92|4.29|4.29|15.16|9.97|1.62|1.25|0.56|0.56|363.13|148.22|143.09|19.09|
|有友食品|603697.SH|2022-03-08|44.19|12.86|19.57|19.76|2.38|2.38|36.75|15.95|4.04|3.67|2.23|2.23||44.19|42.49|14.73|
|五粮液|000858.SZ|2022-03-07|6443.47|6443.3|32.29|28.34|6.93|6.93|43.84|24.64|11.24|9.98|1.55|1.55|122.95|6443.47|5711.91|21.42|
|新乳业|002946.SZ|2022-03-07|114.57|111.14|42.28|33.52|4.5|4.5|15.92|10.47|1.7|1.31|0.53|0.53|381.31|153.69|148.55|19.82|
|有友食品|603697.SH|2022-03-07|45.96|13.37|20.35|20.55|2.47|2.47|38.22|16.58|4.21|3.81|2.15|2.15||45.96|44.25|15.34|
|五粮液|000858.SZ|2022-03-04|6845.99|6845.82|34.31|30.11|7.36|7.36|46.58|26.18|11.94|10.61|1.46|1.46|130.63|6845.99|6114.43|22.93|
|新乳业|002946.SZ|2022-03-04|118.9|115.35|43.88|34.79|4.67|4.67|16.53|10.86|1.76|1.36|0.51|0.51|395.75|158.02|152.89|20.4|
|有友食品|603697.SH|2022-03-04|47.04|13.68|20.83|21.04|2.53|2.53|39.12|16.97|4.3|3.9|2.1|2.1||47.04|45.33|15.71|
|五粮液|000858.SZ|2022-03-03|7067.24|7067.06|35.42|31.08|7.6|7.6|48.08|27.02|12.33|10.95|1.42|1.42|134.85|7067.24|6335.68|23.76|
|新乳业|002946.SZ|2022-03-03|119.68|116.11|44.17|35.02|4.7|4.7|16.64|10.93|1.77|1.37|0.51|0.51|398.34|158.8|153.67|20.5|
|有友食品|603697.SH|2022-03-03|47.62|13.85|21.09|21.3|2.56|2.56|39.61|17.18|4.36|3.95|2.07|2.07||47.62|45.92|15.92|
|五粮液|000858.SZ|2022-03-02|7344|7343.81|36.8|32.3|7.9|7.9|49.96|28.08|12.81|11.38|1.36|1.36|140.13|7344|6612.44|24.8|
|新乳业|002946.SZ|2022-03-02|120.98|117.37|44.65|35.4|4.75|4.75|16.82|11.05|1.79|1.38|0.5|0.5|402.67|160.11|154.97|20.68|
|有友食品|603697.SH|2022-03-02|48.03|13.97|21.27|21.48|2.58|2.58|39.94|17.33|4.4|3.99|2.05|2.05||48.03|46.32|16.05|
|五粮液|000858.SZ|2022-03-01|7498.88|7498.69|37.58|32.98|8.06|8.06|51.02|28.67|13.08|11.62|1.34|1.34|143.08|7498.88|6767.32|25.38|
|新乳业|002946.SZ|2022-03-01|122.03|118.38|45.03|35.7|4.79|4.79|16.96|11.15|1.81|1.4|0.5|0.5|406.14|161.15|156.01|20.82|
|有友食品|603697.SH|2022-03-01|47.87|13.93|21.2|21.41|2.57|2.57|39.81|17.27|4.38|3.97|2.06|2.06||47.87|46.17|16|
|五粮液|000858.SZ|2022-02-28|7375.06|7374.87|36.96|32.44|7.93|7.93|50.18|28.2|12.87|11.43|1.36|1.36|140.72|7375.06|6643.5|24.91|
|新乳业|002946.SZ|2022-02-28|121.07|117.45|44.68|35.42|4.76|4.76|16.83|11.06|1.79|1.39|0.5|0.5|402.96|160.19|155.06|20.69|
|有友食品|603697.SH|2022-02-28|47.04|13.68|20.83|21.04|2.53|2.53|39.12|16.97|4.3|3.9|2.1|2.1||47.04|45.33|15.71|
|五粮液|000858.SZ|2022-02-25|7393.69|7393.5|37.05|32.52|7.95|7.95|50.3|28.27|12.9|11.45|1.35|1.35|141.08|7393.69|6662.13|24.98|
|新乳业|002946.SZ|2022-02-25|118.64|115.1|43.78|34.71|4.66|4.66|16.49|10.84|1.76|1.36|0.51|0.51|394.88|157.76|152.63|20.36|
|有友食品|603697.SH|2022-02-25|47.5|13.82|21.03|21.24|2.55|2.55|39.5|17.14|4.35|3.94|2.08|2.08||47.5|45.8|15.87|
|五粮液|000858.SZ|2022-02-24|7324.21|7324.02|36.7|32.21|7.87|7.87|49.83|28.01|12.78|11.35|1.37|1.37|139.75|7324.21|6592.65|24.72|
|新乳业|002946.SZ|2022-02-24|118.64|115.1|43.78|34.71|4.66|4.66|16.49|10.84|1.76|1.36|0.51|0.51|394.88|157.76|152.63|20.36|
|有友食品|603697.SH|2022-02-24|47.5|13.82|21.03|21.24|2.55|2.55|39.5|17.14|4.35|3.94|2.08|2.08||47.5|45.8|15.87|
|五粮液|000858.SZ|2022-02-23|7615.71|7615.52|38.16|33.5|8.19|8.19|51.81|29.12|13.29|11.8|1.31|1.31|145.31|7615.71|6884.15|25.81|
|新乳业|002946.SZ|2022-02-23|122.29|118.63|45.13|35.78|4.81|4.81|17|11.17|1.81|1.4|0.5|0.5|407|161.41|156.27|20.85|
|有友食品|603697.SH|2022-02-23|48.71|14.17|21.57|21.78|2.62|2.62|40.51|17.57|4.46|4.04|2.02|2.02||48.71|47|16.29|
|五粮液|000858.SZ|2022-02-22|7507.03|7506.84|37.62|33.02|8.07|8.07|51.07|28.7|13.1|11.63|1.33|1.33|143.24|7507.03|6775.47|25.41|
|新乳业|002946.SZ|2022-02-22|121.85|118.21|44.97|35.65|4.79|4.79|16.94|11.13|1.81|1.39|0.5|0.5|405.56|160.97|155.84|20.79|
|有友食品|603697.SH|2022-02-22|48.27|14.04|21.38|21.59|2.6|2.6|40.15|17.42|4.42|4.01|2.04|2.04||48.27|46.57|16.14|
|五粮液|000858.SZ|2022-02-21|7732.16|7731.96|38.75|34.01|8.31|8.31|52.61|29.57|13.49|11.98|1.3|1.3|147.53|7732.16|7000.6|26.25|
|新乳业|002946.SZ|2022-02-21|123.67|119.98|45.64|36.18|4.86|4.86|17.19|11.3|1.83|1.41|0.49|0.49|411.62|162.79|157.66|21.04|
|有友食品|603697.SH|2022-02-21|49.14|14.29|21.76|21.98|2.64|2.64|40.87|17.73|4.5|4.08|2.01|2.01||49.14|47.43|16.44|
|五粮液|000858.SZ|2022-02-18|7724.4|7724.2|38.71|33.97|8.3|8.3|52.55|29.54|13.48|11.97|1.3|1.3|147.39|7724.4|6992.84|26.22|
|新乳业|002946.SZ|2022-02-18|124.19|120.48|45.83|36.34|4.88|4.88|17.26|11.35|1.84|1.42|0.49|0.49|413.35|163.31|158.18|21.11|
|有友食品|603697.SH|2022-02-18|48.98|14.25|21.69|21.91|2.63|2.63|40.74|17.67|4.48|4.06|2.01|2.01||48.98|47.28|16.39|
|五粮液|000858.SZ|2022-02-17|7663.85|7663.65|38.41|33.71|8.24|8.24|52.14|29.3|13.37|11.87|1.31|1.31|146.23|7663.85|6932.29|25.99|
|新乳业|002946.SZ|2022-02-17|127.06|123.26|46.89|37.17|4.99|4.99|17.66|11.61|1.88|1.45|0.48|0.48|422.88|166.18|161.04|21.49|
|有友食品|603697.SH|2022-02-17|49.11|14.29|21.75|21.96|2.64|2.64|40.84|17.72|4.49|4.07|2.01|2.01||49.11|47.4|16.43|
|五粮液|000858.SZ|2022-02-16|7740.31|7740.12|38.79|34.04|8.32|8.32|52.66|29.6|13.5|11.99|1.29|1.29|147.69|7740.31|7008.75|26.28|
|新乳业|002946.SZ|2022-02-16|125.58|121.83|46.34|36.74|4.93|4.93|17.46|11.47|1.86|1.44|0.48|0.48|417.97|164.7|159.57|21.29|
|有友食品|603697.SH|2022-02-16|49.29|14.34|21.83|22.05|2.65|2.65|40.99|17.79|4.51|4.09|2|2||49.29|47.59|16.49|
|五粮液|000858.SZ|2022-02-15|7755.45|7755.25|38.87|34.11|8.34|8.34|52.76|29.65|13.53|12.01|1.29|1.29|147.98|7755.45|7023.89|26.34|
|新乳业|002946.SZ|2022-02-15|123.93|120.23|45.73|36.26|4.87|4.87|17.23|11.32|1.84|1.42|0.49|0.49|412.49|163.05|157.92|21.07|
|有友食品|603697.SH|2022-02-15|48.83|14.2|21.62|21.84|2.62|2.62|40.61|17.62|4.47|4.05|2.02|2.02||48.83|47.13|16.33|
|五粮液|000858.SZ|2022-02-14|7685.97|7685.77|38.52|33.8|8.26|8.26|52.29|29.39|13.41|11.91|1.3|1.3|146.65|7685.97|6954.41|26.08|
|新乳业|002946.SZ|2022-02-14|126.1|122.33|46.53|36.9|4.96|4.96|17.53|11.52|1.87|1.44|0.48|0.48|419.7|165.22|160.09|21.36|
|有友食品|603697.SH|2022-02-14|48.98|14.25|21.69|21.91|2.63|2.63|40.74|17.67|4.48|4.06|2.01|2.01||48.98|47.28|16.39|
|五粮液|000858.SZ|2022-02-11|7540.8|7540.61|37.79|33.17|8.11|8.11|51.3|28.83|13.16|11.68|1.33|1.33|143.88|7540.8|6809.24|25.53|
|新乳业|002946.SZ|2022-02-11|124.63|120.9|45.99|36.46|4.9|4.9|17.32|11.39|1.85|1.43|0.49|0.49|414.8|163.75|158.61|21.16|
|有友食品|603697.SH|2022-02-11|48.52|14.11|21.49|21.7|2.61|2.61|40.35|17.51|4.44|4.03|2.03|2.03||48.52|46.82|16.23|
|五粮液|000858.SZ|2022-02-10|7493.06|7492.86|37.55|32.96|8.06|8.06|50.98|28.65|13.07|11.61|1.34|1.34|142.97|7493.06|6761.5|25.35|
|新乳业|002946.SZ|2022-02-10|127.23|123.43|46.95|37.23|5|5|17.68|11.62|1.89|1.46|0.48|0.48|423.46|166.35|161.21|21.51|
|有友食品|603697.SH|2022-02-10|49.23|14.32|21.8|22.02|2.65|2.65|40.94|17.76|4.51|4.09|2|2||49.23|47.53|16.47|
|五粮液|000858.SZ|2022-02-09|7607.18|7606.98|38.12|33.46|8.18|8.18|51.76|29.09|13.27|11.79|1.32|1.32|145.15|7607.18|6875.62|25.78|
|新乳业|002946.SZ|2022-02-09|126.53|122.75|46.69|37.02|4.97|4.97|17.59|11.56|1.88|1.45|0.48|0.48|421.15|165.66|160.52|21.42|
|有友食品|603697.SH|2022-02-09|49.42|14.38|21.88|22.1|2.66|2.66|41.1|17.83|4.52|4.1|2|2||49.42|47.71|16.54|
|五粮液|000858.SZ|2022-02-08|7375.06|7374.87|36.96|32.44|7.93|7.93|50.18|28.2|12.87|11.43|1.36|1.36|140.72|7375.06|6643.5|24.91|
|新乳业|002946.SZ|2022-02-08|124.19|120.48|45.83|36.34|4.88|4.88|17.26|11.35|1.84|1.42|0.49|0.49|413.35|163.31|158.18|21.11|
|有友食品|603697.SH|2022-02-08|48.98|14.25|21.69|21.91|2.63|2.63|40.74|17.67|4.48|4.06|2.01|2.01||48.98|47.28|16.39|
|五粮液|000858.SZ|2022-02-07|7593.2|7593.01|38.05|33.4|8.16|8.16|51.66|29.03|13.25|11.76|1.32|1.32|144.88|7593.2|6861.64|25.73|
|新乳业|002946.SZ|2022-02-07|120.81|117.2|44.58|35.35|4.75|4.75|16.79|11.04|1.79|1.38|0.5|0.5|402.1|159.93|154.8|20.65|
|有友食品|603697.SH|2022-02-07|48.49|14.11|21.47|21.69|2.61|2.61|40.33|17.5|4.44|4.02|2.03|2.03||48.49|46.79|16.22|
|五粮液|000858.SZ|2022-01-28|7700.33|7700.14|38.59|33.87|8.28|8.28|52.39|29.44|13.43|11.93|1.3|1.3|146.93|7700.33|6968.77|26.13|
|新乳业|002946.SZ|2022-01-28|118.56|115.01|43.75|34.69|4.66|4.66|16.48|10.83|1.76|1.36|0.51|0.51|394.59|157.68|152.54|20.35|
|有友食品|603697.SH|2022-01-28|48.15|14.01|21.32|21.53|2.59|2.59|40.04|17.37|4.41|4|2.05|2.05||48.15|46.45|16.1|
|五粮液|000858.SZ|2022-01-27|7895.19|7894.99|39.57|34.72|8.49|8.49|53.71|30.19|13.77|12.23|1.27|1.27|150.65|7895.19|7163.63|26.86|
|新乳业|002946.SZ|2022-01-27|120.2|116.61|44.36|35.17|4.72|4.72|16.71|10.98|1.78|1.38|0.51|0.51|400.08|159.33|154.19|20.57|
|有友食品|603697.SH|2022-01-27|47.72|13.88|21.13|21.34|2.57|2.57|39.68|17.22|4.37|3.96|2.07|2.07||47.72|46.01|15.95|
|五粮液|000858.SZ|2022-01-26|7998.05|7997.85|40.08|35.18|8.6|8.6|54.41|30.58|13.95|12.39|1.25|1.25|152.61|7998.05|7266.49|27.25|
|新乳业|002946.SZ|2022-01-26|125.32|121.57|46.25|36.67|4.92|4.92|17.42|11.45|1.86|1.43|0.48|0.48|417.11|164.44|159.31|21.26|
|有友食品|603697.SH|2022-01-26|49.14|14.29|21.76|21.98|2.64|2.64|40.87|17.73|4.5|4.08|2.01|2.01||49.14|47.43|16.44|
|五粮液|000858.SZ|2022-01-25|8087.72|8087.51|40.53|35.57|8.69|8.69|55.02|30.92|14.11|12.53|1.24|1.24|154.32|8087.72|7356.16|27.58|
|新乳业|002946.SZ|2022-01-25|125.75|121.99|46.41|36.79|4.94|4.94|17.48|11.49|1.86|1.44|0.48|0.48|418.55|164.88|159.74|21.31|
|有友食品|603697.SH|2022-01-25|48.92|14.23|21.66|21.88|2.63|2.63|40.69|17.65|4.48|4.06|2.02|2.02||48.92|47.22|16.37|
|五粮液|000858.SZ|2022-01-24|8348.17|8347.96|41.84|36.72|8.97|8.97|56.8|31.92|14.56|12.93|1.2|1.2|159.29|8348.17|7616.61|28.56|
|新乳业|002946.SZ|2022-01-24|130.26|22.07|48.07|38.11|5.12|5.12|18.11|11.9|1.93|1.49|0.47|0.47|433.56|169.39|164.25|21.92|
|有友食品|603697.SH|2022-01-24|50.28|14.63|22.27|22.49|2.7|2.7|41.82|18.14|4.6|4.17|1.96|1.96||50.28|48.58|16.84|
|五粮液|000858.SZ|2022-01-21|8433.18|8432.96|42.26|37.09|9.07|9.07|57.38|32.25|14.71|13.06|1.19|1.19|160.91|8433.18|7701.62|28.88|
|新乳业|002946.SZ|2022-01-21|132.17|22.34|48.77|38.67|5.19|5.19|18.37|12.08|1.96|1.51|0.46|0.46|439.91|171.29|166.16|22.17|
|有友食品|603697.SH|2022-01-21|50.5|14.69|22.36|22.58|2.71|2.71|42|18.22|4.62|4.19|1.95|1.95||50.5|48.79|16.91|
|五粮液|000858.SZ|2022-01-20|8276.36|8276.15|41.48|36.4|8.9|8.9|56.31|31.65|14.44|12.82|1.21|1.21|157.92|8276.36|7544.8|28.29|
|新乳业|002946.SZ|2022-01-20|128.44|21.71|47.4|37.58|5.05|5.05|17.85|11.74|1.9|1.47|0.47|0.47|427.5|167.56|162.43|21.67|
|有友食品|603697.SH|2022-01-20|50.87|14.8|22.53|22.75|2.73|2.73|42.31|18.35|4.66|4.22|1.94|1.94||50.87|49.17|17.04|
|五粮液|000858.SZ|2022-01-19|8182.43|8182.22|41|35.99|8.8|8.8|55.67|31.29|14.27|12.68|1.22|1.22|156.13|8182.43|7450.87|27.94|
|新乳业|002946.SZ|2022-01-19|131.04|22.15|48.36|38.34|5.15|5.15|18.21|11.97|1.94|1.5|0.46|0.46|436.16|170.17|165.03|22.02|
|有友食品|603697.SH|2022-01-19|52.29|15.21|23.16|23.39|2.81|2.81|43.49|18.87|4.79|4.34|1.89|1.89||52.29|50.59|17.53|
|五粮液|000858.SZ|2022-01-18|8209.21|8209|41.14|36.11|8.83|8.83|55.85|31.39|14.32|12.72|1.22|1.22|156.64|8209.21|7477.65|28.04|
|新乳业|002946.SZ|2022-01-18|131.04|22.15|48.36|38.34|5.15|5.15|18.21|11.97|1.94|1.5|0.46|0.46|436.16|170.17|165.03|22.02|
|有友食品|603697.SH|2022-01-18|51.95|15.11|23|23.23|2.79|2.79|43.21|18.74|4.75|4.31|1.9|1.9||51.95|50.25|17.41|
|五粮液|000858.SZ|2022-01-17|8106.35|8106.14|40.62|35.65|8.71|8.71|55.15|31|14.14|12.56|1.24|1.24|154.67|8106.35|7374.79|27.65|
|新乳业|002946.SZ|2022-01-17|131.83|22.29|48.65|38.57|5.18|5.18|18.32|12.04|1.95|1.51|0.46|0.46|438.76|170.95|165.81|22.12|
|有友食品|603697.SH|2022-01-17|53.62|15.6|23.74|23.98|2.88|2.88|44.59|19.35|4.91|4.45|1.84|1.84||53.62|51.92|17.99|
|五粮液|000858.SZ|2022-01-14|8042.69|8042.48|40.3|35.37|8.65|8.65|54.72|30.75|14.03|12.46|1.25|1.25|153.46|8042.69|7311.13|27.42|
|新乳业|002946.SZ|2022-01-14|130.44|22.05|48.13|38.16|5.13|5.13|18.13|11.92|1.93|1.49|0.47|0.47|434.14|169.56|164.42|21.94|
|有友食品|603697.SH|2022-01-14|54.33|15.8|24.06|24.3|2.92|2.92|45.18|19.6|4.97|4.51|1.81|1.81||54.33|52.63|18.24|
|五粮液|000858.SZ|2022-01-13|8108.68|8108.47|40.64|35.66|8.72|8.72|55.17|31.01|14.15|12.56|1.24|1.24|154.72|8108.68|7377.12|27.66|
|新乳业|002946.SZ|2022-01-13|132.26|22.36|48.81|38.7|5.2|5.2|18.38|12.08|1.96|1.51|0.46|0.46|440.2|171.38|166.24|22.18|
|有友食品|603697.SH|2022-01-13|56.37|16.4|24.96|25.21|3.03|3.03|46.88|20.34|5.16|4.68|1.75|1.75||56.37|54.67|18.95|
|五粮液|000858.SZ|2022-01-12|8458.8|8458.58|42.39|37.2|9.09|9.09|57.55|32.34|14.76|13.1|1.18|1.18|161.4|8458.8|7727.24|28.98|
|新乳业|002946.SZ|2022-01-12|135.55|22.92|50.02|39.66|5.33|5.33|18.84|12.38|2.01|1.55|0.45|0.45|451.17|174.68|169.54|22.62|
|有友食品|603697.SH|2022-01-12|56.71|16.5|25.11|25.36|3.05|3.05|47.16|20.46|5.19|4.71|1.74|1.74||56.71|55.01|19.06|
|五粮液|000858.SZ|2022-01-11|8281.8|8281.59|41.5|36.42|8.9|8.9|56.35|31.67|14.45|12.83|1.21|1.21|158.02|8281.8|7550.24|28.31|
|新乳业|002946.SZ|2022-01-11|134.95|22.81|49.8|39.48|5.3|5.3|18.76|12.33|2|1.54|0.45|0.45|449.15|174.07|168.93|22.54|
|有友食品|603697.SH|2022-01-11|54.24|15.78|24.02|24.26|2.92|2.92|45.11|19.57|4.96|4.5|1.82|1.82||54.24|52.53|18.21|
|五粮液|000858.SZ|2022-01-10|8343.9|8343.69|41.81|36.7|8.97|8.97|56.77|31.9|14.56|12.93|1.2|1.2|159.21|8343.9|7612.34|28.54|
|新乳业|002946.SZ|2022-01-10|136.94|23.15|50.54|40.07|5.38|5.38|19.03|12.51|2.03|1.57|0.44|0.44|455.79|176.06|170.93|22.81|
|有友食品|603697.SH|2022-01-10|55.13|16.04|24.41|24.66|2.96|2.96|45.85|19.89|5.05|4.57|1.79|1.79||55.13|53.43|18.52|
|五粮液|000858.SZ|2022-01-07|8448.71|8448.49|42.34|37.16|9.08|9.08|57.48|32.31|14.74|13.09|1.19|1.19|161.21|8448.71|7717.15|28.94|
|新乳业|002946.SZ|2022-01-07|133.3|22.53|49.19|39|5.24|5.24|18.53|12.18|1.98|1.52|0.46|0.46|443.66|172.42|167.28|22.32|
|有友食品|603697.SH|2022-01-07|53.93|15.69|23.88|24.12|2.9|2.9|44.85|19.46|4.94|4.47|1.83|1.83||53.93|52.22|18.1|
|五粮液|000858.SZ|2022-01-06|8519.35|8519.13|42.69|37.47|9.16|9.16|57.96|32.58|14.86|13.2|1.18|1.18|162.55|8519.35|7787.79|29.2|
|新乳业|002946.SZ|2022-01-06|136.16|23.02|50.25|39.84|5.35|5.35|18.93|12.44|2.02|1.56|0.45|0.45|453.19|175.28|170.15|22.7|
|有友食品|603697.SH|2022-01-06|55.26|16.07|24.47|24.71|2.97|2.97|45.96|19.94|5.06|4.59|1.78|1.78||55.26|53.55|18.56|
|五粮液|000858.SZ|2022-01-05|8685.1|8684.87|43.52|38.2|9.34|9.34|59.09|33.21|15.15|13.46|1.15|1.15|165.72|8685.1|7953.54|29.82|
|新乳业|002946.SZ|2022-01-05|138.76|23.46|51.21|40.6|5.45|5.45|19.29|12.68|2.06|1.59|0.44|0.44|461.85|177.88|172.75|23.05|
|有友食品|603697.SH|2022-01-05|54.61|15.89|24.18|24.42|2.94|2.94|45.42|19.7|5|4.53|1.81|1.81||54.61|52.9|18.34|
|五粮液|000858.SZ|2022-01-04|8677.72|8677.5|43.49|38.17|9.33|9.33|59.04|33.18|15.14|13.44|1.15|1.15|165.58|8677.72|7946.16|29.8|
|新乳业|002946.SZ|2022-01-04|140.5|23.75|51.85|41.11|5.52|5.52|19.53|12.84|2.08|1.61|0.43|0.43|467.62|179.62|174.48|23.28|
|有友食品|603697.SH|2022-01-04|54.92|15.98|24.32|24.56|2.95|2.95|45.67|19.82|5.03|4.56|1.8|1.8||54.92|53.21|18.44|
|五粮液|000858.SZ|2021-12-31|8642.79|8642.57|43.31|38.01|9.29|9.29|58.8|33.05|15.08|13.39|0.99|1.16|164.91|8642.79|7911.23|29.67|
|新乳业|002946.SZ|2021-12-31|138.24|23.31|51.02|40.45|5.43|5.43|19.22|12.63|2.05|1.58|0.37|0.44|460.12|177.36|172.23|22.98|
|有友食品|603697.SH|2021-12-31|54.3|15.8|24.04|24.28|2.92|2.92|45.16|19.59|4.97|4.51|0.45|1.82||54.3|52.6|18.23|
|五粮液|000858.SZ|2021-12-30|8753.03|8752.8|43.86|38.5|9.41|9.41|59.55|33.47|15.27|13.56|0.98|1.14|167.01|8753.03|8021.47|30.08|
|新乳业|002946.SZ|2021-12-30|137.9|23.25|50.89|40.35|5.42|5.42|19.17|12.6|2.04|1.58|0.37|0.44|458.96|177.02|171.88|22.93|
|有友食品|603697.SH|2021-12-30|53.53|15.57|23.7|23.94|2.88|2.88|44.52|19.31|4.9|4.44|0.46|1.84||53.53|51.82|17.96|
|五粮液|000858.SZ|2021-12-29|8760.79|8760.56|43.9|38.53|9.42|9.42|59.6|33.5|15.28|13.57|0.97|1.14|167.16|8760.79|8029.23|30.11|
|新乳业|002946.SZ|2021-12-29|136.68|23.05|50.44|39.99|5.37|5.37|19|12.49|2.03|1.56|0.37|0.44|454.92|175.8|170.67|22.77|
|有友食品|603697.SH|2021-12-29|53.99|15.71|23.91|24.15|2.9|2.9|44.9|19.48|4.94|4.48|0.45|1.83||53.99|52.29|18.12|
|五粮液|000858.SZ|2021-12-28|9221.92|9221.69|46.21|40.56|9.91|9.91|62.74|35.26|16.09|14.29|0.93|1.09|175.96|9221.92|8490.36|31.84|
|新乳业|002946.SZ|2021-12-28|136.94|23.09|50.54|40.07|5.38|5.38|19.03|12.51|2.03|1.57|0.37|0.44|455.79|176.06|170.93|22.81|
|有友食品|603697.SH|2021-12-28|55.07|16.02|24.39|24.63|2.96|2.96|45.8|19.87|5.04|4.57|0.44|1.79||55.07|53.37|18.5|
|五粮液|000858.SZ|2021-12-27|9168.75|9168.51|45.95|40.33|9.86|9.86|62.38|35.06|16|14.2|0.93|1.09|174.95|9168.75|8437.19|31.64|
|新乳业|002946.SZ|2021-12-27|137.64|23.21|50.79|40.27|5.41|5.41|19.13|12.57|2.04|1.57|0.37|0.44|458.1|176.76|171.62|22.9|
|有友食品|603697.SH|2021-12-27|55.57|16.16|24.61|24.85|2.99|2.99|46.21|20.05|5.09|4.61|0.44|1.77||55.57|53.86|18.67|
|五粮液|000858.SZ|2021-12-24|9391.16|9390.92|47.06|41.3|10.1|10.1|63.89|35.91|16.38|14.55|0.91|1.07|179.19|9391.16|8659.6|32.47|
|新乳业|002946.SZ|2021-12-24|137.38|23.17|50.7|40.19|5.4|5.4|19.09|12.55|2.04|1.57|0.37|0.44|457.23|176.5|171.36|22.86|
|有友食品|603697.SH|2021-12-24|55.91|16.26|24.76|25|3.01|3.01|46.5|20.17|5.12|4.64|0.44|1.76||55.91|54.2|18.79|
|五粮液|000858.SZ|2021-12-23|9199.8|9199.56|46.1|40.46|9.89|9.89|62.59|35.18|16.05|14.25|0.93|1.09|175.54|9199.8|8468.24|31.75|
|新乳业|002946.SZ|2021-12-23|133.82|22.57|49.38|39.15|5.26|5.26|18.6|12.23|1.98|1.53|0.38|0.45|445.39|172.94|167.8|22.39|
|有友食品|603697.SH|2021-12-23|55.07|16.02|24.39|24.63|2.96|2.96|45.8|19.87|5.04|4.57|0.44|1.79||55.07|53.37|18.5|
|五粮液|000858.SZ|2021-12-22|9009.99|9009.76|45.15|39.63|9.69|9.69|61.3|34.45|15.72|13.96|0.95|1.11|171.92|9009.99|8278.43|31.04|
|新乳业|002946.SZ|2021-12-22|133.99|22.6|49.45|39.2|5.27|5.27|18.62|12.24|1.99|1.53|0.38|0.45|445.97|173.11|167.98|22.41|
|有友食品|603697.SH|2021-12-22|56.09|16.32|24.84|25.09|3.02|3.02|46.65|20.24|5.13|4.65|0.43|1.76||56.09|54.39|18.85|
|五粮液|000858.SZ|2021-12-21|8991.74|8991.51|45.06|39.55|9.67|9.67|61.18|34.38|15.69|13.93|0.95|1.11|171.57|8991.74|8260.18|30.97|
|新乳业|002946.SZ|2021-12-21|135.12|22.79|49.86|39.53|5.31|5.31|18.78|12.35|2|1.55|0.38|0.45|449.72|174.24|169.11|22.56|
|有友食品|603697.SH|2021-12-21|56.18|16.34|24.88|25.13|3.02|3.02|46.73|20.27|5.14|4.66|0.43|1.75||56.18|54.48|18.88|
|五粮液|000858.SZ|2021-12-20|9160.59|9160.36|45.91|40.29|9.85|9.85|62.32|35.03|15.98|14.19|0.93|1.09|174.79|9160.59|8429.03|31.61|
|新乳业|002946.SZ|2021-12-20|135.64|22.87|50.06|39.69|5.33|5.33|18.85|12.39|2.01|1.55|0.38|0.45|451.46|174.76|169.63|22.63|
|有友食品|603697.SH|2021-12-20|55.69|16.2|24.66|24.91|2.99|2.99|46.32|20.09|5.1|4.62|0.44|1.77||55.69|53.99|18.71|
|五粮液|000858.SZ|2021-12-17|9127.99|9127.75|45.74|40.15|9.81|9.81|62.1|34.9|15.92|14.14|0.94|1.1|174.17|9127.99|8396.43|31.49|
|新乳业|002946.SZ|2021-12-17|133.99|22.6|49.45|39.2|5.27|5.27|18.62|12.24|1.99|1.53|0.38|0.45|445.97|173.11|167.98|22.41|
|有友食品|603697.SH|2021-12-17|56.15|16.34|24.87|25.11|3.02|3.02|46.7|20.26|5.14|4.66|0.43|1.76||56.15|54.45|18.87|
|五粮液|000858.SZ|2021-12-16|9451.72|9451.47|47.37|41.57|10.16|10.16|64.3|36.14|16.49|14.64|0.9|1.06|180.34|9451.72|8720.16|32.7|
|新乳业|002946.SZ|2021-12-16|133.73|22.55|49.35|39.13|5.25|5.25|18.59|12.22|1.98|1.53|0.38|0.45|445.11|172.85|167.72|22.38|
|有友食品|603697.SH|2021-12-16|57.7|16.78|25.55|25.8|3.1|3.1|47.99|20.82|5.28|4.79|0.42|1.71||57.7|56|19.41|
|五粮液|000858.SZ|2021-12-15|9463.36|9463.12|47.42|41.62|10.17|10.17|64.38|36.19|16.51|14.66|0.9|1.06|180.57|9463.36|8731.8|32.74|
|新乳业|002946.SZ|2021-12-15|134.43|22.67|49.61|39.33|5.28|5.28|18.68|12.28|1.99|1.54|0.38|0.45|447.42|173.55|168.41|22.47|
|有友食品|603697.SH|2021-12-15|54.24|15.78|24.02|24.26|2.92|2.92|45.11|19.57|4.96|4.5|0.45|1.82||54.24|52.53|18.21|
|五粮液|000858.SZ|2021-12-14|9704.02|9703.77|48.63|42.68|10.43|10.43|66.02|37.11|16.93|15.03|0.88|1.03|185.16|9704.02|8972.46|33.65|
|新乳业|002946.SZ|2021-12-14|140.15|23.63|51.72|41.01|5.51|5.51|19.48|12.8|2.08|1.6|0.37|0.43|466.47|179.27|174.14|23.23|
|有友食品|603697.SH|2021-12-14|55.38|16.11|24.52|24.77|2.98|2.98|46.06|19.98|5.07|4.6|0.44|1.78||55.38|53.68|18.6|
|五粮液|000858.SZ|2021-12-13|9703.24|9702.99|48.63|42.68|10.43|10.43|66.02|37.1|16.93|15.03|0.88|1.03|185.14|9703.24|8971.68|33.64|
|新乳业|002946.SZ|2021-12-13|136.6|23.04|50.41|39.97|5.37|5.37|18.99|12.48|2.02|1.56|0.38|0.44|454.63|175.72|170.58|22.76|
|有友食品|603697.SH|2021-12-13|52.66|15.32|23.32|23.55|2.83|2.83|43.8|19|4.82|4.37|0.46|1.87||52.66|50.96|17.66|
|五粮液|000858.SZ|2021-12-10|9587.57|9587.33|48.05|42.17|10.31|10.31|65.23|36.66|16.73|14.85|0.89|1.04|182.94|9587.57|8856.01|33.21|
|新乳业|002946.SZ|2021-12-10|136.16|22.96|50.25|39.84|5.35|5.35|18.93|12.44|2.02|1.56|0.38|0.45|453.19|175.28|170.15|22.7|
|有友食品|603697.SH|2021-12-10|52.29|15.21|23.16|23.39|2.81|2.81|43.49|18.87|4.79|4.34|0.47|1.89||52.29|50.59|17.53|
|五粮液|000858.SZ|2021-12-09|9742.84|9742.59|48.82|42.85|10.47|10.47|66.29|37.25|17|15.09|0.88|1.03|185.9|9742.84|9011.28|33.79|
|新乳业|002946.SZ|2021-12-09|131.83|22.23|48.65|38.57|5.18|5.18|18.32|12.04|1.95|1.51|0.39|0.46|438.76|170.95|165.81|22.12|
|有友食品|603697.SH|2021-12-09|51.77|15.06|22.92|23.15|2.78|2.78|43.05|18.68|4.74|4.3|0.47|1.9||51.77|50.06|17.35|
|五粮液|000858.SZ|2021-12-08|9471.12|9470.88|47.46|41.66|10.18|10.18|64.44|36.21|16.52|14.67|0.9|1.06|180.71|9471.12|8739.56|32.77|
|新乳业|002946.SZ|2021-12-08|130.44|22|48.13|38.16|5.13|5.13|18.13|11.92|1.93|1.49|0.39|0.47|434.14|169.56|164.42|21.94|
|有友食品|603697.SH|2021-12-08|50.96|14.82|22.57|22.79|2.74|2.74|42.38|18.39|4.66|4.23|0.48|1.93||50.96|49.26|17.07|
|五粮液|000858.SZ|2021-12-07|9082.96|9082.73|45.52|39.95|9.76|9.76|61.8|34.73|15.85|14.07|0.94|1.1|173.31|9082.96|8351.4|31.32|
|新乳业|002946.SZ|2021-12-07|129.4|21.82|47.75|37.86|5.08|5.08|17.99|11.82|1.92|1.48|0.4|0.47|430.67|168.52|163.38|21.8|
|有友食品|603697.SH|2021-12-07|50.47|14.68|22.35|22.57|2.71|2.71|41.97|18.21|4.62|4.19|0.48|1.95||50.47|48.76|16.9|
|五粮液|000858.SZ|2021-12-06|9016.98|9016.74|45.19|39.66|9.69|9.69|61.35|34.48|15.73|13.97|0.95|1.11|172.05|9016.98|8285.42|31.07|
|新乳业|002946.SZ|2021-12-06|127.23|21.46|46.95|37.23|5|5|17.68|11.62|1.89|1.46|0.4|0.48|423.46|166.35|161.21|21.51|
|有友食品|603697.SH|2021-12-06|49.79|14.48|22.05|22.27|2.68|2.68|41.41|17.96|4.56|4.13|0.49|1.98||49.79|48.08|16.67|
|五粮液|000858.SZ|2021-12-03|8906.35|8906.12|44.63|39.17|9.57|9.57|60.59|34.06|15.54|13.8|0.96|1.12|169.94|8906.35|8174.79|30.65|
|新乳业|002946.SZ|2021-12-03|128.36|21.65|47.37|37.55|5.04|5.04|17.84|11.73|1.9|1.47|0.4|0.47|427.21|167.48|162.34|21.66|
|有友食品|603697.SH|2021-12-03|50.53|14.7|22.37|22.6|2.72|2.72|42.02|18.23|4.62|4.19|0.48|1.95||50.53|48.83|16.92|
|五粮液|000858.SZ|2021-12-02|8646.28|8646.06|43.33|38.03|9.3|9.3|58.82|33.06|15.08|13.39|0.99|1.16|164.98|8646.28|7914.72|29.68|
|新乳业|002946.SZ|2021-12-02|127.75|21.54|47.14|37.38|5.02|5.02|17.76|11.67|1.89|1.46|0.4|0.48|425.19|166.87|161.73|21.58|
|有友食品|603697.SH|2021-12-02|49.51|14.4|21.92|22.14|2.66|2.66|41.17|17.86|4.53|4.11|0.49|1.99||49.51|47.81|16.57|
|五粮液|000858.SZ|2021-12-01|8561.27|8561.05|42.9|37.65|9.2|9.2|58.25|32.74|14.94|13.26|1|1.17|163.35|8561.27|7829.71|29.36|
|新乳业|002946.SZ|2021-12-01|128.27|21.63|47.33|37.53|5.04|5.04|17.83|11.72|1.9|1.47|0.4|0.47|426.92|167.39|162.25|21.65|
|有友食品|603697.SH|2021-12-01|50.87|14.8|22.53|22.75|2.73|2.73|42.31|18.35|4.66|4.22|0.48|1.94||50.87|49.17|17.04|
|五粮液|000858.SZ|2021-11-30|8461.91|8461.69|42.41|37.22|9.1|9.1|57.57|32.36|14.76|13.11|1.01|1.18|161.46|8461.91|7730.35|28.99|
|新乳业|002946.SZ|2021-11-30|125.75|21.21|46.41|36.79|4.94|4.94|17.48|11.49|1.86|1.44|0.41|0.48|418.55|164.88|159.74|21.31|
|有友食品|603697.SH|2021-11-30|50.31|14.64|22.28|22.5|2.7|2.7|41.84|18.15|4.6|4.17|0.48|1.96||50.31|48.61|16.85|
|五粮液|000858.SZ|2021-11-29|8723.14|8722.91|43.71|38.37|9.38|9.38|59.35|33.35|15.22|13.51|0.98|1.15|166.44|8723.14|7991.58|29.97|
|新乳业|002946.SZ|2021-11-29|128.01|21.59|47.24|37.45|5.03|5.03|17.79|11.7|1.9|1.46|0.4|0.47|426.05|167.13|161.99|21.61|
|有友食品|603697.SH|2021-11-29|50.16|14.59|22.21|22.43|2.7|2.7|41.71|18.1|4.59|4.16|0.49|1.97||50.16|48.45|16.79|
|五粮液|000858.SZ|2021-11-26|8650.55|8650.33|43.35|38.05|9.3|9.3|58.85|33.08|15.09|13.4|0.99|1.16|165.06|8650.55|7918.99|29.69|
|新乳业|002946.SZ|2021-11-26|128.1|21.6|47.27|37.48|5.03|5.03|17.8|11.7|1.9|1.47|0.4|0.47|426.34|167.22|162.08|21.63|
|有友食品|603697.SH|2021-11-26|50.35|14.69|22.29|22.52|2.71|2.71|41.87|18.17|4.61|4.18|0.48|1.96||50.35|48.64|16.86|
|五粮液|000858.SZ|2021-11-25|8654.05|8653.82|43.37|38.06|9.3|9.3|58.88|33.09|15.1|13.41|0.99|1.16|165.12|8654.05|7922.49|29.71|
|新乳业|002946.SZ|2021-11-25|129.05|21.76|47.62|37.76|5.07|5.07|17.94|11.79|1.91|1.48|0.4|0.47|429.52|168.17|163.03|21.75|
|有友食品|603697.SH|2021-11-25|50.78|14.82|22.49|22.71|2.73|2.73|42.23|18.32|4.65|4.21|0.48|1.94||50.78|49.08|17.01|
|五粮液|000858.SZ|2021-11-24|8711.1|8710.88|43.65|38.31|9.36|9.36|59.27|33.31|15.2|13.5|0.98|1.15|166.21|8711.1|7979.54|29.92|
|新乳业|002946.SZ|2021-11-24|130.61|22.03|48.2|38.21|5.13|5.13|18.15|11.93|1.94|1.49|0.39|0.46|434.71|169.73|164.6|21.96|
|有友食品|603697.SH|2021-11-24|51.27|14.96|22.7|22.93|2.76|2.76|42.64|18.5|4.69|4.25|0.48|1.92||51.27|49.57|17.18|
|五粮液|000858.SZ|2021-11-23|8337.69|8337.48|41.78|36.67|8.96|8.96|56.73|31.88|14.55|12.92|1.02|1.2|159.09|8337.69|7606.13|28.52|
|新乳业|002946.SZ|2021-11-23|129.22|21.79|47.69|37.81|5.08|5.08|17.96|11.81|1.91|1.48|0.4|0.47|430.1|168.34|163.21|21.78|
|有友食品|603697.SH|2021-11-23|51.4|15|22.76|22.99|2.76|2.76|42.74|18.54|4.7|4.26|0.47|1.92||51.4|49.69|17.22|
|五粮液|000858.SZ|2021-11-22|8383.11|8382.89|42.01|36.87|9.01|9.01|57.03|32.05|14.62|12.99|1.02|1.19|159.95|8383.11|7651.55|28.69|
|新乳业|002946.SZ|2021-11-22|129.92|21.91|47.94|38.01|5.11|5.11|18.06|11.87|1.93|1.49|0.39|0.47|432.41|169.04|163.9|21.87|
|有友食品|603697.SH|2021-11-22|51.77|15.1|22.92|23.15|2.78|2.78|43.05|18.68|4.74|4.3|0.47|1.9||51.77|50.06|17.35|
|五粮液|000858.SZ|2021-11-19|8252.3|8252.09|41.35|36.29|8.87|8.87|56.14|31.55|14.4|12.78|1.03|1.21|157.46|8252.3|7520.74|28.2|
|新乳业|002946.SZ|2021-11-19|129.31|21.81|47.72|37.83|5.08|5.08|17.97|11.81|1.92|1.48|0.4|0.47|430.38|168.43|163.29|21.79|
|有友食品|603697.SH|2021-11-19|52.69|15.37|23.33|23.56|2.83|2.83|43.82|19.01|4.82|4.37|0.46|1.87||52.69|50.99|17.67|
|五粮液|000858.SZ|2021-11-18|8097.81|8097.6|40.58|35.62|8.71|8.71|55.09|30.96|14.13|12.55|1.05|1.24|154.51|8097.81|7366.25|27.62|
|新乳业|002946.SZ|2021-11-18|131.65|22.2|48.58|38.52|5.17|5.17|18.3|12.03|1.95|1.51|0.39|0.46|438.18|170.77|165.64|22.1|
|有友食品|603697.SH|2021-11-18|52.72|15.38|23.35|23.58|2.83|2.83|43.85|19.02|4.82|4.37|0.46|1.87||52.72|51.02|17.68|
|五粮液|000858.SZ|2021-11-17|8209.99|8209.78|41.14|36.11|8.83|8.83|55.86|31.39|14.32|12.72|1.04|1.22|156.65|8209.99|7478.43|28.04|
|新乳业|002946.SZ|2021-11-17|135.12|22.79|49.86|39.53|5.31|5.31|18.78|12.35|2|1.55|0.38|0.45|449.72|174.24|169.11|22.56|
|有友食品|603697.SH|2021-11-17|52.38|15.28|23.2|23.43|2.82|2.82|43.56|18.9|4.79|4.35|0.47|1.88||52.38|50.68|17.56|
|五粮液|000858.SZ|2021-11-16|8229.01|8228.8|41.24|36.19|8.85|8.85|55.99|31.47|14.36|12.75|1.04|1.22|157.01|8229.01|7497.45|28.11|
|新乳业|002946.SZ|2021-11-16|134.08|22.61|49.48|39.23|5.27|5.27|18.64|12.25|1.99|1.53|0.38|0.45|446.26|173.2|168.06|22.42|
|有友食品|603697.SH|2021-11-16|52.38|15.28|23.2|23.43|2.82|2.82|43.56|18.9|4.79|4.35|0.47|1.88||52.38|50.68|17.56|
|五粮液|000858.SZ|2021-11-15|7945.65|7945.45|39.82|34.95|8.54|8.54|54.06|30.38|13.86|12.31|1.07|1.26|151.61|7945.65|7214.09|27.05|
|新乳业|002946.SZ|2021-11-15|134.86|22.74|49.77|39.46|5.3|5.3|18.75|12.32|2|1.54|0.38|0.45|448.86|173.98|168.85|22.53|
|有友食品|603697.SH|2021-11-15|52.94|15.45|23.44|23.67|2.85|2.85|44.02|19.1|4.84|4.39|0.46|1.86||52.94|51.23|17.76|
|五粮液|000858.SZ|2021-11-12|7912.66|7912.45|39.65|34.8|8.51|8.51|53.83|30.26|13.8|12.26|1.08|1.27|150.98|7912.66|7181.1|26.93|
|新乳业|002946.SZ|2021-11-12|131.48|22.17|48.52|38.47|5.17|5.17|18.27|12.01|1.95|1.5|0.39|0.46|437.6|170.6|165.46|22.08|
|有友食品|603697.SH|2021-11-12|50.44|14.72|22.34|22.56|2.71|2.71|41.95|18.2|4.62|4.19|0.48|1.95||50.44|48.74|16.89|
|五粮液|000858.SZ|2021-11-11|8015.91|8015.7|40.17|35.26|8.62|8.62|54.54|30.65|13.98|12.42|1.07|1.25|152.95|8015.91|7284.35|27.32|
|新乳业|002946.SZ|2021-11-11|133.3|22.48|49.19|39|5.24|5.24|18.53|12.18|1.98|1.52|0.38|0.46|443.66|172.42|167.28|22.32|
|有友食品|603697.SH|2021-11-11|50.69|14.79|22.44|22.67|2.72|2.72|42.15|18.29|4.64|4.21|0.48|1.95||50.69|48.98|16.98|
|五粮液|000858.SZ|2021-11-10|7984.47|7984.26|40.01|35.12|8.58|8.58|54.32|30.53|13.93|12.37|1.07|1.25|152.35|7984.47|7252.91|27.2|
|新乳业|002946.SZ|2021-11-10|132.69|22.38|48.97|38.82|5.21|5.21|18.44|12.12|1.97|1.52|0.39|0.46|441.64|171.81|166.68|22.24|
|有友食品|603697.SH|2021-11-10|51.86|15.13|22.96|23.19|2.79|2.79|43.13|18.71|4.75|4.3|0.47|1.9||51.86|50.15|17.38|
|五粮液|000858.SZ|2021-11-09|8103.63|8103.42|40.61|35.64|8.71|8.71|55.13|30.99|14.14|12.55|1.05|1.24|154.62|8103.63|7372.07|27.64|
|新乳业|002946.SZ|2021-11-09|136.34|22.99|50.31|39.89|5.36|5.36|18.95|12.46|2.02|1.56|0.38|0.45|453.77|175.46|170.32|22.73|
|有友食品|603697.SH|2021-11-09|52.01|15.18|23.03|23.26|2.8|2.8|43.26|18.77|4.76|4.32|0.47|1.9||52.01|50.31|17.44|
|五粮液|000858.SZ|2021-11-08|8189.8|8189.59|41.04|36.02|8.8|8.8|55.72|31.32|14.29|12.69|1.04|1.22|156.27|8189.8|7458.24|27.97|
|新乳业|002946.SZ|2021-11-08|138.94|23.43|51.27|40.65|5.46|5.46|19.31|12.69|2.06|1.59|0.37|0.44|462.43|178.06|172.92|23.07|
|有友食品|603697.SH|2021-11-08|51.83|15.12|22.95|23.18|2.79|2.79|43.1|18.7|4.74|4.3|0.47|1.9||51.83|50.12|17.37|
|五粮液|000858.SZ|2021-11-05|8163.41|8163.2|40.91|35.9|8.78|8.78|55.54|31.21|14.24|12.65|1.05|1.23|155.76|8163.41|7431.85|27.87|
|新乳业|002946.SZ|2021-11-05|141.37|23.84|52.17|41.36|5.55|5.55|19.65|12.92|2.09|1.62|0.36|0.43|470.51|180.49|175.35|23.4|
|有友食品|603697.SH|2021-11-05|53.09|15.49|23.51|23.74|2.85|2.85|44.15|19.16|4.86|4.41|0.46|1.86||53.09|51.39|17.81|
|五粮液|000858.SZ|2021-11-04|8027.94|8027.74|40.23|35.31|8.63|8.63|54.62|30.7|14.01|12.44|1.06|1.25|153.18|8027.94|7296.38|27.36|
|新乳业|002946.SZ|2021-11-04|142.93|24.1|52.74|41.82|5.62|5.62|19.87|13.06|2.12|1.64|0.36|0.42|475.7|182.05|176.91|23.6|
|有友食品|603697.SH|2021-11-04|54.14|15.8|23.97|24.21|2.91|2.91|45.02|19.53|4.95|4.49|0.45|1.82||54.14|52.43|18.17|
|五粮液|000858.SZ|2021-11-03|7729.45|7729.25|38.73|34|8.31|8.31|52.59|29.55|13.48|11.97|1.1|1.3|147.48|7729.45|6997.89|26.24|
|新乳业|002946.SZ|2021-11-03|139.89|23.59|51.62|40.93|5.5|5.5|19.44|12.78|2.07|1.6|0.37|0.43|465.6|179.01|173.88|23.2|
|有友食品|603697.SH|2021-11-03|50.93|14.86|22.55|22.78|2.74|2.74|42.36|18.38|4.66|4.23|0.48|1.94||50.93|49.23|17.06|
|五粮液|000858.SZ|2021-11-02|7814.45|7814.25|39.16|34.37|8.4|8.4|53.17|29.88|13.63|12.11|1.09|1.28|149.1|7814.45|7082.89|26.56|
|新乳业|002946.SZ|2021-11-02|139.46|23.52|51.46|40.8|5.48|5.48|19.38|12.74|2.07|1.6|0.37|0.44|464.16|178.58|173.44|23.14|
|有友食品|603697.SH|2021-11-02|50.19|14.65|22.23|22.45|2.7|2.7|41.74|18.11|4.59|4.17|0.49|1.96||50.19|48.49|16.81|
|五粮液|000858.SZ|2021-11-01|7954.97|7954.76|39.86|34.99|8.55|8.55|54.12|30.42|13.88|12.32|1.07|1.26|151.79|7954.97|7223.41|27.09|
|新乳业|002946.SZ|2021-11-01|140.93|23.77|52.01|41.23|5.54|5.54|19.59|12.88|2.09|1.61|0.36|0.43|469.06|180.05|174.92|23.34|
|有友食品|603697.SH|2021-11-01|49.89|14.56|22.09|22.31|2.68|2.68|41.49|18|4.57|4.14|0.49|1.98||49.89|48.18|16.7|
|五粮液|000858.SZ|2021-10-29|8404.07|8403.85|42.12|37.69|9.45|9.45|57.18|37.79|14.66|13.28|1.02|1.19|159.75|8404.07|7637.59|28.64|
|新乳业|002946.SZ|2021-10-29|137.9|23.25|50.89|40.35|5.42|5.42|19.17|12.6|2.04|1.58|0.37|0.44|458.96|177.02|171.88|22.93|
|有友食品|603697.SH|2021-10-29|48.53|14.16|21.49|21.7|2.61|2.61|40.36|17.51|4.44|4.03|0.5|2.03||48.53|46.83|16.23|
|五粮液|000858.SZ|2021-10-28|8356.71|8356.5|41.88|37.47|9.4|9.4|56.85|37.58|14.58|13.2|1.02|1.2|158.85|8356.71|7590.23|28.46|
|新乳业|002946.SZ|2021-10-28|125.32|21.13|46.25|36.67|4.92|4.92|17.42|11.45|1.86|1.43|0.41|0.48|417.11|164.44|159.31|21.26|
|有友食品|603697.SH|2021-10-28|47.2|13.77|20.9|21.11|2.54|2.54|39.26|17.03|4.32|3.92|0.52|2.09||47.2|45.5|15.77|
|五粮液|000858.SZ|2021-10-27|8384.27|8384.06|42.02|37.6|9.43|9.43|57.04|37.7|14.63|13.24|1.02|1.19|159.37|8384.27|7617.79|28.57|
|新乳业|002946.SZ|2021-10-27|126.01|21.25|46.5|36.87|4.95|4.95|17.52|11.51|1.87|1.44|0.41|0.48|419.42|165.14|160|21.35|
|有友食品|603697.SH|2021-10-27|50.9|14.85|22.54|22.5|2.82|2.82|42.33|19.19|4.66|4.42|0.48|1.94||50.9|49.38|17.11|
|五粮液|000858.SZ|2021-10-26|8565.16|8564.94|42.92|38.41|9.64|9.64|58.27|38.52|14.94|13.53|1|1.17|162.81|8565.16|7798.67|29.24|
|新乳业|002946.SZ|2021-10-26|139.54|23.53|51.5|40.99|5.47|5.47|19.4|12.28|2.07|1.64|0.37|0.44|400.88|177.91|173.12|23.1|
|有友食品|603697.SH|2021-10-26|51.7|15.09|22.89|22.85|2.87|2.87|43|19.5|4.73|4.49|0.47|1.91||51.7|50.18|17.39|
|五粮液|000858.SZ|2021-10-25|8553.51|8553.29|42.86|38.36|9.62|9.62|58.19|38.46|14.92|13.51|1|1.17|162.59|8553.51|7787.03|29.2|
|新乳业|002946.SZ|2021-10-25|138.94|23.43|51.27|40.81|5.45|5.45|19.31|12.23|2.06|1.63|0.37|0.44|399.14|177.3|172.51|23.02|
|有友食品|603697.SH|2021-10-25|51.98|15.17|23.02|22.98|2.88|2.88|43.23|19.6|4.76|4.51|0.47|1.9||51.98|50.45|17.49|
|五粮液|000858.SZ|2021-10-22|8734.78|8734.56|43.77|39.17|9.83|9.83|59.43|39.28|15.24|13.8|0.98|1.15|166.04|8734.78|7968.3|29.88|
|新乳业|002946.SZ|2021-10-22|143.36|24.18|52.9|42.11|5.62|5.62|19.93|12.62|2.12|1.68|0.36|0.42|411.85|181.72|176.94|23.61|
|有友食品|603697.SH|2021-10-22|51.86|15.13|22.96|22.92|2.87|2.87|43.13|19.55|4.75|4.5|0.47|1.9||51.86|50.33|17.44|
|五粮液|000858.SZ|2021-10-21|8577.97|8577.74|42.99|38.47|9.65|9.65|58.36|38.57|14.96|13.55|1|1.17|163.06|8577.97|7811.48|29.29|
|新乳业|002946.SZ|2021-10-21|133.91|22.58|49.41|39.33|5.25|5.25|18.61|11.78|1.98|1.57|0.38|0.45|384.69|172.27|167.48|22.35|
|有友食品|603697.SH|2021-10-21|51.58|15.05|22.84|22.8|2.86|2.86|42.9|19.45|4.72|4.48|0.47|1.91||51.58|50.05|17.35|
|五粮液|000858.SZ|2021-10-20|8537.21|8536.99|42.78|38.28|9.6|9.6|58.08|38.39|14.89|13.49|1|1.17|162.28|8537.21|7770.73|29.14|
|新乳业|002946.SZ|2021-10-20|133.91|22.58|49.41|39.33|5.25|5.25|18.61|11.78|1.98|1.57|0.38|0.45|384.69|172.27|167.48|22.35|
|有友食品|603697.SH|2021-10-20|51.86|15.13|22.96|22.92|2.87|2.87|43.13|19.55|4.75|4.5|0.47|1.9||51.86|50.33|17.44|
|五粮液|000858.SZ|2021-10-19|8499.56|8499.34|42.59|38.12|9.56|9.56|57.83|38.22|14.83|13.43|1|1.18|161.57|8499.56|7733.07|29|
|新乳业|002946.SZ|2021-10-19|136.51|23.02|50.38|40.1|5.35|5.35|18.97|12.01|2.02|1.6|0.38|0.44|392.16|174.87|170.09|22.69|
|有友食品|603697.SH|2021-10-19|52.38|15.28|23.2|23.15|2.9|2.9|43.56|19.75|4.79|4.55|0.47|1.88||52.38|50.85|17.63|
|五粮液|000858.SZ|2021-10-18|8357.88|8357.66|41.88|37.48|9.4|9.4|56.86|37.58|14.58|13.2|1.02|1.2|158.87|8357.88|7591.4|28.47|
|新乳业|002946.SZ|2021-10-18|134.69|22.71|49.7|39.56|5.28|5.28|18.72|11.85|2|1.58|0.38|0.45|386.93|173.05|168.26|22.45|
|有友食品|603697.SH|2021-10-18|52.13|15.21|23.09|23.04|2.89|2.89|43.36|19.66|4.77|4.53|0.47|1.89||52.13|50.61|17.54|
|五粮液|000858.SZ|2021-10-15|9095.38|9095.15|45.58|40.79|10.23|10.23|61.88|40.9|15.87|14.37|0.94|1.1|172.89|9095.38|8328.9|31.23|
|新乳业|002946.SZ|2021-10-15|135.9|22.92|50.15|39.92|5.33|5.33|18.89|11.96|2.01|1.6|0.38|0.45|390.42|174.27|169.48|22.61|
|有友食品|603697.SH|2021-10-15|53|15.46|23.47|23.42|2.94|2.94|44.08|19.98|4.85|4.6|0.46|1.86||53|51.47|17.84|
|五粮液|000858.SZ|2021-10-14|9315.86|9315.62|46.68|41.78|10.48|10.48|63.38|41.89|16.25|14.72|0.92|1.07|177.08|9315.86|8549.38|32.06|
|新乳业|002946.SZ|2021-10-14|141.63|23.88|52.26|41.6|5.55|5.55|19.69|12.46|2.1|1.66|0.36|0.43|406.86|179.99|175.2|23.38|
|有友食品|603697.SH|2021-10-14|53.68|15.66|23.77|23.72|2.97|2.97|44.64|20.24|4.91|4.66|0.45|1.84||53.68|52.15|18.07|
|五粮液|000858.SZ|2021-10-13|9296.06|9295.82|46.59|41.69|10.46|10.46|63.25|41.8|16.22|14.68|0.92|1.08|176.71|9296.06|8529.58|31.98|
|新乳业|002946.SZ|2021-10-13|140.84|23.75|51.98|41.37|5.52|5.52|19.58|12.39|2.09|1.66|0.36|0.43|404.62|179.21|174.42|23.27|
|有友食品|603697.SH|2021-10-13|54.11|15.79|23.96|23.91|3|3|45|20.4|4.95|4.7|0.45|1.82||54.11|52.58|18.22|
|五粮液|000858.SZ|2021-10-12|8902.08|8901.85|44.61|39.92|10.01|10.01|60.57|40.03|15.53|14.06|0.96|1.12|169.22|8902.08|8135.6|30.51|
|新乳业|002946.SZ|2021-10-12|141.02|23.78|52.04|41.42|5.53|5.53|19.6|12.41|2.09|1.66|0.36|0.43|405.12|179.38|174.6|23.3|
|有友食品|603697.SH|2021-10-12|53.43|15.59|23.66|23.62|2.96|2.96|44.43|20.15|4.89|4.64|0.46|1.85||53.43|51.9|17.99|
|五粮液|000858.SZ|2021-10-11|8842.3|8842.08|44.31|39.65|9.95|9.95|60.16|39.76|15.43|13.97|0.97|1.13|168.08|8842.3|8075.82|30.28|
|新乳业|002946.SZ|2021-10-11|141.28|23.82|52.14|41.5|5.54|5.54|19.64|12.43|2.09|1.66|0.36|0.43|405.87|179.64|174.86|23.33|
|有友食品|603697.SH|2021-10-11|53.12|15.5|23.52|23.48|2.94|2.94|44.18|20.03|4.86|4.61|0.46|1.86||53.12|51.59|17.88|
|五粮液|000858.SZ|2021-10-08|8858.61|8858.38|44.39|39.73|9.97|9.97|60.27|39.84|15.45|13.99|0.96|1.13|168.39|8858.61|8092.12|30.34|
|新乳业|002946.SZ|2021-10-08|137.2|23.14|50.63|40.3|5.38|5.38|19.07|12.07|2.03|1.61|0.37|0.44|394.16|175.57|170.78|22.79|
|有友食品|603697.SH|2021-10-08|52.97|15.45|23.45|23.41|2.94|2.94|44.05|19.97|4.85|4.6|0.46|1.86||52.97|51.44|17.83|
|五粮液|000858.SZ|2021-09-30|8515.86|8515.64|42.68|38.19|9.58|9.58|57.94|38.29|14.86|13.45|1|1.18|161.88|8515.86|7749.38|29.06|
|新乳业|002946.SZ|2021-09-30|132.69|22.38|48.97|38.98|5.2|5.2|18.44|11.68|1.97|1.56|0.39|0.46|381.2|171.06|166.27|22.18|
|有友食品|603697.SH|2021-09-30|51.77|15.1|22.92|22.88|2.87|2.87|43.05|19.52|4.74|4.49|0.47|1.9||51.77|50.24|17.41|
|五粮液|000858.SZ|2021-09-29|8488.3|8488.08|42.54|38.06|9.55|9.55|57.75|38.17|14.81|13.41|1.01|1.18|161.35|8488.3|7721.82|28.96|
|新乳业|002946.SZ|2021-09-29|133.13|22.45|49.13|39.1|5.22|5.22|18.5|11.72|1.97|1.56|0.38|0.46|382.45|171.49|166.7|22.24|
|有友食品|603697.SH|2021-09-29|51.55|15.04|22.83|22.78|2.86|2.86|42.87|19.44|4.72|4.47|0.47|1.91||51.55|50.02|17.34|
|五粮液|000858.SZ|2021-09-28|8420.76|8420.54|42.2|37.76|9.47|9.47|57.29|37.87|14.69|13.3|1.01|1.19|160.07|8420.76|7654.28|28.7|
|新乳业|002946.SZ|2021-09-28|132.61|22.36|48.93|38.95|5.2|5.2|18.43|11.67|1.96|1.56|0.39|0.46|380.95|170.97|166.18|22.17|
|有友食品|603697.SH|2021-09-28|52.01|15.18|23.03|22.99|2.88|2.88|43.26|19.61|4.76|4.51|0.47|1.9||52.01|50.48|17.5|
|五粮液|000858.SZ|2021-09-27|8561.66|8561.44|42.91|38.39|9.63|9.63|58.25|38.5|14.94|13.52|1|1.17|162.75|8561.66|7795.18|29.23|
|新乳业|002946.SZ|2021-09-27|137.38|23.17|50.7|40.35|5.39|5.39|19.09|12.09|2.04|1.61|0.37|0.44|394.65|175.74|170.95|22.81|
|有友食品|603697.SH|2021-09-27|53.61|15.64|23.74|23.7|2.97|2.97|44.59|20.22|4.91|4.65|0.45|1.84||53.61|52.09|18.05|
|五粮液|000858.SZ|2021-09-24|7783.4|7783.2|39.01|34.9|8.76|8.76|52.95|35|13.58|12.3|1.1|1.29|147.95|7783.4|7016.92|26.31|
|新乳业|002946.SZ|2021-09-24|132.78|22.39|49|39|5.21|5.21|18.46|11.68|1.97|1.56|0.39|0.46|381.45|171.14|166.36|22.2|
|有友食品|603697.SH|2021-09-24|52.63|15.36|23.3|23.26|2.92|2.92|43.77|19.84|4.82|4.57|0.46|1.87||52.63|51.1|17.71|
|五粮液|000858.SZ|2021-09-23|7546.62|7546.43|37.82|33.84|8.49|8.49|51.34|33.94|13.17|11.92|1.13|1.33|143.45|7546.62|6780.14|25.42|
|新乳业|002946.SZ|2021-09-23|124.8|21.05|46.05|36.66|4.89|4.89|17.35|10.98|1.85|1.47|0.41|0.49|358.53|163.16|158.38|21.13|
|有友食品|603697.SH|2021-09-23|51.33|14.98|22.73|22.69|2.84|2.84|42.69|19.36|4.7|4.46|0.47|1.92||51.33|49.81|17.26|
|五粮液|000858.SZ|2021-09-22|7527.6|7527.41|37.72|33.76|8.47|8.47|51.21|33.85|13.13|11.89|1.13|1.33|143.09|7527.6|6761.12|25.35|
|新乳业|002946.SZ|2021-09-22|122.46|20.65|45.19|35.97|4.8|4.8|17.02|10.78|1.81|1.44|0.42|0.5|351.8|160.82|156.04|20.82|
|有友食品|603697.SH|2021-09-22|51.06|14.9|22.61|22.57|2.83|2.83|42.46|19.25|4.67|4.43|0.48|1.93||51.06|49.53|17.17|
|五粮液|000858.SZ|2021-09-17|7838.91|7838.71|39.28|35.15|8.82|8.82|53.33|35.25|13.68|12.38|1.09|1.28|149.01|7838.91|7072.43|26.52|
|新乳业|002946.SZ|2021-09-17|123.67|20.86|45.64|36.33|4.85|4.85|17.19|10.88|1.83|1.45|0.41|0.49|355.29|162.04|157.25|20.98|
|有友食品|603697.SH|2021-09-17|51.83|15.12|22.95|22.91|2.87|2.87|43.1|19.54|4.74|4.5|0.47|1.9||51.83|50.3|17.43|
|五粮液|000858.SZ|2021-09-16|7646.77|7646.57|38.32|34.29|8.6|8.6|52.02|34.39|13.34|12.08|1.12|1.31|145.36|7646.77|6880.29|25.8|
|新乳业|002946.SZ|2021-09-16|122.72|20.69|45.29|36.05|4.81|4.81|17.06|10.8|1.82|1.44|0.42|0.49|352.55|161.08|156.3|20.85|
|有友食品|603697.SH|2021-09-16|51.86|15.13|22.96|22.92|2.87|2.87|43.13|19.55|4.75|4.5|0.47|1.9||51.86|50.33|17.44|
|五粮液|000858.SZ|2021-09-15|7704.99|7704.79|38.61|34.55|8.67|8.67|52.42|34.65|13.44|12.17|1.11|1.3|146.46|7704.99|6938.51|26.02|
|新乳业|002946.SZ|2021-09-15|125.49|21.16|46.31|36.86|4.92|4.92|17.44|11.04|1.86|1.47|0.41|0.48|360.52|163.86|159.07|21.22|
|有友食品|603697.SH|2021-09-15|52.2|15.23|23.11|23.07|2.89|2.89|43.41|19.68|4.78|4.53|0.47|1.89||52.2|50.67|17.56|
|五粮液|000858.SZ|2021-09-14|7985.63|7985.43|40.02|35.81|8.98|8.98|54.33|35.91|13.93|12.61|1.07|1.25|151.8|7985.63|7219.15|27.07|
|新乳业|002946.SZ|2021-09-14|124.97|21.08|46.12|36.71|4.9|4.9|17.37|11|1.85|1.47|0.41|0.49|359.03|163.34|158.55|21.15|
|有友食品|603697.SH|2021-09-14|53|15.46|23.47|23.42|2.94|2.94|44.08|19.98|4.85|4.6|0.46|1.86||53|51.47|17.84|
|五粮液|000858.SZ|2021-09-13|8065.59|8065.39|40.42|36.17|9.07|9.07|54.87|36.27|14.07|12.74|1.06|1.24|153.32|8065.59|7299.11|27.37|
|新乳业|002946.SZ|2021-09-13|128.36|21.65|47.37|37.7|5.03|5.03|17.84|11.3|1.9|1.51|0.4|0.47|368.74|166.72|161.93|21.61|
|有友食品|603697.SH|2021-09-13|51.4|15|22.76|22.72|2.85|2.85|42.74|19.38|4.7|4.46|0.47|1.92||51.4|49.87|17.28|
|五粮液|000858.SZ|2021-09-10|8295|8294.78|41.57|37.2|9.33|9.33|56.44|37.3|14.47|13.1|1.03|1.21|157.68|8295|7528.51|28.23|
|新乳业|002946.SZ|2021-09-10|129.22|21.79|47.69|37.96|5.07|5.07|17.96|11.37|1.91|1.52|0.4|0.47|371.23|167.59|162.8|21.72|
|有友食品|603697.SH|2021-09-10|51.77|15.1|22.92|22.88|2.87|2.87|43.05|19.52|4.74|4.49|0.47|1.9||51.77|50.24|17.41|
|五粮液|000858.SZ|2021-09-09|8047.74|8047.53|40.33|36.09|9.05|9.05|54.75|36.19|14.04|12.71|1.06|1.24|152.98|8047.74|7281.26|27.3|
|新乳业|002946.SZ|2021-09-09|128.88|21.73|47.56|37.86|5.05|5.05|17.91|11.34|1.91|1.51|0.4|0.47|370.24|167.24|162.45|21.68|
|有友食品|603697.SH|2021-09-09|52.6|15.35|23.29|23.25|2.91|2.91|43.74|19.83|4.81|4.57|0.46|1.87||52.6|51.07|17.7|
|五粮液|000858.SZ|2021-09-08|8062.88|8062.67|40.41|36.16|9.07|9.07|54.86|36.26|14.07|12.74|1.06|1.24|153.27|8062.88|7296.39|27.36|
|新乳业|002946.SZ|2021-09-08|132.35|22.32|48.84|38.88|5.19|5.19|18.4|11.65|1.96|1.56|0.39|0.46|380.2|170.71|165.92|22.14|
|有友食品|603697.SH|2021-09-08|52.94|15.45|23.44|23.4|2.93|2.93|44.02|19.96|4.84|4.6|0.46|1.86||52.94|51.41|17.82|
|五粮液|000858.SZ|2021-09-07|8227.84|8227.63|41.23|36.9|9.26|9.26|55.98|37|14.35|13|1.04|1.22|156.4|8227.84|7461.36|27.98|
|新乳业|002946.SZ|2021-09-07|128.88|21.73|47.56|37.86|5.05|5.05|17.91|11.34|1.91|1.51|0.4|0.47|370.24|167.24|162.45|21.68|
|有友食品|603697.SH|2021-09-07|52.75|15.39|23.36|23.32|2.92|2.92|43.87|19.89|4.83|4.58|0.46|1.87||52.75|51.22|17.75|
|五粮液|000858.SZ|2021-09-06|8208.05|8207.84|41.13|36.81|9.23|9.23|55.84|36.91|14.32|12.97|1.04|1.22|156.03|8208.05|7441.57|27.9|
|新乳业|002946.SZ|2021-09-06|129.48|21.84|47.78|38.03|5.08|5.08|18|11.39|1.92|1.52|0.4|0.47|371.98|167.85|163.06|21.76|
|有友食品|603697.SH|2021-09-06|52.84|15.42|23.4|23.36|2.93|2.93|43.95|19.93|4.84|4.59|0.46|1.87||52.84|51.32|17.79|
|五粮液|000858.SZ|2021-09-03|7991.84|7991.64|40.05|35.84|8.99|8.99|54.37|35.94|13.94|12.62|1.07|1.25|151.92|7991.84|7225.36|27.09|
|新乳业|002946.SZ|2021-09-03|128.62|21.69|47.46|37.78|5.04|5.04|17.88|11.32|1.91|1.51|0.4|0.47|369.49|166.98|162.19|21.64|
|有友食品|603697.SH|2021-09-03|53.03|15.47|23.48|23.44|2.94|2.94|44.1|20|4.85|4.6|0.46|1.86||53.03|51.5|17.85|
|五粮液|000858.SZ|2021-09-02|7810.96|7810.76|39.14|35.03|8.79|8.79|53.14|35.12|13.63|12.34|1.09|1.28|148.48|7810.96|7044.48|26.42|
|新乳业|002946.SZ|2021-09-02|125.75|21.21|46.41|36.94|4.93|4.93|17.48|11.07|1.86|1.48|0.41|0.48|361.27|164.12|159.33|21.26|
|有友食品|603697.SH|2021-09-02|52.17|15.22|23.1|23.06|2.89|2.89|43.38|19.67|4.77|4.53|0.47|1.89||52.17|50.64|17.55|
|五粮液|000858.SZ|2021-09-01|8062.49|8062.28|40.4|36.16|9.07|9.07|54.85|36.26|14.07|12.74|1.06|1.24|153.26|8062.49|7296.01|27.36|
|新乳业|002946.SZ|2021-09-01|127.06|21.43|46.89|37.32|4.98|4.98|17.66|11.18|1.88|1.49|0.4|0.48|365.01|165.42|160.63|21.43|
|有友食品|603697.SH|2021-09-01|51.92|15.15|22.99|22.95|2.88|2.88|43.18|19.58|4.75|4.51|0.47|1.9||51.92|50.39|17.47|
|五粮液|000858.SZ|2021-08-31|7828.82|7828.61|39.23|35.11|8.81|8.81|53.26|35.21|13.66|12.37|1.09|1.28|148.82|7828.82|7062.33|26.48|
|新乳业|002946.SZ|2021-08-31|123.93|20.9|45.73|36.4|4.86|4.86|17.23|10.91|1.84|1.46|0.41|0.49|356.04|162.3|157.51|21.02|
|有友食品|603697.SH|2021-08-31|51.8|15.11|22.94|22.89|2.87|2.87|43.08|19.53|4.74|4.5|0.47|1.9||51.8|50.27|17.42|
|五粮液|000858.SZ|2021-08-30|8034.93|8034.72|40.27|36.03|9.04|9.04|54.67|36.13|14.02|12.69|1.06|1.25|152.73|8034.93|7268.45|27.26|
|新乳业|002946.SZ|2021-08-30|120.9|20.39|44.61|35.51|4.74|4.74|16.8|10.64|1.79|1.42|0.42|0.5|347.32|159.26|154.47|20.61|
|有友食品|603697.SH|2021-08-30|52.69|15.37|23.33|23.29|2.92|2.92|43.82|19.87|4.82|4.57|0.46|1.87||52.69|51.16|17.73|
|五粮液|000858.SZ|2021-08-27|7983.69|7983.33|40.01|37.01|8.4|9.39|54.32|37.3|13.93|13|1.07|1.25|153.85|7983.69|7249.89|27.19|
|新乳业|002946.SZ|2021-08-27|122.11|20.86|45.06|37.38|4.77|4.89|16.97|11.63|1.81|1.58|0.42|0.5||161.56|155.8|20.79|
|有友食品|603697.SH|2021-08-27|52.26|15.25|23.14|23.1|2.9|2.9|43.46|19.71|4.78|4.54|0.47|1.89||52.26|50.73|17.58|
|五粮液|000858.SZ|2021-08-26|8041.53|8041.17|40.3|37.27|8.46|9.46|54.71|37.57|14.03|13.1|1.06|1.25|154.97|8041.53|7307.73|27.4|
|新乳业|002946.SZ|2021-08-26|119.94|20.49|44.26|36.72|4.69|4.8|16.67|11.42|1.78|1.56|0.43|0.51||159.39|153.63|20.5|
|有友食品|603697.SH|2021-08-26|52.26|15.25|23.14|23.1|2.9|2.9|43.46|19.71|4.78|4.54|0.47|1.89||52.26|50.73|17.58|
|五粮液|000858.SZ|2021-08-25|8442.5|8442.12|42.31|39.13|8.88|9.93|57.44|39.44|14.73|13.75|1.01|1.19|162.7|8442.5|7708.7|28.91|
|新乳业|002946.SZ|2021-08-25|123.24|21.05|45.48|37.73|4.82|4.93|17.13|11.74|1.83|1.6|0.42|0.49||162.69|156.92|20.94|
|有友食品|603697.SH|2021-08-25|52.91|15.44|23.43|23.38|2.93|2.93|44|19.95|4.84|4.59|0.46|1.86||52.91|51.38|17.81|
|五粮液|000858.SZ|2021-08-24|8151.38|8151.01|40.85|37.78|8.58|9.59|55.46|38.08|14.22|13.27|1.05|1.23|157.09|8151.38|7417.58|27.81|
|新乳业|002946.SZ|2021-08-24|121.94|20.83|45|37.33|4.77|4.88|16.95|11.61|1.81|1.58|0.42|0.5||161.39|155.62|20.76|
|有友食品|603697.SH|2021-08-24|53.31|15.55|23.6|23.56|2.95|2.95|44.33|20.1|4.88|4.63|0.46|1.85||53.31|51.78|17.95|
|五粮液|000858.SZ|2021-08-23|7997.67|7997.3|40.08|37.07|8.42|9.41|54.41|37.36|13.95|13.02|1.07|1.25|154.12|7997.67|7263.87|27.24|
|新乳业|002946.SZ|2021-08-23|120.38|20.56|44.42|36.85|4.71|4.82|16.73|11.47|1.78|1.56|0.43|0.5||159.83|154.06|20.56|
|有友食品|603697.SH|2021-08-23|53.24|15.54|23.58|23.53|2.95|2.95|44.28|20.08|4.87|4.62|0.46|1.85||53.24|51.72|17.92|
|五粮液|000858.SZ|2021-08-20|8010.86|8010.5|40.15|37.13|8.43|9.42|54.5|37.42|13.98|13.05|1.07|1.25|154.38|8010.86|7277.07|27.29|
|新乳业|002946.SZ|2021-08-20|121.07|20.68|44.68|37.06|4.73|4.85|16.83|11.53|1.79|1.57|0.42|0.5||160.52|154.76|20.65|
|有友食品|603697.SH|2021-08-20|54.72|15.97|24.23|24.19|3.03|3.03|45.51|20.63|5.01|4.75|0.45|1.8||54.72|53.2|18.44|
|五粮液|000858.SZ|2021-08-19|8642.4|8642.01|43.31|40.06|9.09|10.17|58.8|40.37|15.08|14.07|0.99|1.16|166.55|8642.4|7908.6|29.66|
|新乳业|002946.SZ|2021-08-19|116.39|19.88|42.95|35.63|4.55|4.66|16.18|11.09|1.72|1.51|0.44|0.52||155.84|150.07|20.02|
|有友食品|603697.SH|2021-08-19|53.71|15.67|23.78|23.74|2.98|2.98|44.67|20.25|4.92|4.66|0.45|1.84||53.71|52.18|18.08|
|五粮液|000858.SZ|2021-08-18|8888.88|8888.48|44.55|41.2|9.35|10.46|60.48|41.53|15.51|14.48|0.96|1.13|171.3|8888.88|8155.09|30.58|
|新乳业|002946.SZ|2021-08-18|117.78|20.12|43.46|36.06|4.6|4.72|16.37|11.22|1.75|1.53|0.43|0.52||157.23|151.46|20.21|
|有友食品|603697.SH|2021-08-18|54.26|15.83|24.03|23.98|3.01|3.01|45.13|20.46|4.97|4.71|0.45|1.82||54.26|52.73|18.28|
|五粮液|000858.SZ|2021-08-17|8925.76|8925.36|44.73|41.37|9.39|10.5|60.73|41.7|15.57|14.54|0.96|1.12|172.01|8925.76|8191.96|30.72|
|新乳业|002946.SZ|2021-08-17|118.56|20.25|43.75|36.29|4.63|4.75|16.48|11.29|1.76|1.54|0.43|0.51||158.01|152.24|20.31|
|有友食品|603697.SH|2021-08-17|57.03|16.64|25.26|23.3|3.12|3.3|47.43|47.3|5.22|4.9|0.43|1.73||57.03|52.21|18.09|
|五粮液|000858.SZ|2021-08-16|9343.03|9342.61|46.82|43.31|9.83|10.99|63.57|43.65|16.3|15.21|0.91|1.07|180.05|9343.03|8609.23|32.28|
|新乳业|002946.SZ|2021-08-16|122.89|20.99|45.35|37.62|4.8|4.92|17.08|11.71|1.82|1.59|0.42|0.49||162.34|156.58|20.89|
|有友食品|603697.SH|2021-08-16|58.11|16.96|25.73|23.74|3.18|3.36|48.33|48.19|5.32|4.99|0.42|1.7||58.11|53.28|18.47|",2026-08-15T21:37:59.918880+08:00
